original_path,processed_path,action,reason,dataset,crop,class
C:\Users\Prathach Raj P\.gemini\antigravity\scratch\krishi-marga\dataset_research\KRISHI_MARGA_DATASETS\02_Cash_Industrial\Sugarcane\raw\DS_SUGAR_02\test\images\S_BLB-20-_JPG.rf.ec961aead5c6b9fac8432c12840a928e.jpg,C:\Users\Prathach Raj P\.gemini\antigravity\scratch\krishi-marga\dataset_research\KRISHI_MARGA_DATASETS\02_Cash_Industrial\Sugarcane\processed\images\Bacterial_Blight\DS_SUGAR_02_Bacterial_Blight_S_BLB-20-_JPG.rf.ec961aead5c6b9fac8432c12840a928e.jpg,KEPT,Valid image passing all automated filters,DS_SUGAR_02,Sugarcane,Bacterial Blight
C:\Users\Prathach Raj P\.gemini\antigravity\scratch\krishi-marga\dataset_research\KRISHI_MARGA_DATASETS\02_Cash_Industrial\Sugarcane\raw\DS_SUGAR_02\test\images\S_BLB-21-_JPG.rf.c49703dd00ba61f81dc74e7e7786dcd1.jpg,C:\Users\Prathach Raj P\.gemini\antigravity\scratch\krishi-marga\dataset_research\KRISHI_MARGA_DATASETS\02_Cash_Industrial\Sugarcane\processed\images\Bacterial_Blight\DS_SUGAR_02_Bacterial_Blight_S_BLB-21-_JPG.rf.c49703dd00ba61f81dc74e7e7786dcd1.jpg,KEPT,Valid image passing all automated filters,DS_SUGAR_02,Sugarcane,Bacterial Blight
C:\Users\Prathach Raj P\.gemini\antigravity\scratch\krishi-marga\dataset_research\KRISHI_MARGA_DATASETS\02_Cash_Industrial\Sugarcane\raw\DS_SUGAR_02\test\images\S_BLB-22-_JPG.rf.f1f578b3884294e23fd0c2dec14c7d6d.jpg,C:\Users\Prathach Raj P\.gemini\antigravity\scratch\krishi-marga\dataset_research\KRISHI_MARGA_DATASETS\02_Cash_Industrial\Sugarcane\processed\images\Bacterial_Blight\DS_SUGAR_02_Bacterial_Blight_S_BLB-22-_JPG.rf.f1f578b3884294e23fd0c2dec14c7d6d.jpg,KEPT,Valid image passing all automated filters,DS_SUGAR_02,Sugarcane,Bacterial Blight
C:\Users\Prathach Raj P\.gemini\antigravity\scratch\krishi-marga\dataset_research\KRISHI_MARGA_DATASETS\02_Cash_Industrial\Sugarcane\raw\DS_SUGAR_02\test\images\S_BLB-23-_JPG.rf.516ced4394a1f1742cd77fb20e8885aa.jpg,C:\Users\Prathach Raj P\.gemini\antigravity\scratch\krishi-marga\dataset_research\KRISHI_MARGA_DATASETS\02_Cash_Industrial\Sugarcane\processed\images\Bacterial_Blight\DS_SUGAR_02_Bacterial_Blight_S_BLB-23-_JPG.rf.516ced4394a1f1742cd77fb20e8885aa.jpg,KEPT,Valid image passing all automated filters,DS_SUGAR_02,Sugarcane,Bacterial Blight
C:\Users\Prathach Raj P\.gemini\antigravity\scratch\krishi-marga\dataset_research\KRISHI_MARGA_DATASETS\02_Cash_Industrial\Sugarcane\raw\DS_SUGAR_02\test\images\S_BLB-24-_JPG.rf.d6f783f7cb13fc3c27105577933bc024.jpg,C:\Users\Prathach Raj P\.gemini\antigravity\scratch\krishi-marga\dataset_research\KRISHI_MARGA_DATASETS\02_Cash_Industrial\Sugarcane\processed\images\Bacterial_Blight\DS_SUGAR_02_Bacterial_Blight_S_BLB-24-_JPG.rf.d6f783f7cb13fc3c27105577933bc024.jpg,KEPT,Valid image passing all automated filters,DS_SUGAR_02,Sugarcane,Bacterial Blight
C:\Users\Prathach Raj P\.gemini\antigravity\scratch\krishi-marga\dataset_research\KRISHI_MARGA_DATASETS\02_Cash_Industrial\Sugarcane\raw\DS_SUGAR_02\test\images\S_BLB-30-_JPG.rf.2b25904a11c1df1a0ad20408f10d872b.jpg,C:\Users\Prathach Raj P\.gemini\antigravity\scratch\krishi-marga\dataset_research\KRISHI_MARGA_DATASETS\02_Cash_Industrial\Sugarcane\processed\images\Bacterial_Blight\DS_SUGAR_02_Bacterial_Blight_S_BLB-30-_JPG.rf.2b25904a11c1df1a0ad20408f10d872b.jpg,KEPT,Valid image passing all automated filters,DS_SUGAR_02,Sugarcane,Bacterial Blight
C:\Users\Prathach Raj P\.gemini\antigravity\scratch\krishi-marga\dataset_research\KRISHI_MARGA_DATASETS\02_Cash_Industrial\Sugarcane\raw\DS_SUGAR_02\test\images\S_BLB-33-_JPG.rf.05f18c9c3a5938133b1594cd5079c758.jpg,C:\Users\Prathach Raj P\.gemini\antigravity\scratch\krishi-marga\dataset_research\KRISHI_MARGA_DATASETS\02_Cash_Industrial\Sugarcane\processed\images\Bacterial_Blight\DS_SUGAR_02_Bacterial_Blight_S_BLB-33-_JPG.rf.05f18c9c3a5938133b1594cd5079c758.jpg,KEPT,Valid image passing all automated filters,DS_SUGAR_02,Sugarcane,Bacterial Blight
C:\Users\Prathach Raj P\.gemini\antigravity\scratch\krishi-marga\dataset_research\KRISHI_MARGA_DATASETS\02_Cash_Industrial\Sugarcane\raw\DS_SUGAR_02\test\images\S_BLB-39-_JPG.rf.6553b1a168b4872b53295f8274d6311b.jpg,C:\Users\Prathach Raj P\.gemini\antigravity\scratch\krishi-marga\dataset_research\KRISHI_MARGA_DATASETS\02_Cash_Industrial\Sugarcane\processed\images\Bacterial_Blight\DS_SUGAR_02_Bacterial_Blight_S_BLB-39-_JPG.rf.6553b1a168b4872b53295f8274d6311b.jpg,KEPT,Valid image passing all automated filters,DS_SUGAR_02,Sugarcane,Bacterial Blight
C:\Users\Prathach Raj P\.gemini\antigravity\scratch\krishi-marga\dataset_research\KRISHI_MARGA_DATASETS\02_Cash_Industrial\Sugarcane\raw\DS_SUGAR_02\test\images\S_BLB-49-_JPG.rf.7452d8698340bea773fad0f72263b9a1.jpg,C:\Users\Prathach Raj P\.gemini\antigravity\scratch\krishi-marga\dataset_research\KRISHI_MARGA_DATASETS\02_Cash_Industrial\Sugarcane\processed\images\Bacterial_Blight\DS_SUGAR_02_Bacterial_Blight_S_BLB-49-_JPG.rf.7452d8698340bea773fad0f72263b9a1.jpg,KEPT,Valid image passing all automated filters,DS_SUGAR_02,Sugarcane,Bacterial Blight
C:\Users\Prathach Raj P\.gemini\antigravity\scratch\krishi-marga\dataset_research\KRISHI_MARGA_DATASETS\02_Cash_Industrial\Sugarcane\raw\DS_SUGAR_02\test\images\S_BLB-70-_JPG.rf.5cfabb80842935dd39330d8b613f6043.jpg,C:\Users\Prathach Raj P\.gemini\antigravity\scratch\krishi-marga\dataset_research\KRISHI_MARGA_DATASETS\02_Cash_Industrial\Sugarcane\processed\images\Bacterial_Blight\DS_SUGAR_02_Bacterial_Blight_S_BLB-70-_JPG.rf.5cfabb80842935dd39330d8b613f6043.jpg,KEPT,Valid image passing all automated filters,DS_SUGAR_02,Sugarcane,Bacterial Blight
C:\Users\Prathach Raj P\.gemini\antigravity\scratch\krishi-marga\dataset_research\KRISHI_MARGA_DATASETS\02_Cash_Industrial\Sugarcane\raw\DS_SUGAR_02\test\images\S_H-1-_jpg.rf.d9010f699490fd0b0e37fc050d99d9fd.jpg,C:\Users\Prathach Raj P\.gemini\antigravity\scratch\krishi-marga\dataset_research\KRISHI_MARGA_DATASETS\02_Cash_Industrial\Sugarcane\processed\images\Healthy\DS_SUGAR_02_Healthy_S_H-1-_jpg.rf.d9010f699490fd0b0e37fc050d99d9fd.jpg,KEPT,Valid image passing all automated filters,DS_SUGAR_02,Sugarcane,Healthy
C:\Users\Prathach Raj P\.gemini\antigravity\scratch\krishi-marga\dataset_research\KRISHI_MARGA_DATASETS\02_Cash_Industrial\Sugarcane\raw\DS_SUGAR_02\test\images\S_H-15-_jpg.rf.9fb3c8e45de5f6afc1831c9db567e3c8.jpg,C:\Users\Prathach Raj P\.gemini\antigravity\scratch\krishi-marga\dataset_research\KRISHI_MARGA_DATASETS\02_Cash_Industrial\Sugarcane\processed\images\Healthy\DS_SUGAR_02_Healthy_S_H-15-_jpg.rf.9fb3c8e45de5f6afc1831c9db567e3c8.jpg,KEPT,Valid image passing all automated filters,DS_SUGAR_02,Sugarcane,Healthy
C:\Users\Prathach Raj P\.gemini\antigravity\scratch\krishi-marga\dataset_research\KRISHI_MARGA_DATASETS\02_Cash_Industrial\Sugarcane\raw\DS_SUGAR_02\test\images\S_H-20-_jpg.rf.3818cf438f106d137b3e68d53cf3f988.jpg,C:\Users\Prathach Raj P\.gemini\antigravity\scratch\krishi-marga\dataset_research\KRISHI_MARGA_DATASETS\02_Cash_Industrial\Sugarcane\processed\images\Healthy\DS_SUGAR_02_Healthy_S_H-20-_jpg.rf.3818cf438f106d137b3e68d53cf3f988.jpg,KEPT,Valid image passing all automated filters,DS_SUGAR_02,Sugarcane,Healthy
C:\Users\Prathach Raj P\.gemini\antigravity\scratch\krishi-marga\dataset_research\KRISHI_MARGA_DATASETS\02_Cash_Industrial\Sugarcane\raw\DS_SUGAR_02\test\images\S_H-21-_jpg.rf.e3a88202e82aeb81e27ea853db2980b9.jpg,C:\Users\Prathach Raj P\.gemini\antigravity\scratch\krishi-marga\dataset_research\KRISHI_MARGA_DATASETS\02_Cash_Industrial\Sugarcane\processed\images\Healthy\DS_SUGAR_02_Healthy_S_H-21-_jpg.rf.e3a88202e82aeb81e27ea853db2980b9.jpg,KEPT,Valid image passing all automated filters,DS_SUGAR_02,Sugarcane,Healthy
C:\Users\Prathach Raj P\.gemini\antigravity\scratch\krishi-marga\dataset_research\KRISHI_MARGA_DATASETS\02_Cash_Industrial\Sugarcane\raw\DS_SUGAR_02\test\images\S_H-41-_jpg.rf.cb0045747a4692b2179e34dac9f39440.jpg,C:\Users\Prathach Raj P\.gemini\antigravity\scratch\krishi-marga\dataset_research\KRISHI_MARGA_DATASETS\02_Cash_Industrial\Sugarcane\processed\images\Healthy\DS_SUGAR_02_Healthy_S_H-41-_jpg.rf.cb0045747a4692b2179e34dac9f39440.jpg,KEPT,Valid image passing all automated filters,DS_SUGAR_02,Sugarcane,Healthy
C:\Users\Prathach Raj P\.gemini\antigravity\scratch\krishi-marga\dataset_research\KRISHI_MARGA_DATASETS\02_Cash_Industrial\Sugarcane\raw\DS_SUGAR_02\test\images\S_H-46-_jpg.rf.6e42a11afc35684f64c0091d10713950.jpg,C:\Users\Prathach Raj P\.gemini\antigravity\scratch\krishi-marga\dataset_research\KRISHI_MARGA_DATASETS\02_Cash_Industrial\Sugarcane\processed\images\Healthy\DS_SUGAR_02_Healthy_S_H-46-_jpg.rf.6e42a11afc35684f64c0091d10713950.jpg,KEPT,Valid image passing all automated filters,DS_SUGAR_02,Sugarcane,Healthy
C:\Users\Prathach Raj P\.gemini\antigravity\scratch\krishi-marga\dataset_research\KRISHI_MARGA_DATASETS\02_Cash_Industrial\Sugarcane\raw\DS_SUGAR_02\test\images\S_H-47-_jpg.rf.b03d8a183adb0867be3919b2bb4881ad.jpg,C:\Users\Prathach Raj P\.gemini\antigravity\scratch\krishi-marga\dataset_research\KRISHI_MARGA_DATASETS\02_Cash_Industrial\Sugarcane\processed\images\Healthy\DS_SUGAR_02_Healthy_S_H-47-_jpg.rf.b03d8a183adb0867be3919b2bb4881ad.jpg,KEPT,Valid image passing all automated filters,DS_SUGAR_02,Sugarcane,Healthy
C:\Users\Prathach Raj P\.gemini\antigravity\scratch\krishi-marga\dataset_research\KRISHI_MARGA_DATASETS\02_Cash_Industrial\Sugarcane\raw\DS_SUGAR_02\test\images\S_H-51-_JPG.rf.d2470fc1d879fdd5c7fb8e03bad74ab1.jpg,C:\Users\Prathach Raj P\.gemini\antigravity\scratch\krishi-marga\dataset_research\KRISHI_MARGA_DATASETS\02_Cash_Industrial\Sugarcane\processed\images\Healthy\DS_SUGAR_02_Healthy_S_H-51-_JPG.rf.d2470fc1d879fdd5c7fb8e03bad74ab1.jpg,KEPT,Valid image passing all automated filters,DS_SUGAR_02,Sugarcane,Healthy
C:\Users\Prathach Raj P\.gemini\antigravity\scratch\krishi-marga\dataset_research\KRISHI_MARGA_DATASETS\02_Cash_Industrial\Sugarcane\raw\DS_SUGAR_02\test\images\S_H-53-_JPG.rf.a42a37f1186bc9c0f6978c4f0c62ad12.jpg,C:\Users\Prathach Raj P\.gemini\antigravity\scratch\krishi-marga\dataset_research\KRISHI_MARGA_DATASETS\02_Cash_Industrial\Sugarcane\processed\images\Healthy\DS_SUGAR_02_Healthy_S_H-53-_JPG.rf.a42a37f1186bc9c0f6978c4f0c62ad12.jpg,KEPT,Valid image passing all automated filters,DS_SUGAR_02,Sugarcane,Healthy
C:\Users\Prathach Raj P\.gemini\antigravity\scratch\krishi-marga\dataset_research\KRISHI_MARGA_DATASETS\02_Cash_Industrial\Sugarcane\raw\DS_SUGAR_02\test\images\S_H-56-_JPG.rf.abddec778da171e43b918257e5240470.jpg,C:\Users\Prathach Raj P\.gemini\antigravity\scratch\krishi-marga\dataset_research\KRISHI_MARGA_DATASETS\02_Cash_Industrial\Sugarcane\processed\images\Healthy\DS_SUGAR_02_Healthy_S_H-56-_JPG.rf.abddec778da171e43b918257e5240470.jpg,KEPT,Valid image passing all automated filters,DS_SUGAR_02,Sugarcane,Healthy
C:\Users\Prathach Raj P\.gemini\antigravity\scratch\krishi-marga\dataset_research\KRISHI_MARGA_DATASETS\02_Cash_Industrial\Sugarcane\raw\DS_SUGAR_02\test\images\S_H-57-_JPG.rf.69874c3c29a72f9ac7cd7bc105bc8841.jpg,C:\Users\Prathach Raj P\.gemini\antigravity\scratch\krishi-marga\dataset_research\KRISHI_MARGA_DATASETS\02_Cash_Industrial\Sugarcane\processed\images\Healthy\DS_SUGAR_02_Healthy_S_H-57-_JPG.rf.69874c3c29a72f9ac7cd7bc105bc8841.jpg,KEPT,Valid image passing all automated filters,DS_SUGAR_02,Sugarcane,Healthy
C:\Users\Prathach Raj P\.gemini\antigravity\scratch\krishi-marga\dataset_research\KRISHI_MARGA_DATASETS\02_Cash_Industrial\Sugarcane\raw\DS_SUGAR_02\test\images\S_H-58-_JPG.rf.e3c192c1506d12e18c05a13f2fca3397.jpg,C:\Users\Prathach Raj P\.gemini\antigravity\scratch\krishi-marga\dataset_research\KRISHI_MARGA_DATASETS\02_Cash_Industrial\Sugarcane\processed\images\Healthy\DS_SUGAR_02_Healthy_S_H-58-_JPG.rf.e3c192c1506d12e18c05a13f2fca3397.jpg,KEPT,Valid image passing all automated filters,DS_SUGAR_02,Sugarcane,Healthy
C:\Users\Prathach Raj P\.gemini\antigravity\scratch\krishi-marga\dataset_research\KRISHI_MARGA_DATASETS\02_Cash_Industrial\Sugarcane\raw\DS_SUGAR_02\test\images\S_H-59-_JPG.rf.ea0629cb752b029c2dacf1ae7a5bc7ab.jpg,C:\Users\Prathach Raj P\.gemini\antigravity\scratch\krishi-marga\dataset_research\KRISHI_MARGA_DATASETS\02_Cash_Industrial\Sugarcane\processed\images\Healthy\DS_SUGAR_02_Healthy_S_H-59-_JPG.rf.ea0629cb752b029c2dacf1ae7a5bc7ab.jpg,KEPT,Valid image passing all automated filters,DS_SUGAR_02,Sugarcane,Healthy
C:\Users\Prathach Raj P\.gemini\antigravity\scratch\krishi-marga\dataset_research\KRISHI_MARGA_DATASETS\02_Cash_Industrial\Sugarcane\raw\DS_SUGAR_02\test\images\S_H-62-_JPG.rf.cc8dccf2f20a6e83c68936b9bc8b60f8.jpg,C:\Users\Prathach Raj P\.gemini\antigravity\scratch\krishi-marga\dataset_research\KRISHI_MARGA_DATASETS\02_Cash_Industrial\Sugarcane\processed\images\Healthy\DS_SUGAR_02_Healthy_S_H-62-_JPG.rf.cc8dccf2f20a6e83c68936b9bc8b60f8.jpg,KEPT,Valid image passing all automated filters,DS_SUGAR_02,Sugarcane,Healthy
C:\Users\Prathach Raj P\.gemini\antigravity\scratch\krishi-marga\dataset_research\KRISHI_MARGA_DATASETS\02_Cash_Industrial\Sugarcane\raw\DS_SUGAR_02\test\images\S_H-70-_JPG.rf.ed4f06aec051a9cd2e7db43f003c2b21.jpg,C:\Users\Prathach Raj P\.gemini\antigravity\scratch\krishi-marga\dataset_research\KRISHI_MARGA_DATASETS\02_Cash_Industrial\Sugarcane\processed\images\Healthy\DS_SUGAR_02_Healthy_S_H-70-_JPG.rf.ed4f06aec051a9cd2e7db43f003c2b21.jpg,KEPT,Valid image passing all automated filters,DS_SUGAR_02,Sugarcane,Healthy
C:\Users\Prathach Raj P\.gemini\antigravity\scratch\krishi-marga\dataset_research\KRISHI_MARGA_DATASETS\02_Cash_Industrial\Sugarcane\raw\DS_SUGAR_02\test\images\S_H-71-_JPG.rf.ffd3276ac3d7c3344ec72adc44d273cc.jpg,C:\Users\Prathach Raj P\.gemini\antigravity\scratch\krishi-marga\dataset_research\KRISHI_MARGA_DATASETS\02_Cash_Industrial\Sugarcane\processed\images\Healthy\DS_SUGAR_02_Healthy_S_H-71-_JPG.rf.ffd3276ac3d7c3344ec72adc44d273cc.jpg,KEPT,Valid image passing all automated filters,DS_SUGAR_02,Sugarcane,Healthy
C:\Users\Prathach Raj P\.gemini\antigravity\scratch\krishi-marga\dataset_research\KRISHI_MARGA_DATASETS\02_Cash_Industrial\Sugarcane\raw\DS_SUGAR_02\test\images\S_H-73-_JPG.rf.690cfb2d0dd7256687c68ec3c3d0448c.jpg,C:\Users\Prathach Raj P\.gemini\antigravity\scratch\krishi-marga\dataset_research\KRISHI_MARGA_DATASETS\02_Cash_Industrial\Sugarcane\processed\images\Healthy\DS_SUGAR_02_Healthy_S_H-73-_JPG.rf.690cfb2d0dd7256687c68ec3c3d0448c.jpg,KEPT,Valid image passing all automated filters,DS_SUGAR_02,Sugarcane,Healthy
C:\Users\Prathach Raj P\.gemini\antigravity\scratch\krishi-marga\dataset_research\KRISHI_MARGA_DATASETS\02_Cash_Industrial\Sugarcane\raw\DS_SUGAR_02\test\images\S_H-74-_JPG.rf.ead72d5409a22076e06fc1b832236f78.jpg,C:\Users\Prathach Raj P\.gemini\antigravity\scratch\krishi-marga\dataset_research\KRISHI_MARGA_DATASETS\02_Cash_Industrial\Sugarcane\processed\images\Healthy\DS_SUGAR_02_Healthy_S_H-74-_JPG.rf.ead72d5409a22076e06fc1b832236f78.jpg,KEPT,Valid image passing all automated filters,DS_SUGAR_02,Sugarcane,Healthy
C:\Users\Prathach Raj P\.gemini\antigravity\scratch\krishi-marga\dataset_research\KRISHI_MARGA_DATASETS\02_Cash_Industrial\Sugarcane\raw\DS_SUGAR_02\test\images\S_H-76-_JPG.rf.30f1495ca1c4f116e00e82a7969c77b0.jpg,C:\Users\Prathach Raj P\.gemini\antigravity\scratch\krishi-marga\dataset_research\KRISHI_MARGA_DATASETS\02_Cash_Industrial\Sugarcane\processed\images\Healthy\DS_SUGAR_02_Healthy_S_H-76-_JPG.rf.30f1495ca1c4f116e00e82a7969c77b0.jpg,KEPT,Valid image passing all automated filters,DS_SUGAR_02,Sugarcane,Healthy
C:\Users\Prathach Raj P\.gemini\antigravity\scratch\krishi-marga\dataset_research\KRISHI_MARGA_DATASETS\02_Cash_Industrial\Sugarcane\raw\DS_SUGAR_02\test\images\S_H-77-_JPG.rf.80c0f4bb7feefa7f5cab7504872f9a37.jpg,C:\Users\Prathach Raj P\.gemini\antigravity\scratch\krishi-marga\dataset_research\KRISHI_MARGA_DATASETS\02_Cash_Industrial\Sugarcane\processed\images\Healthy\DS_SUGAR_02_Healthy_S_H-77-_JPG.rf.80c0f4bb7feefa7f5cab7504872f9a37.jpg,KEPT,Valid image passing all automated filters,DS_SUGAR_02,Sugarcane,Healthy
C:\Users\Prathach Raj P\.gemini\antigravity\scratch\krishi-marga\dataset_research\KRISHI_MARGA_DATASETS\02_Cash_Industrial\Sugarcane\raw\DS_SUGAR_02\test\images\S_H-80-_JPG.rf.317a7711a02a3f3b4207114e6ba65e8f.jpg,C:\Users\Prathach Raj P\.gemini\antigravity\scratch\krishi-marga\dataset_research\KRISHI_MARGA_DATASETS\02_Cash_Industrial\Sugarcane\processed\images\Healthy\DS_SUGAR_02_Healthy_S_H-80-_JPG.rf.317a7711a02a3f3b4207114e6ba65e8f.jpg,KEPT,Valid image passing all automated filters,DS_SUGAR_02,Sugarcane,Healthy
C:\Users\Prathach Raj P\.gemini\antigravity\scratch\krishi-marga\dataset_research\KRISHI_MARGA_DATASETS\02_Cash_Industrial\Sugarcane\raw\DS_SUGAR_02\test\images\S_H-82-_JPG.rf.4f4dcda30c1a05ef21c54c1da15004a4.jpg,C:\Users\Prathach Raj P\.gemini\antigravity\scratch\krishi-marga\dataset_research\KRISHI_MARGA_DATASETS\02_Cash_Industrial\Sugarcane\processed\images\Healthy\DS_SUGAR_02_Healthy_S_H-82-_JPG.rf.4f4dcda30c1a05ef21c54c1da15004a4.jpg,KEPT,Valid image passing all automated filters,DS_SUGAR_02,Sugarcane,Healthy
C:\Users\Prathach Raj P\.gemini\antigravity\scratch\krishi-marga\dataset_research\KRISHI_MARGA_DATASETS\02_Cash_Industrial\Sugarcane\raw\DS_SUGAR_02\test\images\S_H-83-_JPG.rf.7685b68e1dd6576df2e86a9c00ce8951.jpg,C:\Users\Prathach Raj P\.gemini\antigravity\scratch\krishi-marga\dataset_research\KRISHI_MARGA_DATASETS\02_Cash_Industrial\Sugarcane\processed\images\Healthy\DS_SUGAR_02_Healthy_S_H-83-_JPG.rf.7685b68e1dd6576df2e86a9c00ce8951.jpg,KEPT,Valid image passing all automated filters,DS_SUGAR_02,Sugarcane,Healthy
C:\Users\Prathach Raj P\.gemini\antigravity\scratch\krishi-marga\dataset_research\KRISHI_MARGA_DATASETS\02_Cash_Industrial\Sugarcane\raw\DS_SUGAR_02\test\images\S_H-91-_JPG.rf.0c3d93d4d8598178423c570f44c4a261.jpg,C:\Users\Prathach Raj P\.gemini\antigravity\scratch\krishi-marga\dataset_research\KRISHI_MARGA_DATASETS\02_Cash_Industrial\Sugarcane\processed\images\Healthy\DS_SUGAR_02_Healthy_S_H-91-_JPG.rf.0c3d93d4d8598178423c570f44c4a261.jpg,KEPT,Valid image passing all automated filters,DS_SUGAR_02,Sugarcane,Healthy
C:\Users\Prathach Raj P\.gemini\antigravity\scratch\krishi-marga\dataset_research\KRISHI_MARGA_DATASETS\02_Cash_Industrial\Sugarcane\raw\DS_SUGAR_02\test\images\S_H-96-_JPG.rf.a5bbf6b382dfe8be2f7aa153d3720571.jpg,C:\Users\Prathach Raj P\.gemini\antigravity\scratch\krishi-marga\dataset_research\KRISHI_MARGA_DATASETS\02_Cash_Industrial\Sugarcane\processed\images\Healthy\DS_SUGAR_02_Healthy_S_H-96-_JPG.rf.a5bbf6b382dfe8be2f7aa153d3720571.jpg,KEPT,Valid image passing all automated filters,DS_SUGAR_02,Sugarcane,Healthy
C:\Users\Prathach Raj P\.gemini\antigravity\scratch\krishi-marga\dataset_research\KRISHI_MARGA_DATASETS\02_Cash_Industrial\Sugarcane\raw\DS_SUGAR_02\test\images\S_RR-1-_jpg.rf.ac62c73e2ec23006ba09a1b6c72722e1.jpg,C:\Users\Prathach Raj P\.gemini\antigravity\scratch\krishi-marga\dataset_research\KRISHI_MARGA_DATASETS\02_Cash_Industrial\Sugarcane\processed\images\Red_Rot\DS_SUGAR_02_Red_Rot_S_RR-1-_jpg.rf.ac62c73e2ec23006ba09a1b6c72722e1.jpg,KEPT,Valid image passing all automated filters,DS_SUGAR_02,Sugarcane,Red Rot
C:\Users\Prathach Raj P\.gemini\antigravity\scratch\krishi-marga\dataset_research\KRISHI_MARGA_DATASETS\02_Cash_Industrial\Sugarcane\raw\DS_SUGAR_02\test\images\S_RR-22-_JPG.rf.9184efd4b66418b313bbc0fdd4534e02.jpg,C:\Users\Prathach Raj P\.gemini\antigravity\scratch\krishi-marga\dataset_research\KRISHI_MARGA_DATASETS\02_Cash_Industrial\Sugarcane\processed\images\Red_Rot\DS_SUGAR_02_Red_Rot_S_RR-22-_JPG.rf.9184efd4b66418b313bbc0fdd4534e02.jpg,KEPT,Valid image passing all automated filters,DS_SUGAR_02,Sugarcane,Red Rot
C:\Users\Prathach Raj P\.gemini\antigravity\scratch\krishi-marga\dataset_research\KRISHI_MARGA_DATASETS\02_Cash_Industrial\Sugarcane\raw\DS_SUGAR_02\test\images\S_RR-33-_JPG.rf.32d9a39c7061d0402d128d878f3ea5ac.jpg,C:\Users\Prathach Raj P\.gemini\antigravity\scratch\krishi-marga\dataset_research\KRISHI_MARGA_DATASETS\02_Cash_Industrial\Sugarcane\processed\images\Red_Rot\DS_SUGAR_02_Red_Rot_S_RR-33-_JPG.rf.32d9a39c7061d0402d128d878f3ea5ac.jpg,KEPT,Valid image passing all automated filters,DS_SUGAR_02,Sugarcane,Red Rot
C:\Users\Prathach Raj P\.gemini\antigravity\scratch\krishi-marga\dataset_research\KRISHI_MARGA_DATASETS\02_Cash_Industrial\Sugarcane\raw\DS_SUGAR_02\test\images\S_RR-35-_JPG.rf.9e182fe213c4cddf46959b73fb7a2f03.jpg,C:\Users\Prathach Raj P\.gemini\antigravity\scratch\krishi-marga\dataset_research\KRISHI_MARGA_DATASETS\02_Cash_Industrial\Sugarcane\processed\images\Red_Rot\DS_SUGAR_02_Red_Rot_S_RR-35-_JPG.rf.9e182fe213c4cddf46959b73fb7a2f03.jpg,KEPT,Valid image passing all automated filters,DS_SUGAR_02,Sugarcane,Red Rot
C:\Users\Prathach Raj P\.gemini\antigravity\scratch\krishi-marga\dataset_research\KRISHI_MARGA_DATASETS\02_Cash_Industrial\Sugarcane\raw\DS_SUGAR_02\test\images\S_RR-41-_JPG.rf.e771d01f03e5cb9ab6008c788fbfa2d7.jpg,C:\Users\Prathach Raj P\.gemini\antigravity\scratch\krishi-marga\dataset_research\KRISHI_MARGA_DATASETS\02_Cash_Industrial\Sugarcane\processed\images\Red_Rot\DS_SUGAR_02_Red_Rot_S_RR-41-_JPG.rf.e771d01f03e5cb9ab6008c788fbfa2d7.jpg,KEPT,Valid image passing all automated filters,DS_SUGAR_02,Sugarcane,Red Rot
C:\Users\Prathach Raj P\.gemini\antigravity\scratch\krishi-marga\dataset_research\KRISHI_MARGA_DATASETS\02_Cash_Industrial\Sugarcane\raw\DS_SUGAR_02\test\images\S_RR-42-_JPG.rf.626423943305407c5e226dbc031c745e.jpg,C:\Users\Prathach Raj P\.gemini\antigravity\scratch\krishi-marga\dataset_research\KRISHI_MARGA_DATASETS\02_Cash_Industrial\Sugarcane\processed\images\Red_Rot\DS_SUGAR_02_Red_Rot_S_RR-42-_JPG.rf.626423943305407c5e226dbc031c745e.jpg,KEPT,Valid image passing all automated filters,DS_SUGAR_02,Sugarcane,Red Rot
C:\Users\Prathach Raj P\.gemini\antigravity\scratch\krishi-marga\dataset_research\KRISHI_MARGA_DATASETS\02_Cash_Industrial\Sugarcane\raw\DS_SUGAR_02\test\images\S_RR-48-_JPG.rf.65caa6f9b59ee859b7753738c103ec7e.jpg,C:\Users\Prathach Raj P\.gemini\antigravity\scratch\krishi-marga\dataset_research\KRISHI_MARGA_DATASETS\02_Cash_Industrial\Sugarcane\processed\images\Red_Rot\DS_SUGAR_02_Red_Rot_S_RR-48-_JPG.rf.65caa6f9b59ee859b7753738c103ec7e.jpg,KEPT,Valid image passing all automated filters,DS_SUGAR_02,Sugarcane,Red Rot
C:\Users\Prathach Raj P\.gemini\antigravity\scratch\krishi-marga\dataset_research\KRISHI_MARGA_DATASETS\02_Cash_Industrial\Sugarcane\raw\DS_SUGAR_02\test\images\S_RR-49-_JPG.rf.19b32b921ea0d2291fb1e850925ab131.jpg,C:\Users\Prathach Raj P\.gemini\antigravity\scratch\krishi-marga\dataset_research\KRISHI_MARGA_DATASETS\02_Cash_Industrial\Sugarcane\processed\images\Red_Rot\DS_SUGAR_02_Red_Rot_S_RR-49-_JPG.rf.19b32b921ea0d2291fb1e850925ab131.jpg,KEPT,Valid image passing all automated filters,DS_SUGAR_02,Sugarcane,Red Rot
C:\Users\Prathach Raj P\.gemini\antigravity\scratch\krishi-marga\dataset_research\KRISHI_MARGA_DATASETS\02_Cash_Industrial\Sugarcane\raw\DS_SUGAR_02\test\images\S_RR-5-_JPG.rf.4184cc7af557b7e9d8f11f8d4a2d6dc5.jpg,C:\Users\Prathach Raj P\.gemini\antigravity\scratch\krishi-marga\dataset_research\KRISHI_MARGA_DATASETS\02_Cash_Industrial\Sugarcane\processed\images\Red_Rot\DS_SUGAR_02_Red_Rot_S_RR-5-_JPG.rf.4184cc7af557b7e9d8f11f8d4a2d6dc5.jpg,KEPT,Valid image passing all automated filters,DS_SUGAR_02,Sugarcane,Red Rot
C:\Users\Prathach Raj P\.gemini\antigravity\scratch\krishi-marga\dataset_research\KRISHI_MARGA_DATASETS\02_Cash_Industrial\Sugarcane\raw\DS_SUGAR_02\test\images\S_RR-62-_JPG.rf.5c7942fb4f2115217e56780d805746f5.jpg,C:\Users\Prathach Raj P\.gemini\antigravity\scratch\krishi-marga\dataset_research\KRISHI_MARGA_DATASETS\02_Cash_Industrial\Sugarcane\processed\images\Red_Rot\DS_SUGAR_02_Red_Rot_S_RR-62-_JPG.rf.5c7942fb4f2115217e56780d805746f5.jpg,KEPT,Valid image passing all automated filters,DS_SUGAR_02,Sugarcane,Red Rot
C:\Users\Prathach Raj P\.gemini\antigravity\scratch\krishi-marga\dataset_research\KRISHI_MARGA_DATASETS\02_Cash_Industrial\Sugarcane\raw\DS_SUGAR_02\test\images\S_RR-68-_JPG.rf.1d1e8c1aaf91d02381a5251c9df1cb2d.jpg,C:\Users\Prathach Raj P\.gemini\antigravity\scratch\krishi-marga\dataset_research\KRISHI_MARGA_DATASETS\02_Cash_Industrial\Sugarcane\processed\images\Red_Rot\DS_SUGAR_02_Red_Rot_S_RR-68-_JPG.rf.1d1e8c1aaf91d02381a5251c9df1cb2d.jpg,KEPT,Valid image passing all automated filters,DS_SUGAR_02,Sugarcane,Red Rot
C:\Users\Prathach Raj P\.gemini\antigravity\scratch\krishi-marga\dataset_research\KRISHI_MARGA_DATASETS\02_Cash_Industrial\Sugarcane\raw\DS_SUGAR_02\test\images\S_RR-69-_JPG.rf.4da649bc6d94eb71766b9caad51e895a.jpg,C:\Users\Prathach Raj P\.gemini\antigravity\scratch\krishi-marga\dataset_research\KRISHI_MARGA_DATASETS\02_Cash_Industrial\Sugarcane\processed\images\Red_Rot\DS_SUGAR_02_Red_Rot_S_RR-69-_JPG.rf.4da649bc6d94eb71766b9caad51e895a.jpg,KEPT,Valid image passing all automated filters,DS_SUGAR_02,Sugarcane,Red Rot
C:\Users\Prathach Raj P\.gemini\antigravity\scratch\krishi-marga\dataset_research\KRISHI_MARGA_DATASETS\02_Cash_Industrial\Sugarcane\raw\DS_SUGAR_02\test\images\S_RR-72-_jpg.rf.99e4c82aa47c32adfff108a82a948d60.jpg,C:\Users\Prathach Raj P\.gemini\antigravity\scratch\krishi-marga\dataset_research\KRISHI_MARGA_DATASETS\02_Cash_Industrial\Sugarcane\processed\images\Red_Rot\DS_SUGAR_02_Red_Rot_S_RR-72-_jpg.rf.99e4c82aa47c32adfff108a82a948d60.jpg,KEPT,Valid image passing all automated filters,DS_SUGAR_02,Sugarcane,Red Rot
C:\Users\Prathach Raj P\.gemini\antigravity\scratch\krishi-marga\dataset_research\KRISHI_MARGA_DATASETS\02_Cash_Industrial\Sugarcane\raw\DS_SUGAR_02\test\images\S_RR-74-_JPG.rf.44f845ce72294596bb21a5765cda0785.jpg,C:\Users\Prathach Raj P\.gemini\antigravity\scratch\krishi-marga\dataset_research\KRISHI_MARGA_DATASETS\02_Cash_Industrial\Sugarcane\processed\images\Red_Rot\DS_SUGAR_02_Red_Rot_S_RR-74-_JPG.rf.44f845ce72294596bb21a5765cda0785.jpg,KEPT,Valid image passing all automated filters,DS_SUGAR_02,Sugarcane,Red Rot
C:\Users\Prathach Raj P\.gemini\antigravity\scratch\krishi-marga\dataset_research\KRISHI_MARGA_DATASETS\02_Cash_Industrial\Sugarcane\raw\DS_SUGAR_02\test\images\S_RR-77-_JPG.rf.a1a8bff926a3bd0c33389ceb25c4ddb9.jpg,C:\Users\Prathach Raj P\.gemini\antigravity\scratch\krishi-marga\dataset_research\KRISHI_MARGA_DATASETS\02_Cash_Industrial\Sugarcane\processed\images\Red_Rot\DS_SUGAR_02_Red_Rot_S_RR-77-_JPG.rf.a1a8bff926a3bd0c33389ceb25c4ddb9.jpg,KEPT,Valid image passing all automated filters,DS_SUGAR_02,Sugarcane,Red Rot
C:\Users\Prathach Raj P\.gemini\antigravity\scratch\krishi-marga\dataset_research\KRISHI_MARGA_DATASETS\02_Cash_Industrial\Sugarcane\raw\DS_SUGAR_02\test\images\S_RR-8-_JPG.rf.5af31a717f071df790317588fd071e24.jpg,C:\Users\Prathach Raj P\.gemini\antigravity\scratch\krishi-marga\dataset_research\KRISHI_MARGA_DATASETS\02_Cash_Industrial\Sugarcane\processed\images\Red_Rot\DS_SUGAR_02_Red_Rot_S_RR-8-_JPG.rf.5af31a717f071df790317588fd071e24.jpg,KEPT,Valid image passing all automated filters,DS_SUGAR_02,Sugarcane,Red Rot
C:\Users\Prathach Raj P\.gemini\antigravity\scratch\krishi-marga\dataset_research\KRISHI_MARGA_DATASETS\02_Cash_Industrial\Sugarcane\raw\DS_SUGAR_02\test\images\S_RR-81-_JPG.rf.78afa40a7fee63703a83b6c94c6397fa.jpg,C:\Users\Prathach Raj P\.gemini\antigravity\scratch\krishi-marga\dataset_research\KRISHI_MARGA_DATASETS\02_Cash_Industrial\Sugarcane\processed\images\Red_Rot\DS_SUGAR_02_Red_Rot_S_RR-81-_JPG.rf.78afa40a7fee63703a83b6c94c6397fa.jpg,KEPT,Valid image passing all automated filters,DS_SUGAR_02,Sugarcane,Red Rot
C:\Users\Prathach Raj P\.gemini\antigravity\scratch\krishi-marga\dataset_research\KRISHI_MARGA_DATASETS\02_Cash_Industrial\Sugarcane\raw\DS_SUGAR_02\test\images\S_RR-82-_JPG.rf.62c9f5221da05387788d2adae2c616d5.jpg,C:\Users\Prathach Raj P\.gemini\antigravity\scratch\krishi-marga\dataset_research\KRISHI_MARGA_DATASETS\02_Cash_Industrial\Sugarcane\processed\images\Red_Rot\DS_SUGAR_02_Red_Rot_S_RR-82-_JPG.rf.62c9f5221da05387788d2adae2c616d5.jpg,KEPT,Valid image passing all automated filters,DS_SUGAR_02,Sugarcane,Red Rot
C:\Users\Prathach Raj P\.gemini\antigravity\scratch\krishi-marga\dataset_research\KRISHI_MARGA_DATASETS\02_Cash_Industrial\Sugarcane\raw\DS_SUGAR_02\test\images\S_RR-84-_JPG.rf.8fbeef74a02e2d6a90d7549e2904f425.jpg,C:\Users\Prathach Raj P\.gemini\antigravity\scratch\krishi-marga\dataset_research\KRISHI_MARGA_DATASETS\02_Cash_Industrial\Sugarcane\processed\images\Red_Rot\DS_SUGAR_02_Red_Rot_S_RR-84-_JPG.rf.8fbeef74a02e2d6a90d7549e2904f425.jpg,KEPT,Valid image passing all automated filters,DS_SUGAR_02,Sugarcane,Red Rot
C:\Users\Prathach Raj P\.gemini\antigravity\scratch\krishi-marga\dataset_research\KRISHI_MARGA_DATASETS\02_Cash_Industrial\Sugarcane\raw\DS_SUGAR_02\test\images\S_RR-87-_JPG.rf.3dc0f0936fc2b0bd7cb667083e74350a.jpg,C:\Users\Prathach Raj P\.gemini\antigravity\scratch\krishi-marga\dataset_research\KRISHI_MARGA_DATASETS\02_Cash_Industrial\Sugarcane\processed\images\Red_Rot\DS_SUGAR_02_Red_Rot_S_RR-87-_JPG.rf.3dc0f0936fc2b0bd7cb667083e74350a.jpg,KEPT,Valid image passing all automated filters,DS_SUGAR_02,Sugarcane,Red Rot
C:\Users\Prathach Raj P\.gemini\antigravity\scratch\krishi-marga\dataset_research\KRISHI_MARGA_DATASETS\02_Cash_Industrial\Sugarcane\raw\DS_SUGAR_02\test\images\S_RR-89-_JPG.rf.bd60f0e526da79b87304385aba25e2c3.jpg,C:\Users\Prathach Raj P\.gemini\antigravity\scratch\krishi-marga\dataset_research\KRISHI_MARGA_DATASETS\02_Cash_Industrial\Sugarcane\processed\images\Red_Rot\DS_SUGAR_02_Red_Rot_S_RR-89-_JPG.rf.bd60f0e526da79b87304385aba25e2c3.jpg,KEPT,Valid image passing all automated filters,DS_SUGAR_02,Sugarcane,Red Rot
C:\Users\Prathach Raj P\.gemini\antigravity\scratch\krishi-marga\dataset_research\KRISHI_MARGA_DATASETS\02_Cash_Industrial\Sugarcane\raw\DS_SUGAR_02\test\images\S_RR-91-_JPG.rf.498e31d3abc85a6c811d296f3d9e52fa.jpg,C:\Users\Prathach Raj P\.gemini\antigravity\scratch\krishi-marga\dataset_research\KRISHI_MARGA_DATASETS\02_Cash_Industrial\Sugarcane\processed\images\Red_Rot\DS_SUGAR_02_Red_Rot_S_RR-91-_JPG.rf.498e31d3abc85a6c811d296f3d9e52fa.jpg,KEPT,Valid image passing all automated filters,DS_SUGAR_02,Sugarcane,Red Rot
C:\Users\Prathach Raj P\.gemini\antigravity\scratch\krishi-marga\dataset_research\KRISHI_MARGA_DATASETS\02_Cash_Industrial\Sugarcane\raw\DS_SUGAR_02\test\images\S_RR-94-_JPG.rf.5ada4a8c16672407c863fae7c2a4a623.jpg,C:\Users\Prathach Raj P\.gemini\antigravity\scratch\krishi-marga\dataset_research\KRISHI_MARGA_DATASETS\02_Cash_Industrial\Sugarcane\processed\images\Red_Rot\DS_SUGAR_02_Red_Rot_S_RR-94-_JPG.rf.5ada4a8c16672407c863fae7c2a4a623.jpg,KEPT,Valid image passing all automated filters,DS_SUGAR_02,Sugarcane,Red Rot
C:\Users\Prathach Raj P\.gemini\antigravity\scratch\krishi-marga\dataset_research\KRISHI_MARGA_DATASETS\02_Cash_Industrial\Sugarcane\raw\DS_SUGAR_02\test\images\S_RR-95-_JPG.rf.35ae3154581f6e451fc66950afed11d8.jpg,C:\Users\Prathach Raj P\.gemini\antigravity\scratch\krishi-marga\dataset_research\KRISHI_MARGA_DATASETS\02_Cash_Industrial\Sugarcane\processed\images\Red_Rot\DS_SUGAR_02_Red_Rot_S_RR-95-_JPG.rf.35ae3154581f6e451fc66950afed11d8.jpg,KEPT,Valid image passing all automated filters,DS_SUGAR_02,Sugarcane,Red Rot
C:\Users\Prathach Raj P\.gemini\antigravity\scratch\krishi-marga\dataset_research\KRISHI_MARGA_DATASETS\02_Cash_Industrial\Sugarcane\raw\DS_SUGAR_02\test\images\S_RR-99-_JPG.rf.bff73053141c77495dff870fdc24c5df.jpg,C:\Users\Prathach Raj P\.gemini\antigravity\scratch\krishi-marga\dataset_research\KRISHI_MARGA_DATASETS\02_Cash_Industrial\Sugarcane\processed\images\Red_Rot\DS_SUGAR_02_Red_Rot_S_RR-99-_JPG.rf.bff73053141c77495dff870fdc24c5df.jpg,KEPT,Valid image passing all automated filters,DS_SUGAR_02,Sugarcane,Red Rot
C:\Users\Prathach Raj P\.gemini\antigravity\scratch\krishi-marga\dataset_research\KRISHI_MARGA_DATASETS\02_Cash_Industrial\Sugarcane\raw\DS_SUGAR_02\train\images\S_BLB-1-_JPG.rf.990f10b3973a353e2ade44bd3ac9a863.jpg,C:\Users\Prathach Raj P\.gemini\antigravity\scratch\krishi-marga\dataset_research\KRISHI_MARGA_DATASETS\02_Cash_Industrial\Sugarcane\processed\images\Bacterial_Blight\DS_SUGAR_02_Bacterial_Blight_S_BLB-1-_JPG.rf.990f10b3973a353e2ade44bd3ac9a863.jpg,KEPT,Valid image passing all automated filters,DS_SUGAR_02,Sugarcane,Bacterial Blight
C:\Users\Prathach Raj P\.gemini\antigravity\scratch\krishi-marga\dataset_research\KRISHI_MARGA_DATASETS\02_Cash_Industrial\Sugarcane\raw\DS_SUGAR_02\train\images\S_BLB-11-_JPG.rf.b7bb41ea8d10e4adef07aa7661e67885.jpg,C:\Users\Prathach Raj P\.gemini\antigravity\scratch\krishi-marga\dataset_research\KRISHI_MARGA_DATASETS\02_Cash_Industrial\Sugarcane\processed\images\Bacterial_Blight\DS_SUGAR_02_Bacterial_Blight_S_BLB-11-_JPG.rf.b7bb41ea8d10e4adef07aa7661e67885.jpg,KEPT,Valid image passing all automated filters,DS_SUGAR_02,Sugarcane,Bacterial Blight
C:\Users\Prathach Raj P\.gemini\antigravity\scratch\krishi-marga\dataset_research\KRISHI_MARGA_DATASETS\02_Cash_Industrial\Sugarcane\raw\DS_SUGAR_02\train\images\S_BLB-14-_JPG.rf.9ced19cc1053d231bd51668555260ffd.jpg,C:\Users\Prathach Raj P\.gemini\antigravity\scratch\krishi-marga\dataset_research\KRISHI_MARGA_DATASETS\02_Cash_Industrial\Sugarcane\processed\images\Bacterial_Blight\DS_SUGAR_02_Bacterial_Blight_S_BLB-14-_JPG.rf.9ced19cc1053d231bd51668555260ffd.jpg,KEPT,Valid image passing all automated filters,DS_SUGAR_02,Sugarcane,Bacterial Blight
C:\Users\Prathach Raj P\.gemini\antigravity\scratch\krishi-marga\dataset_research\KRISHI_MARGA_DATASETS\02_Cash_Industrial\Sugarcane\raw\DS_SUGAR_02\train\images\S_BLB-15-_JPG.rf.378b8f21ae39b46b3953d80a1b15e802.jpg,C:\Users\Prathach Raj P\.gemini\antigravity\scratch\krishi-marga\dataset_research\KRISHI_MARGA_DATASETS\02_Cash_Industrial\Sugarcane\processed\images\Bacterial_Blight\DS_SUGAR_02_Bacterial_Blight_S_BLB-15-_JPG.rf.378b8f21ae39b46b3953d80a1b15e802.jpg,KEPT,Valid image passing all automated filters,DS_SUGAR_02,Sugarcane,Bacterial Blight
C:\Users\Prathach Raj P\.gemini\antigravity\scratch\krishi-marga\dataset_research\KRISHI_MARGA_DATASETS\02_Cash_Industrial\Sugarcane\raw\DS_SUGAR_02\train\images\S_BLB-16-_JPG.rf.250c9fd7477dad5105d5629431414175.jpg,C:\Users\Prathach Raj P\.gemini\antigravity\scratch\krishi-marga\dataset_research\KRISHI_MARGA_DATASETS\02_Cash_Industrial\Sugarcane\processed\images\Bacterial_Blight\DS_SUGAR_02_Bacterial_Blight_S_BLB-16-_JPG.rf.250c9fd7477dad5105d5629431414175.jpg,KEPT,Valid image passing all automated filters,DS_SUGAR_02,Sugarcane,Bacterial Blight
C:\Users\Prathach Raj P\.gemini\antigravity\scratch\krishi-marga\dataset_research\KRISHI_MARGA_DATASETS\02_Cash_Industrial\Sugarcane\raw\DS_SUGAR_02\train\images\S_BLB-17-_JPG.rf.070be3b56cbd0dc01caa77634bdf02d4.jpg,C:\Users\Prathach Raj P\.gemini\antigravity\scratch\krishi-marga\dataset_research\KRISHI_MARGA_DATASETS\02_Cash_Industrial\Sugarcane\processed\images\Bacterial_Blight\DS_SUGAR_02_Bacterial_Blight_S_BLB-17-_JPG.rf.070be3b56cbd0dc01caa77634bdf02d4.jpg,KEPT,Valid image passing all automated filters,DS_SUGAR_02,Sugarcane,Bacterial Blight
C:\Users\Prathach Raj P\.gemini\antigravity\scratch\krishi-marga\dataset_research\KRISHI_MARGA_DATASETS\02_Cash_Industrial\Sugarcane\raw\DS_SUGAR_02\train\images\S_BLB-18-_JPG.rf.8cadddd8b4d99e65f715c5351bd5a3de.jpg,C:\Users\Prathach Raj P\.gemini\antigravity\scratch\krishi-marga\dataset_research\KRISHI_MARGA_DATASETS\02_Cash_Industrial\Sugarcane\processed\images\Bacterial_Blight\DS_SUGAR_02_Bacterial_Blight_S_BLB-18-_JPG.rf.8cadddd8b4d99e65f715c5351bd5a3de.jpg,KEPT,Valid image passing all automated filters,DS_SUGAR_02,Sugarcane,Bacterial Blight
C:\Users\Prathach Raj P\.gemini\antigravity\scratch\krishi-marga\dataset_research\KRISHI_MARGA_DATASETS\02_Cash_Industrial\Sugarcane\raw\DS_SUGAR_02\train\images\S_BLB-19-_JPG.rf.fb6ea2e33455a4721f2bf4ca1825c4c4.jpg,C:\Users\Prathach Raj P\.gemini\antigravity\scratch\krishi-marga\dataset_research\KRISHI_MARGA_DATASETS\02_Cash_Industrial\Sugarcane\processed\images\Bacterial_Blight\DS_SUGAR_02_Bacterial_Blight_S_BLB-19-_JPG.rf.fb6ea2e33455a4721f2bf4ca1825c4c4.jpg,KEPT,Valid image passing all automated filters,DS_SUGAR_02,Sugarcane,Bacterial Blight
C:\Users\Prathach Raj P\.gemini\antigravity\scratch\krishi-marga\dataset_research\KRISHI_MARGA_DATASETS\02_Cash_Industrial\Sugarcane\raw\DS_SUGAR_02\train\images\S_BLB-2-_JPG.rf.ecc29f5f0f37bbcf3671a9fd30715b96.jpg,C:\Users\Prathach Raj P\.gemini\antigravity\scratch\krishi-marga\dataset_research\KRISHI_MARGA_DATASETS\02_Cash_Industrial\Sugarcane\processed\images\Bacterial_Blight\DS_SUGAR_02_Bacterial_Blight_S_BLB-2-_JPG.rf.ecc29f5f0f37bbcf3671a9fd30715b96.jpg,KEPT,Valid image passing all automated filters,DS_SUGAR_02,Sugarcane,Bacterial Blight
C:\Users\Prathach Raj P\.gemini\antigravity\scratch\krishi-marga\dataset_research\KRISHI_MARGA_DATASETS\02_Cash_Industrial\Sugarcane\raw\DS_SUGAR_02\train\images\S_BLB-26-_JPG.rf.2faa086097ec0cd2a399130e2dc5611f.jpg,C:\Users\Prathach Raj P\.gemini\antigravity\scratch\krishi-marga\dataset_research\KRISHI_MARGA_DATASETS\02_Cash_Industrial\Sugarcane\processed\images\Bacterial_Blight\DS_SUGAR_02_Bacterial_Blight_S_BLB-26-_JPG.rf.2faa086097ec0cd2a399130e2dc5611f.jpg,KEPT,Valid image passing all automated filters,DS_SUGAR_02,Sugarcane,Bacterial Blight
C:\Users\Prathach Raj P\.gemini\antigravity\scratch\krishi-marga\dataset_research\KRISHI_MARGA_DATASETS\02_Cash_Industrial\Sugarcane\raw\DS_SUGAR_02\train\images\S_BLB-28-_JPG.rf.f10eb3d3c65acf336b2dd5669e295588.jpg,C:\Users\Prathach Raj P\.gemini\antigravity\scratch\krishi-marga\dataset_research\KRISHI_MARGA_DATASETS\02_Cash_Industrial\Sugarcane\processed\images\Bacterial_Blight\DS_SUGAR_02_Bacterial_Blight_S_BLB-28-_JPG.rf.f10eb3d3c65acf336b2dd5669e295588.jpg,KEPT,Valid image passing all automated filters,DS_SUGAR_02,Sugarcane,Bacterial Blight
C:\Users\Prathach Raj P\.gemini\antigravity\scratch\krishi-marga\dataset_research\KRISHI_MARGA_DATASETS\02_Cash_Industrial\Sugarcane\raw\DS_SUGAR_02\train\images\S_BLB-29-_JPG.rf.5d35697eab1619452976c834f006a525.jpg,C:\Users\Prathach Raj P\.gemini\antigravity\scratch\krishi-marga\dataset_research\KRISHI_MARGA_DATASETS\02_Cash_Industrial\Sugarcane\processed\images\Bacterial_Blight\DS_SUGAR_02_Bacterial_Blight_S_BLB-29-_JPG.rf.5d35697eab1619452976c834f006a525.jpg,KEPT,Valid image passing all automated filters,DS_SUGAR_02,Sugarcane,Bacterial Blight
C:\Users\Prathach Raj P\.gemini\antigravity\scratch\krishi-marga\dataset_research\KRISHI_MARGA_DATASETS\02_Cash_Industrial\Sugarcane\raw\DS_SUGAR_02\train\images\S_BLB-31-_JPG.rf.34d957f6ac6d4c09cdeefe5f1318a530.jpg,C:\Users\Prathach Raj P\.gemini\antigravity\scratch\krishi-marga\dataset_research\KRISHI_MARGA_DATASETS\02_Cash_Industrial\Sugarcane\processed\images\Bacterial_Blight\DS_SUGAR_02_Bacterial_Blight_S_BLB-31-_JPG.rf.34d957f6ac6d4c09cdeefe5f1318a530.jpg,KEPT,Valid image passing all automated filters,DS_SUGAR_02,Sugarcane,Bacterial Blight
C:\Users\Prathach Raj P\.gemini\antigravity\scratch\krishi-marga\dataset_research\KRISHI_MARGA_DATASETS\02_Cash_Industrial\Sugarcane\raw\DS_SUGAR_02\train\images\S_BLB-32-_JPG.rf.b9b21dedf45d68cbaa694a46391364e9.jpg,C:\Users\Prathach Raj P\.gemini\antigravity\scratch\krishi-marga\dataset_research\KRISHI_MARGA_DATASETS\02_Cash_Industrial\Sugarcane\processed\images\Bacterial_Blight\DS_SUGAR_02_Bacterial_Blight_S_BLB-32-_JPG.rf.b9b21dedf45d68cbaa694a46391364e9.jpg,KEPT,Valid image passing all automated filters,DS_SUGAR_02,Sugarcane,Bacterial Blight
C:\Users\Prathach Raj P\.gemini\antigravity\scratch\krishi-marga\dataset_research\KRISHI_MARGA_DATASETS\02_Cash_Industrial\Sugarcane\raw\DS_SUGAR_02\train\images\S_BLB-34-_JPG.rf.da6f53c2c7e263933e39923a840712d4.jpg,C:\Users\Prathach Raj P\.gemini\antigravity\scratch\krishi-marga\dataset_research\KRISHI_MARGA_DATASETS\02_Cash_Industrial\Sugarcane\processed\images\Bacterial_Blight\DS_SUGAR_02_Bacterial_Blight_S_BLB-34-_JPG.rf.da6f53c2c7e263933e39923a840712d4.jpg,KEPT,Valid image passing all automated filters,DS_SUGAR_02,Sugarcane,Bacterial Blight
C:\Users\Prathach Raj P\.gemini\antigravity\scratch\krishi-marga\dataset_research\KRISHI_MARGA_DATASETS\02_Cash_Industrial\Sugarcane\raw\DS_SUGAR_02\train\images\S_BLB-35-_JPG.rf.2fa7350e78fc2092ec6d4a201999190a.jpg,C:\Users\Prathach Raj P\.gemini\antigravity\scratch\krishi-marga\dataset_research\KRISHI_MARGA_DATASETS\02_Cash_Industrial\Sugarcane\processed\images\Bacterial_Blight\DS_SUGAR_02_Bacterial_Blight_S_BLB-35-_JPG.rf.2fa7350e78fc2092ec6d4a201999190a.jpg,KEPT,Valid image passing all automated filters,DS_SUGAR_02,Sugarcane,Bacterial Blight
C:\Users\Prathach Raj P\.gemini\antigravity\scratch\krishi-marga\dataset_research\KRISHI_MARGA_DATASETS\02_Cash_Industrial\Sugarcane\raw\DS_SUGAR_02\train\images\S_BLB-37-_JPG.rf.c7828be89f957d83ed3ae57ef86a238b.jpg,C:\Users\Prathach Raj P\.gemini\antigravity\scratch\krishi-marga\dataset_research\KRISHI_MARGA_DATASETS\02_Cash_Industrial\Sugarcane\processed\images\Bacterial_Blight\DS_SUGAR_02_Bacterial_Blight_S_BLB-37-_JPG.rf.c7828be89f957d83ed3ae57ef86a238b.jpg,KEPT,Valid image passing all automated filters,DS_SUGAR_02,Sugarcane,Bacterial Blight
C:\Users\Prathach Raj P\.gemini\antigravity\scratch\krishi-marga\dataset_research\KRISHI_MARGA_DATASETS\02_Cash_Industrial\Sugarcane\raw\DS_SUGAR_02\train\images\S_BLB-4-_JPG.rf.cc275fd776d7098a8fa26e09bf8be187.jpg,C:\Users\Prathach Raj P\.gemini\antigravity\scratch\krishi-marga\dataset_research\KRISHI_MARGA_DATASETS\02_Cash_Industrial\Sugarcane\processed\images\Bacterial_Blight\DS_SUGAR_02_Bacterial_Blight_S_BLB-4-_JPG.rf.cc275fd776d7098a8fa26e09bf8be187.jpg,KEPT,Valid image passing all automated filters,DS_SUGAR_02,Sugarcane,Bacterial Blight
C:\Users\Prathach Raj P\.gemini\antigravity\scratch\krishi-marga\dataset_research\KRISHI_MARGA_DATASETS\02_Cash_Industrial\Sugarcane\raw\DS_SUGAR_02\train\images\S_BLB-40-_JPG.rf.725c8561d1fa1313bf1cfe45b5190f0a.jpg,C:\Users\Prathach Raj P\.gemini\antigravity\scratch\krishi-marga\dataset_research\KRISHI_MARGA_DATASETS\02_Cash_Industrial\Sugarcane\processed\images\Bacterial_Blight\DS_SUGAR_02_Bacterial_Blight_S_BLB-40-_JPG.rf.725c8561d1fa1313bf1cfe45b5190f0a.jpg,KEPT,Valid image passing all automated filters,DS_SUGAR_02,Sugarcane,Bacterial Blight
C:\Users\Prathach Raj P\.gemini\antigravity\scratch\krishi-marga\dataset_research\KRISHI_MARGA_DATASETS\02_Cash_Industrial\Sugarcane\raw\DS_SUGAR_02\train\images\S_BLB-41-_JPG.rf.698603949e883d462c8bc9d72c113528.jpg,C:\Users\Prathach Raj P\.gemini\antigravity\scratch\krishi-marga\dataset_research\KRISHI_MARGA_DATASETS\02_Cash_Industrial\Sugarcane\processed\images\Bacterial_Blight\DS_SUGAR_02_Bacterial_Blight_S_BLB-41-_JPG.rf.698603949e883d462c8bc9d72c113528.jpg,KEPT,Valid image passing all automated filters,DS_SUGAR_02,Sugarcane,Bacterial Blight
C:\Users\Prathach Raj P\.gemini\antigravity\scratch\krishi-marga\dataset_research\KRISHI_MARGA_DATASETS\02_Cash_Industrial\Sugarcane\raw\DS_SUGAR_02\train\images\S_BLB-42-_JPG.rf.48bb02aaac628b668b4b0abe9707003f.jpg,C:\Users\Prathach Raj P\.gemini\antigravity\scratch\krishi-marga\dataset_research\KRISHI_MARGA_DATASETS\02_Cash_Industrial\Sugarcane\processed\images\Bacterial_Blight\DS_SUGAR_02_Bacterial_Blight_S_BLB-42-_JPG.rf.48bb02aaac628b668b4b0abe9707003f.jpg,KEPT,Valid image passing all automated filters,DS_SUGAR_02,Sugarcane,Bacterial Blight
C:\Users\Prathach Raj P\.gemini\antigravity\scratch\krishi-marga\dataset_research\KRISHI_MARGA_DATASETS\02_Cash_Industrial\Sugarcane\raw\DS_SUGAR_02\train\images\S_BLB-44-_JPG.rf.9d149b7bc49d9364c3de7a996a429850.jpg,C:\Users\Prathach Raj P\.gemini\antigravity\scratch\krishi-marga\dataset_research\KRISHI_MARGA_DATASETS\02_Cash_Industrial\Sugarcane\processed\images\Bacterial_Blight\DS_SUGAR_02_Bacterial_Blight_S_BLB-44-_JPG.rf.9d149b7bc49d9364c3de7a996a429850.jpg,KEPT,Valid image passing all automated filters,DS_SUGAR_02,Sugarcane,Bacterial Blight
C:\Users\Prathach Raj P\.gemini\antigravity\scratch\krishi-marga\dataset_research\KRISHI_MARGA_DATASETS\02_Cash_Industrial\Sugarcane\raw\DS_SUGAR_02\train\images\S_BLB-45-_JPG.rf.2f409d31699d44616a4efb3fd56b9dc2.jpg,C:\Users\Prathach Raj P\.gemini\antigravity\scratch\krishi-marga\dataset_research\KRISHI_MARGA_DATASETS\02_Cash_Industrial\Sugarcane\processed\images\Bacterial_Blight\DS_SUGAR_02_Bacterial_Blight_S_BLB-45-_JPG.rf.2f409d31699d44616a4efb3fd56b9dc2.jpg,KEPT,Valid image passing all automated filters,DS_SUGAR_02,Sugarcane,Bacterial Blight
C:\Users\Prathach Raj P\.gemini\antigravity\scratch\krishi-marga\dataset_research\KRISHI_MARGA_DATASETS\02_Cash_Industrial\Sugarcane\raw\DS_SUGAR_02\train\images\S_BLB-46-_JPG.rf.736af0e647c8d6cbcc39c184984b06ed.jpg,C:\Users\Prathach Raj P\.gemini\antigravity\scratch\krishi-marga\dataset_research\KRISHI_MARGA_DATASETS\02_Cash_Industrial\Sugarcane\processed\images\Bacterial_Blight\DS_SUGAR_02_Bacterial_Blight_S_BLB-46-_JPG.rf.736af0e647c8d6cbcc39c184984b06ed.jpg,KEPT,Valid image passing all automated filters,DS_SUGAR_02,Sugarcane,Bacterial Blight
C:\Users\Prathach Raj P\.gemini\antigravity\scratch\krishi-marga\dataset_research\KRISHI_MARGA_DATASETS\02_Cash_Industrial\Sugarcane\raw\DS_SUGAR_02\train\images\S_BLB-47-_JPG.rf.fc68917670b87ef7c45ba8cbb6eae6e5.jpg,C:\Users\Prathach Raj P\.gemini\antigravity\scratch\krishi-marga\dataset_research\KRISHI_MARGA_DATASETS\02_Cash_Industrial\Sugarcane\processed\images\Bacterial_Blight\DS_SUGAR_02_Bacterial_Blight_S_BLB-47-_JPG.rf.fc68917670b87ef7c45ba8cbb6eae6e5.jpg,KEPT,Valid image passing all automated filters,DS_SUGAR_02,Sugarcane,Bacterial Blight
C:\Users\Prathach Raj P\.gemini\antigravity\scratch\krishi-marga\dataset_research\KRISHI_MARGA_DATASETS\02_Cash_Industrial\Sugarcane\raw\DS_SUGAR_02\train\images\S_BLB-48-_JPG.rf.8a1baac86a0ef528e97aa665b6668494.jpg,C:\Users\Prathach Raj P\.gemini\antigravity\scratch\krishi-marga\dataset_research\KRISHI_MARGA_DATASETS\02_Cash_Industrial\Sugarcane\processed\images\Bacterial_Blight\DS_SUGAR_02_Bacterial_Blight_S_BLB-48-_JPG.rf.8a1baac86a0ef528e97aa665b6668494.jpg,KEPT,Valid image passing all automated filters,DS_SUGAR_02,Sugarcane,Bacterial Blight
C:\Users\Prathach Raj P\.gemini\antigravity\scratch\krishi-marga\dataset_research\KRISHI_MARGA_DATASETS\02_Cash_Industrial\Sugarcane\raw\DS_SUGAR_02\train\images\S_BLB-5-_JPG.rf.84864d740ebfeb3c3fb446cf1d11666b.jpg,C:\Users\Prathach Raj P\.gemini\antigravity\scratch\krishi-marga\dataset_research\KRISHI_MARGA_DATASETS\02_Cash_Industrial\Sugarcane\processed\images\Bacterial_Blight\DS_SUGAR_02_Bacterial_Blight_S_BLB-5-_JPG.rf.84864d740ebfeb3c3fb446cf1d11666b.jpg,KEPT,Valid image passing all automated filters,DS_SUGAR_02,Sugarcane,Bacterial Blight
C:\Users\Prathach Raj P\.gemini\antigravity\scratch\krishi-marga\dataset_research\KRISHI_MARGA_DATASETS\02_Cash_Industrial\Sugarcane\raw\DS_SUGAR_02\train\images\S_BLB-50-_JPG.rf.1a7c6c325c75fe844fb79ca32b9d648f.jpg,C:\Users\Prathach Raj P\.gemini\antigravity\scratch\krishi-marga\dataset_research\KRISHI_MARGA_DATASETS\02_Cash_Industrial\Sugarcane\processed\images\Bacterial_Blight\DS_SUGAR_02_Bacterial_Blight_S_BLB-50-_JPG.rf.1a7c6c325c75fe844fb79ca32b9d648f.jpg,KEPT,Valid image passing all automated filters,DS_SUGAR_02,Sugarcane,Bacterial Blight
C:\Users\Prathach Raj P\.gemini\antigravity\scratch\krishi-marga\dataset_research\KRISHI_MARGA_DATASETS\02_Cash_Industrial\Sugarcane\raw\DS_SUGAR_02\train\images\S_BLB-51-_JPG.rf.01488bf12af7bc2a98f53d81f3510056.jpg,C:\Users\Prathach Raj P\.gemini\antigravity\scratch\krishi-marga\dataset_research\KRISHI_MARGA_DATASETS\02_Cash_Industrial\Sugarcane\processed\images\Bacterial_Blight\DS_SUGAR_02_Bacterial_Blight_S_BLB-51-_JPG.rf.01488bf12af7bc2a98f53d81f3510056.jpg,KEPT,Valid image passing all automated filters,DS_SUGAR_02,Sugarcane,Bacterial Blight
C:\Users\Prathach Raj P\.gemini\antigravity\scratch\krishi-marga\dataset_research\KRISHI_MARGA_DATASETS\02_Cash_Industrial\Sugarcane\raw\DS_SUGAR_02\train\images\S_BLB-53-_JPG.rf.41118612942167695410dca16f492ab1.jpg,C:\Users\Prathach Raj P\.gemini\antigravity\scratch\krishi-marga\dataset_research\KRISHI_MARGA_DATASETS\02_Cash_Industrial\Sugarcane\processed\images\Bacterial_Blight\DS_SUGAR_02_Bacterial_Blight_S_BLB-53-_JPG.rf.41118612942167695410dca16f492ab1.jpg,KEPT,Valid image passing all automated filters,DS_SUGAR_02,Sugarcane,Bacterial Blight
C:\Users\Prathach Raj P\.gemini\antigravity\scratch\krishi-marga\dataset_research\KRISHI_MARGA_DATASETS\02_Cash_Industrial\Sugarcane\raw\DS_SUGAR_02\train\images\S_BLB-54-_JPG.rf.96c058a390e16cedba0e3ee8a77efa67.jpg,C:\Users\Prathach Raj P\.gemini\antigravity\scratch\krishi-marga\dataset_research\KRISHI_MARGA_DATASETS\02_Cash_Industrial\Sugarcane\processed\images\Bacterial_Blight\DS_SUGAR_02_Bacterial_Blight_S_BLB-54-_JPG.rf.96c058a390e16cedba0e3ee8a77efa67.jpg,KEPT,Valid image passing all automated filters,DS_SUGAR_02,Sugarcane,Bacterial Blight
C:\Users\Prathach Raj P\.gemini\antigravity\scratch\krishi-marga\dataset_research\KRISHI_MARGA_DATASETS\02_Cash_Industrial\Sugarcane\raw\DS_SUGAR_02\train\images\S_BLB-55-_JPG.rf.348aec72e3f4c39d3c7af886f0d1b26e.jpg,C:\Users\Prathach Raj P\.gemini\antigravity\scratch\krishi-marga\dataset_research\KRISHI_MARGA_DATASETS\02_Cash_Industrial\Sugarcane\processed\images\Bacterial_Blight\DS_SUGAR_02_Bacterial_Blight_S_BLB-55-_JPG.rf.348aec72e3f4c39d3c7af886f0d1b26e.jpg,KEPT,Valid image passing all automated filters,DS_SUGAR_02,Sugarcane,Bacterial Blight
C:\Users\Prathach Raj P\.gemini\antigravity\scratch\krishi-marga\dataset_research\KRISHI_MARGA_DATASETS\02_Cash_Industrial\Sugarcane\raw\DS_SUGAR_02\train\images\S_BLB-56-_JPG.rf.9307d2ac04f27e1ef21ee4a579a620c9.jpg,C:\Users\Prathach Raj P\.gemini\antigravity\scratch\krishi-marga\dataset_research\KRISHI_MARGA_DATASETS\02_Cash_Industrial\Sugarcane\processed\images\Bacterial_Blight\DS_SUGAR_02_Bacterial_Blight_S_BLB-56-_JPG.rf.9307d2ac04f27e1ef21ee4a579a620c9.jpg,KEPT,Valid image passing all automated filters,DS_SUGAR_02,Sugarcane,Bacterial Blight
C:\Users\Prathach Raj P\.gemini\antigravity\scratch\krishi-marga\dataset_research\KRISHI_MARGA_DATASETS\02_Cash_Industrial\Sugarcane\raw\DS_SUGAR_02\train\images\S_BLB-57-_JPG.rf.5fbf1e3ae5964d83721c8724c95f8180.jpg,C:\Users\Prathach Raj P\.gemini\antigravity\scratch\krishi-marga\dataset_research\KRISHI_MARGA_DATASETS\02_Cash_Industrial\Sugarcane\processed\images\Bacterial_Blight\DS_SUGAR_02_Bacterial_Blight_S_BLB-57-_JPG.rf.5fbf1e3ae5964d83721c8724c95f8180.jpg,KEPT,Valid image passing all automated filters,DS_SUGAR_02,Sugarcane,Bacterial Blight
C:\Users\Prathach Raj P\.gemini\antigravity\scratch\krishi-marga\dataset_research\KRISHI_MARGA_DATASETS\02_Cash_Industrial\Sugarcane\raw\DS_SUGAR_02\train\images\S_BLB-58-_JPG.rf.7c8ad2778f490542cd698d463a45d8ab.jpg,C:\Users\Prathach Raj P\.gemini\antigravity\scratch\krishi-marga\dataset_research\KRISHI_MARGA_DATASETS\02_Cash_Industrial\Sugarcane\processed\images\Bacterial_Blight\DS_SUGAR_02_Bacterial_Blight_S_BLB-58-_JPG.rf.7c8ad2778f490542cd698d463a45d8ab.jpg,KEPT,Valid image passing all automated filters,DS_SUGAR_02,Sugarcane,Bacterial Blight
C:\Users\Prathach Raj P\.gemini\antigravity\scratch\krishi-marga\dataset_research\KRISHI_MARGA_DATASETS\02_Cash_Industrial\Sugarcane\raw\DS_SUGAR_02\train\images\S_BLB-59-_JPG.rf.6cc14e34d8bea9768f6d39d65e3c5d62.jpg,C:\Users\Prathach Raj P\.gemini\antigravity\scratch\krishi-marga\dataset_research\KRISHI_MARGA_DATASETS\02_Cash_Industrial\Sugarcane\processed\images\Bacterial_Blight\DS_SUGAR_02_Bacterial_Blight_S_BLB-59-_JPG.rf.6cc14e34d8bea9768f6d39d65e3c5d62.jpg,KEPT,Valid image passing all automated filters,DS_SUGAR_02,Sugarcane,Bacterial Blight
C:\Users\Prathach Raj P\.gemini\antigravity\scratch\krishi-marga\dataset_research\KRISHI_MARGA_DATASETS\02_Cash_Industrial\Sugarcane\raw\DS_SUGAR_02\train\images\S_BLB-60-_JPG.rf.81f84f1977c7f4f51cd3780acc30fba8.jpg,C:\Users\Prathach Raj P\.gemini\antigravity\scratch\krishi-marga\dataset_research\KRISHI_MARGA_DATASETS\02_Cash_Industrial\Sugarcane\processed\images\Bacterial_Blight\DS_SUGAR_02_Bacterial_Blight_S_BLB-60-_JPG.rf.81f84f1977c7f4f51cd3780acc30fba8.jpg,KEPT,Valid image passing all automated filters,DS_SUGAR_02,Sugarcane,Bacterial Blight
C:\Users\Prathach Raj P\.gemini\antigravity\scratch\krishi-marga\dataset_research\KRISHI_MARGA_DATASETS\02_Cash_Industrial\Sugarcane\raw\DS_SUGAR_02\train\images\S_BLB-61-_JPG.rf.ad07c9f63368fc16a13dd536310b47ac.jpg,C:\Users\Prathach Raj P\.gemini\antigravity\scratch\krishi-marga\dataset_research\KRISHI_MARGA_DATASETS\02_Cash_Industrial\Sugarcane\processed\images\Bacterial_Blight\DS_SUGAR_02_Bacterial_Blight_S_BLB-61-_JPG.rf.ad07c9f63368fc16a13dd536310b47ac.jpg,KEPT,Valid image passing all automated filters,DS_SUGAR_02,Sugarcane,Bacterial Blight
C:\Users\Prathach Raj P\.gemini\antigravity\scratch\krishi-marga\dataset_research\KRISHI_MARGA_DATASETS\02_Cash_Industrial\Sugarcane\raw\DS_SUGAR_02\train\images\S_BLB-62-_JPG.rf.051271ec52f5cd1fe7867f33bc0e8f83.jpg,C:\Users\Prathach Raj P\.gemini\antigravity\scratch\krishi-marga\dataset_research\KRISHI_MARGA_DATASETS\02_Cash_Industrial\Sugarcane\processed\images\Bacterial_Blight\DS_SUGAR_02_Bacterial_Blight_S_BLB-62-_JPG.rf.051271ec52f5cd1fe7867f33bc0e8f83.jpg,KEPT,Valid image passing all automated filters,DS_SUGAR_02,Sugarcane,Bacterial Blight
C:\Users\Prathach Raj P\.gemini\antigravity\scratch\krishi-marga\dataset_research\KRISHI_MARGA_DATASETS\02_Cash_Industrial\Sugarcane\raw\DS_SUGAR_02\train\images\S_BLB-65-_JPG.rf.005ee9afe28dde73b1b4a35a0459ef18.jpg,C:\Users\Prathach Raj P\.gemini\antigravity\scratch\krishi-marga\dataset_research\KRISHI_MARGA_DATASETS\02_Cash_Industrial\Sugarcane\processed\images\Bacterial_Blight\DS_SUGAR_02_Bacterial_Blight_S_BLB-65-_JPG.rf.005ee9afe28dde73b1b4a35a0459ef18.jpg,KEPT,Valid image passing all automated filters,DS_SUGAR_02,Sugarcane,Bacterial Blight
C:\Users\Prathach Raj P\.gemini\antigravity\scratch\krishi-marga\dataset_research\KRISHI_MARGA_DATASETS\02_Cash_Industrial\Sugarcane\raw\DS_SUGAR_02\train\images\S_BLB-66-_JPG.rf.9dc9b9cdbf70c4f6db059cc5944308ef.jpg,C:\Users\Prathach Raj P\.gemini\antigravity\scratch\krishi-marga\dataset_research\KRISHI_MARGA_DATASETS\02_Cash_Industrial\Sugarcane\processed\images\Bacterial_Blight\DS_SUGAR_02_Bacterial_Blight_S_BLB-66-_JPG.rf.9dc9b9cdbf70c4f6db059cc5944308ef.jpg,KEPT,Valid image passing all automated filters,DS_SUGAR_02,Sugarcane,Bacterial Blight
C:\Users\Prathach Raj P\.gemini\antigravity\scratch\krishi-marga\dataset_research\KRISHI_MARGA_DATASETS\02_Cash_Industrial\Sugarcane\raw\DS_SUGAR_02\train\images\S_BLB-68-_JPG.rf.fb52671eeec90cfe59e0892e479a37bf.jpg,C:\Users\Prathach Raj P\.gemini\antigravity\scratch\krishi-marga\dataset_research\KRISHI_MARGA_DATASETS\02_Cash_Industrial\Sugarcane\processed\images\Bacterial_Blight\DS_SUGAR_02_Bacterial_Blight_S_BLB-68-_JPG.rf.fb52671eeec90cfe59e0892e479a37bf.jpg,KEPT,Valid image passing all automated filters,DS_SUGAR_02,Sugarcane,Bacterial Blight
C:\Users\Prathach Raj P\.gemini\antigravity\scratch\krishi-marga\dataset_research\KRISHI_MARGA_DATASETS\02_Cash_Industrial\Sugarcane\raw\DS_SUGAR_02\train\images\S_BLB-69-_JPG.rf.ae22aaf81c9d32be41ca619277a5a7e7.jpg,C:\Users\Prathach Raj P\.gemini\antigravity\scratch\krishi-marga\dataset_research\KRISHI_MARGA_DATASETS\02_Cash_Industrial\Sugarcane\processed\images\Bacterial_Blight\DS_SUGAR_02_Bacterial_Blight_S_BLB-69-_JPG.rf.ae22aaf81c9d32be41ca619277a5a7e7.jpg,KEPT,Valid image passing all automated filters,DS_SUGAR_02,Sugarcane,Bacterial Blight
C:\Users\Prathach Raj P\.gemini\antigravity\scratch\krishi-marga\dataset_research\KRISHI_MARGA_DATASETS\02_Cash_Industrial\Sugarcane\raw\DS_SUGAR_02\train\images\S_BLB-7-_JPG.rf.3476138f10bfebae26139aa5a8669214.jpg,C:\Users\Prathach Raj P\.gemini\antigravity\scratch\krishi-marga\dataset_research\KRISHI_MARGA_DATASETS\02_Cash_Industrial\Sugarcane\processed\images\Bacterial_Blight\DS_SUGAR_02_Bacterial_Blight_S_BLB-7-_JPG.rf.3476138f10bfebae26139aa5a8669214.jpg,KEPT,Valid image passing all automated filters,DS_SUGAR_02,Sugarcane,Bacterial Blight
C:\Users\Prathach Raj P\.gemini\antigravity\scratch\krishi-marga\dataset_research\KRISHI_MARGA_DATASETS\02_Cash_Industrial\Sugarcane\raw\DS_SUGAR_02\train\images\S_BLB-71-_JPG.rf.5ef22ed099828709ee945981d81f26d4.jpg,C:\Users\Prathach Raj P\.gemini\antigravity\scratch\krishi-marga\dataset_research\KRISHI_MARGA_DATASETS\02_Cash_Industrial\Sugarcane\processed\images\Bacterial_Blight\DS_SUGAR_02_Bacterial_Blight_S_BLB-71-_JPG.rf.5ef22ed099828709ee945981d81f26d4.jpg,KEPT,Valid image passing all automated filters,DS_SUGAR_02,Sugarcane,Bacterial Blight
C:\Users\Prathach Raj P\.gemini\antigravity\scratch\krishi-marga\dataset_research\KRISHI_MARGA_DATASETS\02_Cash_Industrial\Sugarcane\raw\DS_SUGAR_02\train\images\S_BLB-72-_JPG.rf.2fdf0b4818fa499de6a544edb8653d20.jpg,C:\Users\Prathach Raj P\.gemini\antigravity\scratch\krishi-marga\dataset_research\KRISHI_MARGA_DATASETS\02_Cash_Industrial\Sugarcane\processed\images\Bacterial_Blight\DS_SUGAR_02_Bacterial_Blight_S_BLB-72-_JPG.rf.2fdf0b4818fa499de6a544edb8653d20.jpg,KEPT,Valid image passing all automated filters,DS_SUGAR_02,Sugarcane,Bacterial Blight
C:\Users\Prathach Raj P\.gemini\antigravity\scratch\krishi-marga\dataset_research\KRISHI_MARGA_DATASETS\02_Cash_Industrial\Sugarcane\raw\DS_SUGAR_02\train\images\S_BLB-73-_JPG.rf.c3232f1dcd6d6993bafce9b80693cc9e.jpg,C:\Users\Prathach Raj P\.gemini\antigravity\scratch\krishi-marga\dataset_research\KRISHI_MARGA_DATASETS\02_Cash_Industrial\Sugarcane\processed\images\Bacterial_Blight\DS_SUGAR_02_Bacterial_Blight_S_BLB-73-_JPG.rf.c3232f1dcd6d6993bafce9b80693cc9e.jpg,KEPT,Valid image passing all automated filters,DS_SUGAR_02,Sugarcane,Bacterial Blight
C:\Users\Prathach Raj P\.gemini\antigravity\scratch\krishi-marga\dataset_research\KRISHI_MARGA_DATASETS\02_Cash_Industrial\Sugarcane\raw\DS_SUGAR_02\train\images\S_BLB-74-_JPG.rf.f42ceb03118c6cd25ef1c91954cfcb19.jpg,C:\Users\Prathach Raj P\.gemini\antigravity\scratch\krishi-marga\dataset_research\KRISHI_MARGA_DATASETS\02_Cash_Industrial\Sugarcane\processed\images\Bacterial_Blight\DS_SUGAR_02_Bacterial_Blight_S_BLB-74-_JPG.rf.f42ceb03118c6cd25ef1c91954cfcb19.jpg,KEPT,Valid image passing all automated filters,DS_SUGAR_02,Sugarcane,Bacterial Blight
C:\Users\Prathach Raj P\.gemini\antigravity\scratch\krishi-marga\dataset_research\KRISHI_MARGA_DATASETS\02_Cash_Industrial\Sugarcane\raw\DS_SUGAR_02\train\images\S_BLB-75-_JPG.rf.0e25de7932814a6b881fb8f92baba468.jpg,C:\Users\Prathach Raj P\.gemini\antigravity\scratch\krishi-marga\dataset_research\KRISHI_MARGA_DATASETS\02_Cash_Industrial\Sugarcane\processed\images\Bacterial_Blight\DS_SUGAR_02_Bacterial_Blight_S_BLB-75-_JPG.rf.0e25de7932814a6b881fb8f92baba468.jpg,KEPT,Valid image passing all automated filters,DS_SUGAR_02,Sugarcane,Bacterial Blight
C:\Users\Prathach Raj P\.gemini\antigravity\scratch\krishi-marga\dataset_research\KRISHI_MARGA_DATASETS\02_Cash_Industrial\Sugarcane\raw\DS_SUGAR_02\train\images\S_BLB-76-_JPG.rf.57b3289263240948515abb63c2ce65f8.jpg,C:\Users\Prathach Raj P\.gemini\antigravity\scratch\krishi-marga\dataset_research\KRISHI_MARGA_DATASETS\02_Cash_Industrial\Sugarcane\processed\images\Bacterial_Blight\DS_SUGAR_02_Bacterial_Blight_S_BLB-76-_JPG.rf.57b3289263240948515abb63c2ce65f8.jpg,KEPT,Valid image passing all automated filters,DS_SUGAR_02,Sugarcane,Bacterial Blight
C:\Users\Prathach Raj P\.gemini\antigravity\scratch\krishi-marga\dataset_research\KRISHI_MARGA_DATASETS\02_Cash_Industrial\Sugarcane\raw\DS_SUGAR_02\train\images\S_BLB-77-_JPG.rf.d36bee26ac2ee21b52001647f1c99c42.jpg,C:\Users\Prathach Raj P\.gemini\antigravity\scratch\krishi-marga\dataset_research\KRISHI_MARGA_DATASETS\02_Cash_Industrial\Sugarcane\processed\images\Bacterial_Blight\DS_SUGAR_02_Bacterial_Blight_S_BLB-77-_JPG.rf.d36bee26ac2ee21b52001647f1c99c42.jpg,KEPT,Valid image passing all automated filters,DS_SUGAR_02,Sugarcane,Bacterial Blight
C:\Users\Prathach Raj P\.gemini\antigravity\scratch\krishi-marga\dataset_research\KRISHI_MARGA_DATASETS\02_Cash_Industrial\Sugarcane\raw\DS_SUGAR_02\train\images\S_BLB-78-_JPG.rf.3d88f1a14507197d22bea39bfeeda833.jpg,C:\Users\Prathach Raj P\.gemini\antigravity\scratch\krishi-marga\dataset_research\KRISHI_MARGA_DATASETS\02_Cash_Industrial\Sugarcane\processed\images\Bacterial_Blight\DS_SUGAR_02_Bacterial_Blight_S_BLB-78-_JPG.rf.3d88f1a14507197d22bea39bfeeda833.jpg,KEPT,Valid image passing all automated filters,DS_SUGAR_02,Sugarcane,Bacterial Blight
C:\Users\Prathach Raj P\.gemini\antigravity\scratch\krishi-marga\dataset_research\KRISHI_MARGA_DATASETS\02_Cash_Industrial\Sugarcane\raw\DS_SUGAR_02\train\images\S_BLB-79-_JPG.rf.d0c02f4015bc85d2ff3de2f668e056ce.jpg,C:\Users\Prathach Raj P\.gemini\antigravity\scratch\krishi-marga\dataset_research\KRISHI_MARGA_DATASETS\02_Cash_Industrial\Sugarcane\processed\images\Bacterial_Blight\DS_SUGAR_02_Bacterial_Blight_S_BLB-79-_JPG.rf.d0c02f4015bc85d2ff3de2f668e056ce.jpg,KEPT,Valid image passing all automated filters,DS_SUGAR_02,Sugarcane,Bacterial Blight
C:\Users\Prathach Raj P\.gemini\antigravity\scratch\krishi-marga\dataset_research\KRISHI_MARGA_DATASETS\02_Cash_Industrial\Sugarcane\raw\DS_SUGAR_02\train\images\S_BLB-8-_JPG.rf.6e3d78053249debf402bf4f63e86b360.jpg,C:\Users\Prathach Raj P\.gemini\antigravity\scratch\krishi-marga\dataset_research\KRISHI_MARGA_DATASETS\02_Cash_Industrial\Sugarcane\processed\images\Bacterial_Blight\DS_SUGAR_02_Bacterial_Blight_S_BLB-8-_JPG.rf.6e3d78053249debf402bf4f63e86b360.jpg,KEPT,Valid image passing all automated filters,DS_SUGAR_02,Sugarcane,Bacterial Blight
C:\Users\Prathach Raj P\.gemini\antigravity\scratch\krishi-marga\dataset_research\KRISHI_MARGA_DATASETS\02_Cash_Industrial\Sugarcane\raw\DS_SUGAR_02\train\images\S_BLB-80-_JPG.rf.44d8dc3671e72d2ab60ff9a4e171b2c4.jpg,C:\Users\Prathach Raj P\.gemini\antigravity\scratch\krishi-marga\dataset_research\KRISHI_MARGA_DATASETS\02_Cash_Industrial\Sugarcane\processed\images\Bacterial_Blight\DS_SUGAR_02_Bacterial_Blight_S_BLB-80-_JPG.rf.44d8dc3671e72d2ab60ff9a4e171b2c4.jpg,KEPT,Valid image passing all automated filters,DS_SUGAR_02,Sugarcane,Bacterial Blight
C:\Users\Prathach Raj P\.gemini\antigravity\scratch\krishi-marga\dataset_research\KRISHI_MARGA_DATASETS\02_Cash_Industrial\Sugarcane\raw\DS_SUGAR_02\train\images\S_BLB-81-_JPG.rf.c2bcf498e56053511fe7081a07bb7cc6.jpg,C:\Users\Prathach Raj P\.gemini\antigravity\scratch\krishi-marga\dataset_research\KRISHI_MARGA_DATASETS\02_Cash_Industrial\Sugarcane\processed\images\Bacterial_Blight\DS_SUGAR_02_Bacterial_Blight_S_BLB-81-_JPG.rf.c2bcf498e56053511fe7081a07bb7cc6.jpg,KEPT,Valid image passing all automated filters,DS_SUGAR_02,Sugarcane,Bacterial Blight
C:\Users\Prathach Raj P\.gemini\antigravity\scratch\krishi-marga\dataset_research\KRISHI_MARGA_DATASETS\02_Cash_Industrial\Sugarcane\raw\DS_SUGAR_02\train\images\S_BLB-83-_JPG.rf.cc47bbe1508c576cead3841512999d2a.jpg,C:\Users\Prathach Raj P\.gemini\antigravity\scratch\krishi-marga\dataset_research\KRISHI_MARGA_DATASETS\02_Cash_Industrial\Sugarcane\processed\images\Bacterial_Blight\DS_SUGAR_02_Bacterial_Blight_S_BLB-83-_JPG.rf.cc47bbe1508c576cead3841512999d2a.jpg,KEPT,Valid image passing all automated filters,DS_SUGAR_02,Sugarcane,Bacterial Blight
C:\Users\Prathach Raj P\.gemini\antigravity\scratch\krishi-marga\dataset_research\KRISHI_MARGA_DATASETS\02_Cash_Industrial\Sugarcane\raw\DS_SUGAR_02\train\images\S_BLB-86-_JPG.rf.6791e6f34e4a33b580b62a052498d2a6.jpg,C:\Users\Prathach Raj P\.gemini\antigravity\scratch\krishi-marga\dataset_research\KRISHI_MARGA_DATASETS\02_Cash_Industrial\Sugarcane\processed\images\Bacterial_Blight\DS_SUGAR_02_Bacterial_Blight_S_BLB-86-_JPG.rf.6791e6f34e4a33b580b62a052498d2a6.jpg,KEPT,Valid image passing all automated filters,DS_SUGAR_02,Sugarcane,Bacterial Blight
C:\Users\Prathach Raj P\.gemini\antigravity\scratch\krishi-marga\dataset_research\KRISHI_MARGA_DATASETS\02_Cash_Industrial\Sugarcane\raw\DS_SUGAR_02\train\images\S_BLB-87-_JPG.rf.f65a328c042555434c15d0eee773c32b.jpg,C:\Users\Prathach Raj P\.gemini\antigravity\scratch\krishi-marga\dataset_research\KRISHI_MARGA_DATASETS\02_Cash_Industrial\Sugarcane\processed\images\Bacterial_Blight\DS_SUGAR_02_Bacterial_Blight_S_BLB-87-_JPG.rf.f65a328c042555434c15d0eee773c32b.jpg,KEPT,Valid image passing all automated filters,DS_SUGAR_02,Sugarcane,Bacterial Blight
C:\Users\Prathach Raj P\.gemini\antigravity\scratch\krishi-marga\dataset_research\KRISHI_MARGA_DATASETS\02_Cash_Industrial\Sugarcane\raw\DS_SUGAR_02\train\images\S_BLB-88-_JPG.rf.5ea8f7d86b358bdcbf4a73417e5a802f.jpg,C:\Users\Prathach Raj P\.gemini\antigravity\scratch\krishi-marga\dataset_research\KRISHI_MARGA_DATASETS\02_Cash_Industrial\Sugarcane\processed\images\Bacterial_Blight\DS_SUGAR_02_Bacterial_Blight_S_BLB-88-_JPG.rf.5ea8f7d86b358bdcbf4a73417e5a802f.jpg,KEPT,Valid image passing all automated filters,DS_SUGAR_02,Sugarcane,Bacterial Blight
C:\Users\Prathach Raj P\.gemini\antigravity\scratch\krishi-marga\dataset_research\KRISHI_MARGA_DATASETS\02_Cash_Industrial\Sugarcane\raw\DS_SUGAR_02\train\images\S_BLB-89-_JPG.rf.f82a57cf6c0af443c6db80969afdddcc.jpg,C:\Users\Prathach Raj P\.gemini\antigravity\scratch\krishi-marga\dataset_research\KRISHI_MARGA_DATASETS\02_Cash_Industrial\Sugarcane\processed\images\Bacterial_Blight\DS_SUGAR_02_Bacterial_Blight_S_BLB-89-_JPG.rf.f82a57cf6c0af443c6db80969afdddcc.jpg,KEPT,Valid image passing all automated filters,DS_SUGAR_02,Sugarcane,Bacterial Blight
C:\Users\Prathach Raj P\.gemini\antigravity\scratch\krishi-marga\dataset_research\KRISHI_MARGA_DATASETS\02_Cash_Industrial\Sugarcane\raw\DS_SUGAR_02\train\images\S_BLB-90-_JPG.rf.8d64cb53a6be8a17b847189cb7450c99.jpg,C:\Users\Prathach Raj P\.gemini\antigravity\scratch\krishi-marga\dataset_research\KRISHI_MARGA_DATASETS\02_Cash_Industrial\Sugarcane\processed\images\Bacterial_Blight\DS_SUGAR_02_Bacterial_Blight_S_BLB-90-_JPG.rf.8d64cb53a6be8a17b847189cb7450c99.jpg,KEPT,Valid image passing all automated filters,DS_SUGAR_02,Sugarcane,Bacterial Blight
C:\Users\Prathach Raj P\.gemini\antigravity\scratch\krishi-marga\dataset_research\KRISHI_MARGA_DATASETS\02_Cash_Industrial\Sugarcane\raw\DS_SUGAR_02\train\images\S_BLB-91-_JPG.rf.db5a7ea4dbe568a6031948ce10082a46.jpg,C:\Users\Prathach Raj P\.gemini\antigravity\scratch\krishi-marga\dataset_research\KRISHI_MARGA_DATASETS\02_Cash_Industrial\Sugarcane\processed\images\Bacterial_Blight\DS_SUGAR_02_Bacterial_Blight_S_BLB-91-_JPG.rf.db5a7ea4dbe568a6031948ce10082a46.jpg,KEPT,Valid image passing all automated filters,DS_SUGAR_02,Sugarcane,Bacterial Blight
C:\Users\Prathach Raj P\.gemini\antigravity\scratch\krishi-marga\dataset_research\KRISHI_MARGA_DATASETS\02_Cash_Industrial\Sugarcane\raw\DS_SUGAR_02\train\images\S_BLB-92-_JPG.rf.7ba6d87eb9c324a32322b53db96450cf.jpg,C:\Users\Prathach Raj P\.gemini\antigravity\scratch\krishi-marga\dataset_research\KRISHI_MARGA_DATASETS\02_Cash_Industrial\Sugarcane\processed\images\Bacterial_Blight\DS_SUGAR_02_Bacterial_Blight_S_BLB-92-_JPG.rf.7ba6d87eb9c324a32322b53db96450cf.jpg,KEPT,Valid image passing all automated filters,DS_SUGAR_02,Sugarcane,Bacterial Blight
C:\Users\Prathach Raj P\.gemini\antigravity\scratch\krishi-marga\dataset_research\KRISHI_MARGA_DATASETS\02_Cash_Industrial\Sugarcane\raw\DS_SUGAR_02\train\images\S_BLB-93-_JPG.rf.35e3312d715d8198b124eff38b55e804.jpg,C:\Users\Prathach Raj P\.gemini\antigravity\scratch\krishi-marga\dataset_research\KRISHI_MARGA_DATASETS\02_Cash_Industrial\Sugarcane\processed\images\Bacterial_Blight\DS_SUGAR_02_Bacterial_Blight_S_BLB-93-_JPG.rf.35e3312d715d8198b124eff38b55e804.jpg,KEPT,Valid image passing all automated filters,DS_SUGAR_02,Sugarcane,Bacterial Blight
C:\Users\Prathach Raj P\.gemini\antigravity\scratch\krishi-marga\dataset_research\KRISHI_MARGA_DATASETS\02_Cash_Industrial\Sugarcane\raw\DS_SUGAR_02\train\images\S_BLB-94-_JPG.rf.a7fb28d6876074f46c09c0cad1cdd85d.jpg,C:\Users\Prathach Raj P\.gemini\antigravity\scratch\krishi-marga\dataset_research\KRISHI_MARGA_DATASETS\02_Cash_Industrial\Sugarcane\processed\images\Bacterial_Blight\DS_SUGAR_02_Bacterial_Blight_S_BLB-94-_JPG.rf.a7fb28d6876074f46c09c0cad1cdd85d.jpg,KEPT,Valid image passing all automated filters,DS_SUGAR_02,Sugarcane,Bacterial Blight
C:\Users\Prathach Raj P\.gemini\antigravity\scratch\krishi-marga\dataset_research\KRISHI_MARGA_DATASETS\02_Cash_Industrial\Sugarcane\raw\DS_SUGAR_02\train\images\S_BLB-95-_JPG.rf.31f8e2bdb19f8f352b3b5c322b5e3b84.jpg,C:\Users\Prathach Raj P\.gemini\antigravity\scratch\krishi-marga\dataset_research\KRISHI_MARGA_DATASETS\02_Cash_Industrial\Sugarcane\processed\images\Bacterial_Blight\DS_SUGAR_02_Bacterial_Blight_S_BLB-95-_JPG.rf.31f8e2bdb19f8f352b3b5c322b5e3b84.jpg,KEPT,Valid image passing all automated filters,DS_SUGAR_02,Sugarcane,Bacterial Blight
C:\Users\Prathach Raj P\.gemini\antigravity\scratch\krishi-marga\dataset_research\KRISHI_MARGA_DATASETS\02_Cash_Industrial\Sugarcane\raw\DS_SUGAR_02\train\images\S_BLB-96-_JPG.rf.149657903e689cc38528b8054e56ee37.jpg,C:\Users\Prathach Raj P\.gemini\antigravity\scratch\krishi-marga\dataset_research\KRISHI_MARGA_DATASETS\02_Cash_Industrial\Sugarcane\processed\images\Bacterial_Blight\DS_SUGAR_02_Bacterial_Blight_S_BLB-96-_JPG.rf.149657903e689cc38528b8054e56ee37.jpg,KEPT,Valid image passing all automated filters,DS_SUGAR_02,Sugarcane,Bacterial Blight
C:\Users\Prathach Raj P\.gemini\antigravity\scratch\krishi-marga\dataset_research\KRISHI_MARGA_DATASETS\02_Cash_Industrial\Sugarcane\raw\DS_SUGAR_02\train\images\S_BLB-97-_JPG.rf.495d8729cb57ca6f9a111dc11b05110c.jpg,C:\Users\Prathach Raj P\.gemini\antigravity\scratch\krishi-marga\dataset_research\KRISHI_MARGA_DATASETS\02_Cash_Industrial\Sugarcane\processed\images\Bacterial_Blight\DS_SUGAR_02_Bacterial_Blight_S_BLB-97-_JPG.rf.495d8729cb57ca6f9a111dc11b05110c.jpg,KEPT,Valid image passing all automated filters,DS_SUGAR_02,Sugarcane,Bacterial Blight
C:\Users\Prathach Raj P\.gemini\antigravity\scratch\krishi-marga\dataset_research\KRISHI_MARGA_DATASETS\02_Cash_Industrial\Sugarcane\raw\DS_SUGAR_02\train\images\S_BLB-98-_JPG.rf.69900593ab85680af15d047dabdebd23.jpg,C:\Users\Prathach Raj P\.gemini\antigravity\scratch\krishi-marga\dataset_research\KRISHI_MARGA_DATASETS\02_Cash_Industrial\Sugarcane\processed\images\Bacterial_Blight\DS_SUGAR_02_Bacterial_Blight_S_BLB-98-_JPG.rf.69900593ab85680af15d047dabdebd23.jpg,KEPT,Valid image passing all automated filters,DS_SUGAR_02,Sugarcane,Bacterial Blight
C:\Users\Prathach Raj P\.gemini\antigravity\scratch\krishi-marga\dataset_research\KRISHI_MARGA_DATASETS\02_Cash_Industrial\Sugarcane\raw\DS_SUGAR_02\train\images\S_H-10-_jpg.rf.583b357e5c549d8e84bdcac1c2265cdf.jpg,C:\Users\Prathach Raj P\.gemini\antigravity\scratch\krishi-marga\dataset_research\KRISHI_MARGA_DATASETS\02_Cash_Industrial\Sugarcane\processed\images\Healthy\DS_SUGAR_02_Healthy_S_H-10-_jpg.rf.583b357e5c549d8e84bdcac1c2265cdf.jpg,KEPT,Valid image passing all automated filters,DS_SUGAR_02,Sugarcane,Healthy
C:\Users\Prathach Raj P\.gemini\antigravity\scratch\krishi-marga\dataset_research\KRISHI_MARGA_DATASETS\02_Cash_Industrial\Sugarcane\raw\DS_SUGAR_02\train\images\S_H-100-_JPG.rf.ab751018766e3850f8d2fd7936ba0b9e.jpg,C:\Users\Prathach Raj P\.gemini\antigravity\scratch\krishi-marga\dataset_research\KRISHI_MARGA_DATASETS\02_Cash_Industrial\Sugarcane\processed\images\Healthy\DS_SUGAR_02_Healthy_S_H-100-_JPG.rf.ab751018766e3850f8d2fd7936ba0b9e.jpg,KEPT,Valid image passing all automated filters,DS_SUGAR_02,Sugarcane,Healthy
C:\Users\Prathach Raj P\.gemini\antigravity\scratch\krishi-marga\dataset_research\KRISHI_MARGA_DATASETS\02_Cash_Industrial\Sugarcane\raw\DS_SUGAR_02\train\images\S_H-11-_jpg.rf.103c8abb61f8b9e86ea5cd7d8f043dc6.jpg,C:\Users\Prathach Raj P\.gemini\antigravity\scratch\krishi-marga\dataset_research\KRISHI_MARGA_DATASETS\02_Cash_Industrial\Sugarcane\processed\images\Healthy\DS_SUGAR_02_Healthy_S_H-11-_jpg.rf.103c8abb61f8b9e86ea5cd7d8f043dc6.jpg,KEPT,Valid image passing all automated filters,DS_SUGAR_02,Sugarcane,Healthy
C:\Users\Prathach Raj P\.gemini\antigravity\scratch\krishi-marga\dataset_research\KRISHI_MARGA_DATASETS\02_Cash_Industrial\Sugarcane\raw\DS_SUGAR_02\train\images\S_H-12-_jpg.rf.eabfe8173147dbb650d295d8ffba63c7.jpg,C:\Users\Prathach Raj P\.gemini\antigravity\scratch\krishi-marga\dataset_research\KRISHI_MARGA_DATASETS\02_Cash_Industrial\Sugarcane\processed\images\Healthy\DS_SUGAR_02_Healthy_S_H-12-_jpg.rf.eabfe8173147dbb650d295d8ffba63c7.jpg,KEPT,Valid image passing all automated filters,DS_SUGAR_02,Sugarcane,Healthy
C:\Users\Prathach Raj P\.gemini\antigravity\scratch\krishi-marga\dataset_research\KRISHI_MARGA_DATASETS\02_Cash_Industrial\Sugarcane\raw\DS_SUGAR_02\train\images\S_H-13-_jpg.rf.38f7407b5fa8e40cb42f5722d3117bfb.jpg,C:\Users\Prathach Raj P\.gemini\antigravity\scratch\krishi-marga\dataset_research\KRISHI_MARGA_DATASETS\02_Cash_Industrial\Sugarcane\processed\images\Healthy\DS_SUGAR_02_Healthy_S_H-13-_jpg.rf.38f7407b5fa8e40cb42f5722d3117bfb.jpg,KEPT,Valid image passing all automated filters,DS_SUGAR_02,Sugarcane,Healthy
C:\Users\Prathach Raj P\.gemini\antigravity\scratch\krishi-marga\dataset_research\KRISHI_MARGA_DATASETS\02_Cash_Industrial\Sugarcane\raw\DS_SUGAR_02\train\images\S_H-14-_jpg.rf.9847d4032fdf94c1276c814855b90e65.jpg,C:\Users\Prathach Raj P\.gemini\antigravity\scratch\krishi-marga\dataset_research\KRISHI_MARGA_DATASETS\02_Cash_Industrial\Sugarcane\processed\images\Healthy\DS_SUGAR_02_Healthy_S_H-14-_jpg.rf.9847d4032fdf94c1276c814855b90e65.jpg,KEPT,Valid image passing all automated filters,DS_SUGAR_02,Sugarcane,Healthy
C:\Users\Prathach Raj P\.gemini\antigravity\scratch\krishi-marga\dataset_research\KRISHI_MARGA_DATASETS\02_Cash_Industrial\Sugarcane\raw\DS_SUGAR_02\train\images\S_H-16-_jpg.rf.a6af6cf1d670922d4020c639752975d5.jpg,C:\Users\Prathach Raj P\.gemini\antigravity\scratch\krishi-marga\dataset_research\KRISHI_MARGA_DATASETS\02_Cash_Industrial\Sugarcane\processed\images\Healthy\DS_SUGAR_02_Healthy_S_H-16-_jpg.rf.a6af6cf1d670922d4020c639752975d5.jpg,KEPT,Valid image passing all automated filters,DS_SUGAR_02,Sugarcane,Healthy
C:\Users\Prathach Raj P\.gemini\antigravity\scratch\krishi-marga\dataset_research\KRISHI_MARGA_DATASETS\02_Cash_Industrial\Sugarcane\raw\DS_SUGAR_02\train\images\S_H-17-_jpg.rf.d3a70165a9d39902bca279ad59684c70.jpg,C:\Users\Prathach Raj P\.gemini\antigravity\scratch\krishi-marga\dataset_research\KRISHI_MARGA_DATASETS\02_Cash_Industrial\Sugarcane\processed\images\Healthy\DS_SUGAR_02_Healthy_S_H-17-_jpg.rf.d3a70165a9d39902bca279ad59684c70.jpg,KEPT,Valid image passing all automated filters,DS_SUGAR_02,Sugarcane,Healthy
C:\Users\Prathach Raj P\.gemini\antigravity\scratch\krishi-marga\dataset_research\KRISHI_MARGA_DATASETS\02_Cash_Industrial\Sugarcane\raw\DS_SUGAR_02\train\images\S_H-18-_jpg.rf.5955649066c543a52384d569b6cf1049.jpg,C:\Users\Prathach Raj P\.gemini\antigravity\scratch\krishi-marga\dataset_research\KRISHI_MARGA_DATASETS\02_Cash_Industrial\Sugarcane\processed\images\Healthy\DS_SUGAR_02_Healthy_S_H-18-_jpg.rf.5955649066c543a52384d569b6cf1049.jpg,KEPT,Valid image passing all automated filters,DS_SUGAR_02,Sugarcane,Healthy
C:\Users\Prathach Raj P\.gemini\antigravity\scratch\krishi-marga\dataset_research\KRISHI_MARGA_DATASETS\02_Cash_Industrial\Sugarcane\raw\DS_SUGAR_02\train\images\S_H-19-_jpg.rf.ce136e0cd7d8c23e08104b77d4bc055e.jpg,C:\Users\Prathach Raj P\.gemini\antigravity\scratch\krishi-marga\dataset_research\KRISHI_MARGA_DATASETS\02_Cash_Industrial\Sugarcane\processed\images\Healthy\DS_SUGAR_02_Healthy_S_H-19-_jpg.rf.ce136e0cd7d8c23e08104b77d4bc055e.jpg,KEPT,Valid image passing all automated filters,DS_SUGAR_02,Sugarcane,Healthy
C:\Users\Prathach Raj P\.gemini\antigravity\scratch\krishi-marga\dataset_research\KRISHI_MARGA_DATASETS\02_Cash_Industrial\Sugarcane\raw\DS_SUGAR_02\train\images\S_H-2-_jpg.rf.913b2abac0de444c1029740fd9131d9b.jpg,C:\Users\Prathach Raj P\.gemini\antigravity\scratch\krishi-marga\dataset_research\KRISHI_MARGA_DATASETS\02_Cash_Industrial\Sugarcane\processed\images\Healthy\DS_SUGAR_02_Healthy_S_H-2-_jpg.rf.913b2abac0de444c1029740fd9131d9b.jpg,KEPT,Valid image passing all automated filters,DS_SUGAR_02,Sugarcane,Healthy
C:\Users\Prathach Raj P\.gemini\antigravity\scratch\krishi-marga\dataset_research\KRISHI_MARGA_DATASETS\02_Cash_Industrial\Sugarcane\raw\DS_SUGAR_02\train\images\S_H-22-_jpg.rf.0998049aa0cc6560b4ab8f9255d04392.jpg,C:\Users\Prathach Raj P\.gemini\antigravity\scratch\krishi-marga\dataset_research\KRISHI_MARGA_DATASETS\02_Cash_Industrial\Sugarcane\processed\images\Healthy\DS_SUGAR_02_Healthy_S_H-22-_jpg.rf.0998049aa0cc6560b4ab8f9255d04392.jpg,KEPT,Valid image passing all automated filters,DS_SUGAR_02,Sugarcane,Healthy
C:\Users\Prathach Raj P\.gemini\antigravity\scratch\krishi-marga\dataset_research\KRISHI_MARGA_DATASETS\02_Cash_Industrial\Sugarcane\raw\DS_SUGAR_02\train\images\S_H-23-_jpg.rf.311363678a70c337de5505c25e4900c7.jpg,C:\Users\Prathach Raj P\.gemini\antigravity\scratch\krishi-marga\dataset_research\KRISHI_MARGA_DATASETS\02_Cash_Industrial\Sugarcane\processed\images\Healthy\DS_SUGAR_02_Healthy_S_H-23-_jpg.rf.311363678a70c337de5505c25e4900c7.jpg,KEPT,Valid image passing all automated filters,DS_SUGAR_02,Sugarcane,Healthy
C:\Users\Prathach Raj P\.gemini\antigravity\scratch\krishi-marga\dataset_research\KRISHI_MARGA_DATASETS\02_Cash_Industrial\Sugarcane\raw\DS_SUGAR_02\train\images\S_H-24-_jpg.rf.6357fb2888cd2efd7804a4fce3d7a742.jpg,C:\Users\Prathach Raj P\.gemini\antigravity\scratch\krishi-marga\dataset_research\KRISHI_MARGA_DATASETS\02_Cash_Industrial\Sugarcane\processed\images\Healthy\DS_SUGAR_02_Healthy_S_H-24-_jpg.rf.6357fb2888cd2efd7804a4fce3d7a742.jpg,KEPT,Valid image passing all automated filters,DS_SUGAR_02,Sugarcane,Healthy
C:\Users\Prathach Raj P\.gemini\antigravity\scratch\krishi-marga\dataset_research\KRISHI_MARGA_DATASETS\02_Cash_Industrial\Sugarcane\raw\DS_SUGAR_02\train\images\S_H-25-_jpg.rf.a5784baaaa1f61b8c364c79afdc0b9e3.jpg,C:\Users\Prathach Raj P\.gemini\antigravity\scratch\krishi-marga\dataset_research\KRISHI_MARGA_DATASETS\02_Cash_Industrial\Sugarcane\processed\images\Healthy\DS_SUGAR_02_Healthy_S_H-25-_jpg.rf.a5784baaaa1f61b8c364c79afdc0b9e3.jpg,KEPT,Valid image passing all automated filters,DS_SUGAR_02,Sugarcane,Healthy
C:\Users\Prathach Raj P\.gemini\antigravity\scratch\krishi-marga\dataset_research\KRISHI_MARGA_DATASETS\02_Cash_Industrial\Sugarcane\raw\DS_SUGAR_02\train\images\S_H-26-_jpg.rf.e4a140ed8c79336012f9fd8305d22fb9.jpg,C:\Users\Prathach Raj P\.gemini\antigravity\scratch\krishi-marga\dataset_research\KRISHI_MARGA_DATASETS\02_Cash_Industrial\Sugarcane\processed\images\Healthy\DS_SUGAR_02_Healthy_S_H-26-_jpg.rf.e4a140ed8c79336012f9fd8305d22fb9.jpg,KEPT,Valid image passing all automated filters,DS_SUGAR_02,Sugarcane,Healthy
C:\Users\Prathach Raj P\.gemini\antigravity\scratch\krishi-marga\dataset_research\KRISHI_MARGA_DATASETS\02_Cash_Industrial\Sugarcane\raw\DS_SUGAR_02\train\images\S_H-27-_jpg.rf.b835a785a4ee336b79e8b7ae9a27445f.jpg,C:\Users\Prathach Raj P\.gemini\antigravity\scratch\krishi-marga\dataset_research\KRISHI_MARGA_DATASETS\02_Cash_Industrial\Sugarcane\processed\images\Healthy\DS_SUGAR_02_Healthy_S_H-27-_jpg.rf.b835a785a4ee336b79e8b7ae9a27445f.jpg,KEPT,Valid image passing all automated filters,DS_SUGAR_02,Sugarcane,Healthy
C:\Users\Prathach Raj P\.gemini\antigravity\scratch\krishi-marga\dataset_research\KRISHI_MARGA_DATASETS\02_Cash_Industrial\Sugarcane\raw\DS_SUGAR_02\train\images\S_H-28-_jpg.rf.c75a09eb8309e56f29fbcd72de21b3a4.jpg,C:\Users\Prathach Raj P\.gemini\antigravity\scratch\krishi-marga\dataset_research\KRISHI_MARGA_DATASETS\02_Cash_Industrial\Sugarcane\processed\images\Healthy\DS_SUGAR_02_Healthy_S_H-28-_jpg.rf.c75a09eb8309e56f29fbcd72de21b3a4.jpg,KEPT,Valid image passing all automated filters,DS_SUGAR_02,Sugarcane,Healthy
C:\Users\Prathach Raj P\.gemini\antigravity\scratch\krishi-marga\dataset_research\KRISHI_MARGA_DATASETS\02_Cash_Industrial\Sugarcane\raw\DS_SUGAR_02\train\images\S_H-29-_jpg.rf.59a48f7060f1369d7cb39a3bf045ecb6.jpg,C:\Users\Prathach Raj P\.gemini\antigravity\scratch\krishi-marga\dataset_research\KRISHI_MARGA_DATASETS\02_Cash_Industrial\Sugarcane\processed\images\Healthy\DS_SUGAR_02_Healthy_S_H-29-_jpg.rf.59a48f7060f1369d7cb39a3bf045ecb6.jpg,KEPT,Valid image passing all automated filters,DS_SUGAR_02,Sugarcane,Healthy
C:\Users\Prathach Raj P\.gemini\antigravity\scratch\krishi-marga\dataset_research\KRISHI_MARGA_DATASETS\02_Cash_Industrial\Sugarcane\raw\DS_SUGAR_02\train\images\S_H-3-_jpg.rf.e7b97170effc9e607e1dd489cb686ef5.jpg,C:\Users\Prathach Raj P\.gemini\antigravity\scratch\krishi-marga\dataset_research\KRISHI_MARGA_DATASETS\02_Cash_Industrial\Sugarcane\processed\images\Healthy\DS_SUGAR_02_Healthy_S_H-3-_jpg.rf.e7b97170effc9e607e1dd489cb686ef5.jpg,KEPT,Valid image passing all automated filters,DS_SUGAR_02,Sugarcane,Healthy
C:\Users\Prathach Raj P\.gemini\antigravity\scratch\krishi-marga\dataset_research\KRISHI_MARGA_DATASETS\02_Cash_Industrial\Sugarcane\raw\DS_SUGAR_02\train\images\S_H-31-_jpg.rf.20bf4faac53c24b02c53e29be7b8b460.jpg,C:\Users\Prathach Raj P\.gemini\antigravity\scratch\krishi-marga\dataset_research\KRISHI_MARGA_DATASETS\02_Cash_Industrial\Sugarcane\processed\images\Healthy\DS_SUGAR_02_Healthy_S_H-31-_jpg.rf.20bf4faac53c24b02c53e29be7b8b460.jpg,KEPT,Valid image passing all automated filters,DS_SUGAR_02,Sugarcane,Healthy
C:\Users\Prathach Raj P\.gemini\antigravity\scratch\krishi-marga\dataset_research\KRISHI_MARGA_DATASETS\02_Cash_Industrial\Sugarcane\raw\DS_SUGAR_02\train\images\S_H-32-_jpg.rf.ae26a204e4ec6466b8a0e22ae7be8a67.jpg,C:\Users\Prathach Raj P\.gemini\antigravity\scratch\krishi-marga\dataset_research\KRISHI_MARGA_DATASETS\02_Cash_Industrial\Sugarcane\processed\images\Healthy\DS_SUGAR_02_Healthy_S_H-32-_jpg.rf.ae26a204e4ec6466b8a0e22ae7be8a67.jpg,KEPT,Valid image passing all automated filters,DS_SUGAR_02,Sugarcane,Healthy
C:\Users\Prathach Raj P\.gemini\antigravity\scratch\krishi-marga\dataset_research\KRISHI_MARGA_DATASETS\02_Cash_Industrial\Sugarcane\raw\DS_SUGAR_02\train\images\S_H-33-_jpg.rf.d68622bd56566a1b4681d14df266632f.jpg,C:\Users\Prathach Raj P\.gemini\antigravity\scratch\krishi-marga\dataset_research\KRISHI_MARGA_DATASETS\02_Cash_Industrial\Sugarcane\processed\images\Healthy\DS_SUGAR_02_Healthy_S_H-33-_jpg.rf.d68622bd56566a1b4681d14df266632f.jpg,KEPT,Valid image passing all automated filters,DS_SUGAR_02,Sugarcane,Healthy
C:\Users\Prathach Raj P\.gemini\antigravity\scratch\krishi-marga\dataset_research\KRISHI_MARGA_DATASETS\02_Cash_Industrial\Sugarcane\raw\DS_SUGAR_02\train\images\S_H-34-_jpg.rf.aefd3e450b0914dd837ebba39dd2fb37.jpg,C:\Users\Prathach Raj P\.gemini\antigravity\scratch\krishi-marga\dataset_research\KRISHI_MARGA_DATASETS\02_Cash_Industrial\Sugarcane\processed\images\Healthy\DS_SUGAR_02_Healthy_S_H-34-_jpg.rf.aefd3e450b0914dd837ebba39dd2fb37.jpg,KEPT,Valid image passing all automated filters,DS_SUGAR_02,Sugarcane,Healthy
C:\Users\Prathach Raj P\.gemini\antigravity\scratch\krishi-marga\dataset_research\KRISHI_MARGA_DATASETS\02_Cash_Industrial\Sugarcane\raw\DS_SUGAR_02\train\images\S_H-35-_jpg.rf.29b591fe6dc7e9e8e048a0f9aa6f4245.jpg,C:\Users\Prathach Raj P\.gemini\antigravity\scratch\krishi-marga\dataset_research\KRISHI_MARGA_DATASETS\02_Cash_Industrial\Sugarcane\processed\images\Healthy\DS_SUGAR_02_Healthy_S_H-35-_jpg.rf.29b591fe6dc7e9e8e048a0f9aa6f4245.jpg,KEPT,Valid image passing all automated filters,DS_SUGAR_02,Sugarcane,Healthy
C:\Users\Prathach Raj P\.gemini\antigravity\scratch\krishi-marga\dataset_research\KRISHI_MARGA_DATASETS\02_Cash_Industrial\Sugarcane\raw\DS_SUGAR_02\train\images\S_H-36-_jpg.rf.bbf70e7718ae75ec64789f5e41660276.jpg,C:\Users\Prathach Raj P\.gemini\antigravity\scratch\krishi-marga\dataset_research\KRISHI_MARGA_DATASETS\02_Cash_Industrial\Sugarcane\processed\images\Healthy\DS_SUGAR_02_Healthy_S_H-36-_jpg.rf.bbf70e7718ae75ec64789f5e41660276.jpg,KEPT,Valid image passing all automated filters,DS_SUGAR_02,Sugarcane,Healthy
C:\Users\Prathach Raj P\.gemini\antigravity\scratch\krishi-marga\dataset_research\KRISHI_MARGA_DATASETS\02_Cash_Industrial\Sugarcane\raw\DS_SUGAR_02\train\images\S_H-37-_jpg.rf.f5f0c9853892f84c93ec1269c3449eab.jpg,C:\Users\Prathach Raj P\.gemini\antigravity\scratch\krishi-marga\dataset_research\KRISHI_MARGA_DATASETS\02_Cash_Industrial\Sugarcane\processed\images\Healthy\DS_SUGAR_02_Healthy_S_H-37-_jpg.rf.f5f0c9853892f84c93ec1269c3449eab.jpg,KEPT,Valid image passing all automated filters,DS_SUGAR_02,Sugarcane,Healthy
C:\Users\Prathach Raj P\.gemini\antigravity\scratch\krishi-marga\dataset_research\KRISHI_MARGA_DATASETS\02_Cash_Industrial\Sugarcane\raw\DS_SUGAR_02\train\images\S_H-38-_jpg.rf.2af1084e72911ff3b0b8d131f16b6a53.jpg,C:\Users\Prathach Raj P\.gemini\antigravity\scratch\krishi-marga\dataset_research\KRISHI_MARGA_DATASETS\02_Cash_Industrial\Sugarcane\processed\images\Healthy\DS_SUGAR_02_Healthy_S_H-38-_jpg.rf.2af1084e72911ff3b0b8d131f16b6a53.jpg,KEPT,Valid image passing all automated filters,DS_SUGAR_02,Sugarcane,Healthy
C:\Users\Prathach Raj P\.gemini\antigravity\scratch\krishi-marga\dataset_research\KRISHI_MARGA_DATASETS\02_Cash_Industrial\Sugarcane\raw\DS_SUGAR_02\train\images\S_H-39-_jpg.rf.7841053fd044207aa00da57b4ed07f27.jpg,C:\Users\Prathach Raj P\.gemini\antigravity\scratch\krishi-marga\dataset_research\KRISHI_MARGA_DATASETS\02_Cash_Industrial\Sugarcane\processed\images\Healthy\DS_SUGAR_02_Healthy_S_H-39-_jpg.rf.7841053fd044207aa00da57b4ed07f27.jpg,KEPT,Valid image passing all automated filters,DS_SUGAR_02,Sugarcane,Healthy
C:\Users\Prathach Raj P\.gemini\antigravity\scratch\krishi-marga\dataset_research\KRISHI_MARGA_DATASETS\02_Cash_Industrial\Sugarcane\raw\DS_SUGAR_02\train\images\S_H-40-_jpg.rf.f0706f786c98825a0afef651a00c81ad.jpg,C:\Users\Prathach Raj P\.gemini\antigravity\scratch\krishi-marga\dataset_research\KRISHI_MARGA_DATASETS\02_Cash_Industrial\Sugarcane\processed\images\Healthy\DS_SUGAR_02_Healthy_S_H-40-_jpg.rf.f0706f786c98825a0afef651a00c81ad.jpg,KEPT,Valid image passing all automated filters,DS_SUGAR_02,Sugarcane,Healthy
C:\Users\Prathach Raj P\.gemini\antigravity\scratch\krishi-marga\dataset_research\KRISHI_MARGA_DATASETS\02_Cash_Industrial\Sugarcane\raw\DS_SUGAR_02\train\images\S_H-42-_jpg.rf.e9d5e7b001631c7af5f133fb291b20d3.jpg,C:\Users\Prathach Raj P\.gemini\antigravity\scratch\krishi-marga\dataset_research\KRISHI_MARGA_DATASETS\02_Cash_Industrial\Sugarcane\processed\images\Healthy\DS_SUGAR_02_Healthy_S_H-42-_jpg.rf.e9d5e7b001631c7af5f133fb291b20d3.jpg,KEPT,Valid image passing all automated filters,DS_SUGAR_02,Sugarcane,Healthy
C:\Users\Prathach Raj P\.gemini\antigravity\scratch\krishi-marga\dataset_research\KRISHI_MARGA_DATASETS\02_Cash_Industrial\Sugarcane\raw\DS_SUGAR_02\train\images\S_H-43-_jpg.rf.7b4e83b9d34fad493807b025e2e2533e.jpg,C:\Users\Prathach Raj P\.gemini\antigravity\scratch\krishi-marga\dataset_research\KRISHI_MARGA_DATASETS\02_Cash_Industrial\Sugarcane\processed\images\Healthy\DS_SUGAR_02_Healthy_S_H-43-_jpg.rf.7b4e83b9d34fad493807b025e2e2533e.jpg,KEPT,Valid image passing all automated filters,DS_SUGAR_02,Sugarcane,Healthy
C:\Users\Prathach Raj P\.gemini\antigravity\scratch\krishi-marga\dataset_research\KRISHI_MARGA_DATASETS\02_Cash_Industrial\Sugarcane\raw\DS_SUGAR_02\train\images\S_H-45-_jpg.rf.fad584122872ae61c5391b904e29e39c.jpg,C:\Users\Prathach Raj P\.gemini\antigravity\scratch\krishi-marga\dataset_research\KRISHI_MARGA_DATASETS\02_Cash_Industrial\Sugarcane\processed\images\Healthy\DS_SUGAR_02_Healthy_S_H-45-_jpg.rf.fad584122872ae61c5391b904e29e39c.jpg,KEPT,Valid image passing all automated filters,DS_SUGAR_02,Sugarcane,Healthy
C:\Users\Prathach Raj P\.gemini\antigravity\scratch\krishi-marga\dataset_research\KRISHI_MARGA_DATASETS\02_Cash_Industrial\Sugarcane\raw\DS_SUGAR_02\train\images\S_H-48-_jpg.rf.bacae9bb297817222b63188d5cb4aca8.jpg,C:\Users\Prathach Raj P\.gemini\antigravity\scratch\krishi-marga\dataset_research\KRISHI_MARGA_DATASETS\02_Cash_Industrial\Sugarcane\processed\images\Healthy\DS_SUGAR_02_Healthy_S_H-48-_jpg.rf.bacae9bb297817222b63188d5cb4aca8.jpg,KEPT,Valid image passing all automated filters,DS_SUGAR_02,Sugarcane,Healthy
C:\Users\Prathach Raj P\.gemini\antigravity\scratch\krishi-marga\dataset_research\KRISHI_MARGA_DATASETS\02_Cash_Industrial\Sugarcane\raw\DS_SUGAR_02\train\images\S_H-49-_jpg.rf.02325bc23aff4c35ae1d3860b2807a7b.jpg,C:\Users\Prathach Raj P\.gemini\antigravity\scratch\krishi-marga\dataset_research\KRISHI_MARGA_DATASETS\02_Cash_Industrial\Sugarcane\processed\images\Healthy\DS_SUGAR_02_Healthy_S_H-49-_jpg.rf.02325bc23aff4c35ae1d3860b2807a7b.jpg,KEPT,Valid image passing all automated filters,DS_SUGAR_02,Sugarcane,Healthy
C:\Users\Prathach Raj P\.gemini\antigravity\scratch\krishi-marga\dataset_research\KRISHI_MARGA_DATASETS\02_Cash_Industrial\Sugarcane\raw\DS_SUGAR_02\train\images\S_H-5-_jpg.rf.c384d880502b4ccbfb434c6961978d4e.jpg,C:\Users\Prathach Raj P\.gemini\antigravity\scratch\krishi-marga\dataset_research\KRISHI_MARGA_DATASETS\02_Cash_Industrial\Sugarcane\processed\images\Healthy\DS_SUGAR_02_Healthy_S_H-5-_jpg.rf.c384d880502b4ccbfb434c6961978d4e.jpg,KEPT,Valid image passing all automated filters,DS_SUGAR_02,Sugarcane,Healthy
C:\Users\Prathach Raj P\.gemini\antigravity\scratch\krishi-marga\dataset_research\KRISHI_MARGA_DATASETS\02_Cash_Industrial\Sugarcane\raw\DS_SUGAR_02\train\images\S_H-50-_jpg.rf.5e5153785447766efdc6494e3971dcc9.jpg,C:\Users\Prathach Raj P\.gemini\antigravity\scratch\krishi-marga\dataset_research\KRISHI_MARGA_DATASETS\02_Cash_Industrial\Sugarcane\processed\images\Healthy\DS_SUGAR_02_Healthy_S_H-50-_jpg.rf.5e5153785447766efdc6494e3971dcc9.jpg,KEPT,Valid image passing all automated filters,DS_SUGAR_02,Sugarcane,Healthy
C:\Users\Prathach Raj P\.gemini\antigravity\scratch\krishi-marga\dataset_research\KRISHI_MARGA_DATASETS\02_Cash_Industrial\Sugarcane\raw\DS_SUGAR_02\train\images\S_H-52-_JPG.rf.43fbaf35d1b3295a8621121cd7ea4d4d.jpg,C:\Users\Prathach Raj P\.gemini\antigravity\scratch\krishi-marga\dataset_research\KRISHI_MARGA_DATASETS\02_Cash_Industrial\Sugarcane\processed\images\Healthy\DS_SUGAR_02_Healthy_S_H-52-_JPG.rf.43fbaf35d1b3295a8621121cd7ea4d4d.jpg,KEPT,Valid image passing all automated filters,DS_SUGAR_02,Sugarcane,Healthy
C:\Users\Prathach Raj P\.gemini\antigravity\scratch\krishi-marga\dataset_research\KRISHI_MARGA_DATASETS\02_Cash_Industrial\Sugarcane\raw\DS_SUGAR_02\train\images\S_H-54-_JPG.rf.eba966c6ad5600c06442e837dfc92fde.jpg,C:\Users\Prathach Raj P\.gemini\antigravity\scratch\krishi-marga\dataset_research\KRISHI_MARGA_DATASETS\02_Cash_Industrial\Sugarcane\processed\images\Healthy\DS_SUGAR_02_Healthy_S_H-54-_JPG.rf.eba966c6ad5600c06442e837dfc92fde.jpg,KEPT,Valid image passing all automated filters,DS_SUGAR_02,Sugarcane,Healthy
C:\Users\Prathach Raj P\.gemini\antigravity\scratch\krishi-marga\dataset_research\KRISHI_MARGA_DATASETS\02_Cash_Industrial\Sugarcane\raw\DS_SUGAR_02\train\images\S_H-55-_JPG.rf.9b63a00eb37f40d22c0b16b9a43541a5.jpg,C:\Users\Prathach Raj P\.gemini\antigravity\scratch\krishi-marga\dataset_research\KRISHI_MARGA_DATASETS\02_Cash_Industrial\Sugarcane\processed\images\Healthy\DS_SUGAR_02_Healthy_S_H-55-_JPG.rf.9b63a00eb37f40d22c0b16b9a43541a5.jpg,KEPT,Valid image passing all automated filters,DS_SUGAR_02,Sugarcane,Healthy
C:\Users\Prathach Raj P\.gemini\antigravity\scratch\krishi-marga\dataset_research\KRISHI_MARGA_DATASETS\02_Cash_Industrial\Sugarcane\raw\DS_SUGAR_02\train\images\S_H-6-_jpg.rf.4ffc21af5d1ec6f5722aee0106469d62.jpg,C:\Users\Prathach Raj P\.gemini\antigravity\scratch\krishi-marga\dataset_research\KRISHI_MARGA_DATASETS\02_Cash_Industrial\Sugarcane\processed\images\Healthy\DS_SUGAR_02_Healthy_S_H-6-_jpg.rf.4ffc21af5d1ec6f5722aee0106469d62.jpg,KEPT,Valid image passing all automated filters,DS_SUGAR_02,Sugarcane,Healthy
C:\Users\Prathach Raj P\.gemini\antigravity\scratch\krishi-marga\dataset_research\KRISHI_MARGA_DATASETS\02_Cash_Industrial\Sugarcane\raw\DS_SUGAR_02\train\images\S_H-60-_JPG.rf.535e734e8d513daa4bcc1bbd552c7cfe.jpg,C:\Users\Prathach Raj P\.gemini\antigravity\scratch\krishi-marga\dataset_research\KRISHI_MARGA_DATASETS\02_Cash_Industrial\Sugarcane\processed\images\Healthy\DS_SUGAR_02_Healthy_S_H-60-_JPG.rf.535e734e8d513daa4bcc1bbd552c7cfe.jpg,KEPT,Valid image passing all automated filters,DS_SUGAR_02,Sugarcane,Healthy
C:\Users\Prathach Raj P\.gemini\antigravity\scratch\krishi-marga\dataset_research\KRISHI_MARGA_DATASETS\02_Cash_Industrial\Sugarcane\raw\DS_SUGAR_02\train\images\S_H-61-_JPG.rf.1e3e0fcebabe749f6e0fbe9f2d66bb99.jpg,C:\Users\Prathach Raj P\.gemini\antigravity\scratch\krishi-marga\dataset_research\KRISHI_MARGA_DATASETS\02_Cash_Industrial\Sugarcane\processed\images\Healthy\DS_SUGAR_02_Healthy_S_H-61-_JPG.rf.1e3e0fcebabe749f6e0fbe9f2d66bb99.jpg,KEPT,Valid image passing all automated filters,DS_SUGAR_02,Sugarcane,Healthy
C:\Users\Prathach Raj P\.gemini\antigravity\scratch\krishi-marga\dataset_research\KRISHI_MARGA_DATASETS\02_Cash_Industrial\Sugarcane\raw\DS_SUGAR_02\train\images\S_H-64-_JPG.rf.582f5412f41bfca250956d8e89b556cb.jpg,C:\Users\Prathach Raj P\.gemini\antigravity\scratch\krishi-marga\dataset_research\KRISHI_MARGA_DATASETS\02_Cash_Industrial\Sugarcane\processed\images\Healthy\DS_SUGAR_02_Healthy_S_H-64-_JPG.rf.582f5412f41bfca250956d8e89b556cb.jpg,KEPT,Valid image passing all automated filters,DS_SUGAR_02,Sugarcane,Healthy
C:\Users\Prathach Raj P\.gemini\antigravity\scratch\krishi-marga\dataset_research\KRISHI_MARGA_DATASETS\02_Cash_Industrial\Sugarcane\raw\DS_SUGAR_02\train\images\S_H-65-_JPG.rf.b5a1db3854a4dbed6e8a9b8ae1a8f66e.jpg,C:\Users\Prathach Raj P\.gemini\antigravity\scratch\krishi-marga\dataset_research\KRISHI_MARGA_DATASETS\02_Cash_Industrial\Sugarcane\processed\images\Healthy\DS_SUGAR_02_Healthy_S_H-65-_JPG.rf.b5a1db3854a4dbed6e8a9b8ae1a8f66e.jpg,KEPT,Valid image passing all automated filters,DS_SUGAR_02,Sugarcane,Healthy
C:\Users\Prathach Raj P\.gemini\antigravity\scratch\krishi-marga\dataset_research\KRISHI_MARGA_DATASETS\02_Cash_Industrial\Sugarcane\raw\DS_SUGAR_02\train\images\S_H-66-_JPG.rf.4c8d647772255570073bacc586f98531.jpg,C:\Users\Prathach Raj P\.gemini\antigravity\scratch\krishi-marga\dataset_research\KRISHI_MARGA_DATASETS\02_Cash_Industrial\Sugarcane\processed\images\Healthy\DS_SUGAR_02_Healthy_S_H-66-_JPG.rf.4c8d647772255570073bacc586f98531.jpg,KEPT,Valid image passing all automated filters,DS_SUGAR_02,Sugarcane,Healthy
C:\Users\Prathach Raj P\.gemini\antigravity\scratch\krishi-marga\dataset_research\KRISHI_MARGA_DATASETS\02_Cash_Industrial\Sugarcane\raw\DS_SUGAR_02\train\images\S_H-67-_JPG.rf.d582a5ee9b384f0a4917519490e57796.jpg,C:\Users\Prathach Raj P\.gemini\antigravity\scratch\krishi-marga\dataset_research\KRISHI_MARGA_DATASETS\02_Cash_Industrial\Sugarcane\processed\images\Healthy\DS_SUGAR_02_Healthy_S_H-67-_JPG.rf.d582a5ee9b384f0a4917519490e57796.jpg,KEPT,Valid image passing all automated filters,DS_SUGAR_02,Sugarcane,Healthy
C:\Users\Prathach Raj P\.gemini\antigravity\scratch\krishi-marga\dataset_research\KRISHI_MARGA_DATASETS\02_Cash_Industrial\Sugarcane\raw\DS_SUGAR_02\train\images\S_H-68-_JPG.rf.1b131cb780127f720be97325a2f51e55.jpg,C:\Users\Prathach Raj P\.gemini\antigravity\scratch\krishi-marga\dataset_research\KRISHI_MARGA_DATASETS\02_Cash_Industrial\Sugarcane\processed\images\Healthy\DS_SUGAR_02_Healthy_S_H-68-_JPG.rf.1b131cb780127f720be97325a2f51e55.jpg,KEPT,Valid image passing all automated filters,DS_SUGAR_02,Sugarcane,Healthy
C:\Users\Prathach Raj P\.gemini\antigravity\scratch\krishi-marga\dataset_research\KRISHI_MARGA_DATASETS\02_Cash_Industrial\Sugarcane\raw\DS_SUGAR_02\train\images\S_H-69-_JPG.rf.fa6f24bfe0d9f55dc43a244cdae5195b.jpg,C:\Users\Prathach Raj P\.gemini\antigravity\scratch\krishi-marga\dataset_research\KRISHI_MARGA_DATASETS\02_Cash_Industrial\Sugarcane\processed\images\Healthy\DS_SUGAR_02_Healthy_S_H-69-_JPG.rf.fa6f24bfe0d9f55dc43a244cdae5195b.jpg,KEPT,Valid image passing all automated filters,DS_SUGAR_02,Sugarcane,Healthy
C:\Users\Prathach Raj P\.gemini\antigravity\scratch\krishi-marga\dataset_research\KRISHI_MARGA_DATASETS\02_Cash_Industrial\Sugarcane\raw\DS_SUGAR_02\train\images\S_H-7-_jpg.rf.239a1d9e75723360d7a4294ef21e3c5c.jpg,C:\Users\Prathach Raj P\.gemini\antigravity\scratch\krishi-marga\dataset_research\KRISHI_MARGA_DATASETS\02_Cash_Industrial\Sugarcane\processed\images\Healthy\DS_SUGAR_02_Healthy_S_H-7-_jpg.rf.239a1d9e75723360d7a4294ef21e3c5c.jpg,KEPT,Valid image passing all automated filters,DS_SUGAR_02,Sugarcane,Healthy
C:\Users\Prathach Raj P\.gemini\antigravity\scratch\krishi-marga\dataset_research\KRISHI_MARGA_DATASETS\02_Cash_Industrial\Sugarcane\raw\DS_SUGAR_02\train\images\S_H-75-_JPG.rf.2d286fe1d7519304d1c9bfa726fff025.jpg,C:\Users\Prathach Raj P\.gemini\antigravity\scratch\krishi-marga\dataset_research\KRISHI_MARGA_DATASETS\02_Cash_Industrial\Sugarcane\processed\images\Healthy\DS_SUGAR_02_Healthy_S_H-75-_JPG.rf.2d286fe1d7519304d1c9bfa726fff025.jpg,KEPT,Valid image passing all automated filters,DS_SUGAR_02,Sugarcane,Healthy
C:\Users\Prathach Raj P\.gemini\antigravity\scratch\krishi-marga\dataset_research\KRISHI_MARGA_DATASETS\02_Cash_Industrial\Sugarcane\raw\DS_SUGAR_02\train\images\S_H-78-_JPG.rf.7807ba73b1d51b13b0173470f59619fc.jpg,C:\Users\Prathach Raj P\.gemini\antigravity\scratch\krishi-marga\dataset_research\KRISHI_MARGA_DATASETS\02_Cash_Industrial\Sugarcane\processed\images\Healthy\DS_SUGAR_02_Healthy_S_H-78-_JPG.rf.7807ba73b1d51b13b0173470f59619fc.jpg,KEPT,Valid image passing all automated filters,DS_SUGAR_02,Sugarcane,Healthy
C:\Users\Prathach Raj P\.gemini\antigravity\scratch\krishi-marga\dataset_research\KRISHI_MARGA_DATASETS\02_Cash_Industrial\Sugarcane\raw\DS_SUGAR_02\train\images\S_H-79-_JPG.rf.652c248ecfdf8cd3df72fd12078dd647.jpg,C:\Users\Prathach Raj P\.gemini\antigravity\scratch\krishi-marga\dataset_research\KRISHI_MARGA_DATASETS\02_Cash_Industrial\Sugarcane\processed\images\Healthy\DS_SUGAR_02_Healthy_S_H-79-_JPG.rf.652c248ecfdf8cd3df72fd12078dd647.jpg,KEPT,Valid image passing all automated filters,DS_SUGAR_02,Sugarcane,Healthy
C:\Users\Prathach Raj P\.gemini\antigravity\scratch\krishi-marga\dataset_research\KRISHI_MARGA_DATASETS\02_Cash_Industrial\Sugarcane\raw\DS_SUGAR_02\train\images\S_H-8-_jpg.rf.ae2db3c8403731306a2251686696d437.jpg,C:\Users\Prathach Raj P\.gemini\antigravity\scratch\krishi-marga\dataset_research\KRISHI_MARGA_DATASETS\02_Cash_Industrial\Sugarcane\processed\images\Healthy\DS_SUGAR_02_Healthy_S_H-8-_jpg.rf.ae2db3c8403731306a2251686696d437.jpg,KEPT,Valid image passing all automated filters,DS_SUGAR_02,Sugarcane,Healthy
C:\Users\Prathach Raj P\.gemini\antigravity\scratch\krishi-marga\dataset_research\KRISHI_MARGA_DATASETS\02_Cash_Industrial\Sugarcane\raw\DS_SUGAR_02\train\images\S_H-81-_JPG.rf.3a195a1d9a3f43886183c7ddd0cd8ee1.jpg,C:\Users\Prathach Raj P\.gemini\antigravity\scratch\krishi-marga\dataset_research\KRISHI_MARGA_DATASETS\02_Cash_Industrial\Sugarcane\processed\images\Healthy\DS_SUGAR_02_Healthy_S_H-81-_JPG.rf.3a195a1d9a3f43886183c7ddd0cd8ee1.jpg,KEPT,Valid image passing all automated filters,DS_SUGAR_02,Sugarcane,Healthy
C:\Users\Prathach Raj P\.gemini\antigravity\scratch\krishi-marga\dataset_research\KRISHI_MARGA_DATASETS\02_Cash_Industrial\Sugarcane\raw\DS_SUGAR_02\train\images\S_H-84-_JPG.rf.ef30151cb6ae900cdc9cef9a5d036955.jpg,C:\Users\Prathach Raj P\.gemini\antigravity\scratch\krishi-marga\dataset_research\KRISHI_MARGA_DATASETS\02_Cash_Industrial\Sugarcane\processed\images\Healthy\DS_SUGAR_02_Healthy_S_H-84-_JPG.rf.ef30151cb6ae900cdc9cef9a5d036955.jpg,KEPT,Valid image passing all automated filters,DS_SUGAR_02,Sugarcane,Healthy
C:\Users\Prathach Raj P\.gemini\antigravity\scratch\krishi-marga\dataset_research\KRISHI_MARGA_DATASETS\02_Cash_Industrial\Sugarcane\raw\DS_SUGAR_02\train\images\S_H-85-_JPG.rf.1362d5c5020f2d8554a280c23f912a1b.jpg,C:\Users\Prathach Raj P\.gemini\antigravity\scratch\krishi-marga\dataset_research\KRISHI_MARGA_DATASETS\02_Cash_Industrial\Sugarcane\processed\images\Healthy\DS_SUGAR_02_Healthy_S_H-85-_JPG.rf.1362d5c5020f2d8554a280c23f912a1b.jpg,KEPT,Valid image passing all automated filters,DS_SUGAR_02,Sugarcane,Healthy
C:\Users\Prathach Raj P\.gemini\antigravity\scratch\krishi-marga\dataset_research\KRISHI_MARGA_DATASETS\02_Cash_Industrial\Sugarcane\raw\DS_SUGAR_02\train\images\S_H-86-_JPG.rf.66d14b519ada9c03d8050537c90abe15.jpg,C:\Users\Prathach Raj P\.gemini\antigravity\scratch\krishi-marga\dataset_research\KRISHI_MARGA_DATASETS\02_Cash_Industrial\Sugarcane\processed\images\Healthy\DS_SUGAR_02_Healthy_S_H-86-_JPG.rf.66d14b519ada9c03d8050537c90abe15.jpg,KEPT,Valid image passing all automated filters,DS_SUGAR_02,Sugarcane,Healthy
C:\Users\Prathach Raj P\.gemini\antigravity\scratch\krishi-marga\dataset_research\KRISHI_MARGA_DATASETS\02_Cash_Industrial\Sugarcane\raw\DS_SUGAR_02\train\images\S_H-87-_JPG.rf.69599d53015c02978e2af5179d4458c2.jpg,C:\Users\Prathach Raj P\.gemini\antigravity\scratch\krishi-marga\dataset_research\KRISHI_MARGA_DATASETS\02_Cash_Industrial\Sugarcane\processed\images\Healthy\DS_SUGAR_02_Healthy_S_H-87-_JPG.rf.69599d53015c02978e2af5179d4458c2.jpg,KEPT,Valid image passing all automated filters,DS_SUGAR_02,Sugarcane,Healthy
C:\Users\Prathach Raj P\.gemini\antigravity\scratch\krishi-marga\dataset_research\KRISHI_MARGA_DATASETS\02_Cash_Industrial\Sugarcane\raw\DS_SUGAR_02\train\images\S_H-88-_JPG.rf.7759c9dd3aaff2a8a21d02259bc8a8e4.jpg,C:\Users\Prathach Raj P\.gemini\antigravity\scratch\krishi-marga\dataset_research\KRISHI_MARGA_DATASETS\02_Cash_Industrial\Sugarcane\processed\images\Healthy\DS_SUGAR_02_Healthy_S_H-88-_JPG.rf.7759c9dd3aaff2a8a21d02259bc8a8e4.jpg,KEPT,Valid image passing all automated filters,DS_SUGAR_02,Sugarcane,Healthy
C:\Users\Prathach Raj P\.gemini\antigravity\scratch\krishi-marga\dataset_research\KRISHI_MARGA_DATASETS\02_Cash_Industrial\Sugarcane\raw\DS_SUGAR_02\train\images\S_H-89-_JPG.rf.9ab257b151d884301eea7ed92d90bdd4.jpg,C:\Users\Prathach Raj P\.gemini\antigravity\scratch\krishi-marga\dataset_research\KRISHI_MARGA_DATASETS\02_Cash_Industrial\Sugarcane\processed\images\Healthy\DS_SUGAR_02_Healthy_S_H-89-_JPG.rf.9ab257b151d884301eea7ed92d90bdd4.jpg,KEPT,Valid image passing all automated filters,DS_SUGAR_02,Sugarcane,Healthy
C:\Users\Prathach Raj P\.gemini\antigravity\scratch\krishi-marga\dataset_research\KRISHI_MARGA_DATASETS\02_Cash_Industrial\Sugarcane\raw\DS_SUGAR_02\train\images\S_H-9-_jpg.rf.74251232e5f37228b5f55f5afc605185.jpg,C:\Users\Prathach Raj P\.gemini\antigravity\scratch\krishi-marga\dataset_research\KRISHI_MARGA_DATASETS\02_Cash_Industrial\Sugarcane\processed\images\Healthy\DS_SUGAR_02_Healthy_S_H-9-_jpg.rf.74251232e5f37228b5f55f5afc605185.jpg,KEPT,Valid image passing all automated filters,DS_SUGAR_02,Sugarcane,Healthy
C:\Users\Prathach Raj P\.gemini\antigravity\scratch\krishi-marga\dataset_research\KRISHI_MARGA_DATASETS\02_Cash_Industrial\Sugarcane\raw\DS_SUGAR_02\train\images\S_H-90-_JPG.rf.76a015d40d854e0535d2a4c30123deb8.jpg,C:\Users\Prathach Raj P\.gemini\antigravity\scratch\krishi-marga\dataset_research\KRISHI_MARGA_DATASETS\02_Cash_Industrial\Sugarcane\processed\images\Healthy\DS_SUGAR_02_Healthy_S_H-90-_JPG.rf.76a015d40d854e0535d2a4c30123deb8.jpg,KEPT,Valid image passing all automated filters,DS_SUGAR_02,Sugarcane,Healthy
C:\Users\Prathach Raj P\.gemini\antigravity\scratch\krishi-marga\dataset_research\KRISHI_MARGA_DATASETS\02_Cash_Industrial\Sugarcane\raw\DS_SUGAR_02\train\images\S_H-92-_JPG.rf.ae988c84f83f94ce2b7b328f8d88fdae.jpg,C:\Users\Prathach Raj P\.gemini\antigravity\scratch\krishi-marga\dataset_research\KRISHI_MARGA_DATASETS\02_Cash_Industrial\Sugarcane\processed\images\Healthy\DS_SUGAR_02_Healthy_S_H-92-_JPG.rf.ae988c84f83f94ce2b7b328f8d88fdae.jpg,KEPT,Valid image passing all automated filters,DS_SUGAR_02,Sugarcane,Healthy
C:\Users\Prathach Raj P\.gemini\antigravity\scratch\krishi-marga\dataset_research\KRISHI_MARGA_DATASETS\02_Cash_Industrial\Sugarcane\raw\DS_SUGAR_02\train\images\S_H-93-_JPG.rf.19c2978b2cdfc940d610d14e1350bd6e.jpg,C:\Users\Prathach Raj P\.gemini\antigravity\scratch\krishi-marga\dataset_research\KRISHI_MARGA_DATASETS\02_Cash_Industrial\Sugarcane\processed\images\Healthy\DS_SUGAR_02_Healthy_S_H-93-_JPG.rf.19c2978b2cdfc940d610d14e1350bd6e.jpg,KEPT,Valid image passing all automated filters,DS_SUGAR_02,Sugarcane,Healthy
C:\Users\Prathach Raj P\.gemini\antigravity\scratch\krishi-marga\dataset_research\KRISHI_MARGA_DATASETS\02_Cash_Industrial\Sugarcane\raw\DS_SUGAR_02\train\images\S_H-94-_JPG.rf.02b3ecc5b60701c2d4d3d6e1017f7a29.jpg,C:\Users\Prathach Raj P\.gemini\antigravity\scratch\krishi-marga\dataset_research\KRISHI_MARGA_DATASETS\02_Cash_Industrial\Sugarcane\processed\images\Healthy\DS_SUGAR_02_Healthy_S_H-94-_JPG.rf.02b3ecc5b60701c2d4d3d6e1017f7a29.jpg,KEPT,Valid image passing all automated filters,DS_SUGAR_02,Sugarcane,Healthy
C:\Users\Prathach Raj P\.gemini\antigravity\scratch\krishi-marga\dataset_research\KRISHI_MARGA_DATASETS\02_Cash_Industrial\Sugarcane\raw\DS_SUGAR_02\train\images\S_H-95-_JPG.rf.aab31364ad77856836645503767493d3.jpg,C:\Users\Prathach Raj P\.gemini\antigravity\scratch\krishi-marga\dataset_research\KRISHI_MARGA_DATASETS\02_Cash_Industrial\Sugarcane\processed\images\Healthy\DS_SUGAR_02_Healthy_S_H-95-_JPG.rf.aab31364ad77856836645503767493d3.jpg,KEPT,Valid image passing all automated filters,DS_SUGAR_02,Sugarcane,Healthy
C:\Users\Prathach Raj P\.gemini\antigravity\scratch\krishi-marga\dataset_research\KRISHI_MARGA_DATASETS\02_Cash_Industrial\Sugarcane\raw\DS_SUGAR_02\train\images\S_H-97-_JPG.rf.192454f892ff24972cd4855a82c0cfb2.jpg,C:\Users\Prathach Raj P\.gemini\antigravity\scratch\krishi-marga\dataset_research\KRISHI_MARGA_DATASETS\02_Cash_Industrial\Sugarcane\processed\images\Healthy\DS_SUGAR_02_Healthy_S_H-97-_JPG.rf.192454f892ff24972cd4855a82c0cfb2.jpg,KEPT,Valid image passing all automated filters,DS_SUGAR_02,Sugarcane,Healthy
C:\Users\Prathach Raj P\.gemini\antigravity\scratch\krishi-marga\dataset_research\KRISHI_MARGA_DATASETS\02_Cash_Industrial\Sugarcane\raw\DS_SUGAR_02\train\images\S_H-98-_JPG.rf.272bd173bd0223af6dc347dbdc7ec733.jpg,C:\Users\Prathach Raj P\.gemini\antigravity\scratch\krishi-marga\dataset_research\KRISHI_MARGA_DATASETS\02_Cash_Industrial\Sugarcane\processed\images\Healthy\DS_SUGAR_02_Healthy_S_H-98-_JPG.rf.272bd173bd0223af6dc347dbdc7ec733.jpg,KEPT,Valid image passing all automated filters,DS_SUGAR_02,Sugarcane,Healthy
C:\Users\Prathach Raj P\.gemini\antigravity\scratch\krishi-marga\dataset_research\KRISHI_MARGA_DATASETS\02_Cash_Industrial\Sugarcane\raw\DS_SUGAR_02\train\images\S_H-99-_JPG.rf.f4c4ed00696283d3302a1b1e39aaad86.jpg,C:\Users\Prathach Raj P\.gemini\antigravity\scratch\krishi-marga\dataset_research\KRISHI_MARGA_DATASETS\02_Cash_Industrial\Sugarcane\processed\images\Healthy\DS_SUGAR_02_Healthy_S_H-99-_JPG.rf.f4c4ed00696283d3302a1b1e39aaad86.jpg,KEPT,Valid image passing all automated filters,DS_SUGAR_02,Sugarcane,Healthy
C:\Users\Prathach Raj P\.gemini\antigravity\scratch\krishi-marga\dataset_research\KRISHI_MARGA_DATASETS\02_Cash_Industrial\Sugarcane\raw\DS_SUGAR_02\train\images\S_RR-10-_JPG.rf.525fc02ce4642fd46f8f2b7401e1b60f.jpg,C:\Users\Prathach Raj P\.gemini\antigravity\scratch\krishi-marga\dataset_research\KRISHI_MARGA_DATASETS\02_Cash_Industrial\Sugarcane\processed\images\Red_Rot\DS_SUGAR_02_Red_Rot_S_RR-10-_JPG.rf.525fc02ce4642fd46f8f2b7401e1b60f.jpg,KEPT,Valid image passing all automated filters,DS_SUGAR_02,Sugarcane,Red Rot
C:\Users\Prathach Raj P\.gemini\antigravity\scratch\krishi-marga\dataset_research\KRISHI_MARGA_DATASETS\02_Cash_Industrial\Sugarcane\raw\DS_SUGAR_02\train\images\S_RR-100-_JPG.rf.07cb88b144d1b5fc8a1b55f4ce219717.jpg,C:\Users\Prathach Raj P\.gemini\antigravity\scratch\krishi-marga\dataset_research\KRISHI_MARGA_DATASETS\02_Cash_Industrial\Sugarcane\processed\images\Red_Rot\DS_SUGAR_02_Red_Rot_S_RR-100-_JPG.rf.07cb88b144d1b5fc8a1b55f4ce219717.jpg,KEPT,Valid image passing all automated filters,DS_SUGAR_02,Sugarcane,Red Rot
C:\Users\Prathach Raj P\.gemini\antigravity\scratch\krishi-marga\dataset_research\KRISHI_MARGA_DATASETS\02_Cash_Industrial\Sugarcane\raw\DS_SUGAR_02\train\images\S_RR-11-_JPG.rf.d6955c2afd09c6881e56343f909fc027.jpg,C:\Users\Prathach Raj P\.gemini\antigravity\scratch\krishi-marga\dataset_research\KRISHI_MARGA_DATASETS\02_Cash_Industrial\Sugarcane\processed\images\Red_Rot\DS_SUGAR_02_Red_Rot_S_RR-11-_JPG.rf.d6955c2afd09c6881e56343f909fc027.jpg,KEPT,Valid image passing all automated filters,DS_SUGAR_02,Sugarcane,Red Rot
C:\Users\Prathach Raj P\.gemini\antigravity\scratch\krishi-marga\dataset_research\KRISHI_MARGA_DATASETS\02_Cash_Industrial\Sugarcane\raw\DS_SUGAR_02\train\images\S_RR-12-_JPG.rf.fd289c20fc52c352fa80db81f851db37.jpg,C:\Users\Prathach Raj P\.gemini\antigravity\scratch\krishi-marga\dataset_research\KRISHI_MARGA_DATASETS\02_Cash_Industrial\Sugarcane\processed\images\Red_Rot\DS_SUGAR_02_Red_Rot_S_RR-12-_JPG.rf.fd289c20fc52c352fa80db81f851db37.jpg,KEPT,Valid image passing all automated filters,DS_SUGAR_02,Sugarcane,Red Rot
C:\Users\Prathach Raj P\.gemini\antigravity\scratch\krishi-marga\dataset_research\KRISHI_MARGA_DATASETS\02_Cash_Industrial\Sugarcane\raw\DS_SUGAR_02\train\images\S_RR-13-_JPG.rf.9478c87509c8f3576318c9817ed28b70.jpg,C:\Users\Prathach Raj P\.gemini\antigravity\scratch\krishi-marga\dataset_research\KRISHI_MARGA_DATASETS\02_Cash_Industrial\Sugarcane\processed\images\Red_Rot\DS_SUGAR_02_Red_Rot_S_RR-13-_JPG.rf.9478c87509c8f3576318c9817ed28b70.jpg,KEPT,Valid image passing all automated filters,DS_SUGAR_02,Sugarcane,Red Rot
C:\Users\Prathach Raj P\.gemini\antigravity\scratch\krishi-marga\dataset_research\KRISHI_MARGA_DATASETS\02_Cash_Industrial\Sugarcane\raw\DS_SUGAR_02\train\images\S_RR-14-_JPG.rf.7a26af305509c89007d339c3477d2f29.jpg,C:\Users\Prathach Raj P\.gemini\antigravity\scratch\krishi-marga\dataset_research\KRISHI_MARGA_DATASETS\02_Cash_Industrial\Sugarcane\processed\images\Red_Rot\DS_SUGAR_02_Red_Rot_S_RR-14-_JPG.rf.7a26af305509c89007d339c3477d2f29.jpg,KEPT,Valid image passing all automated filters,DS_SUGAR_02,Sugarcane,Red Rot
C:\Users\Prathach Raj P\.gemini\antigravity\scratch\krishi-marga\dataset_research\KRISHI_MARGA_DATASETS\02_Cash_Industrial\Sugarcane\raw\DS_SUGAR_02\train\images\S_RR-15-_JPG.rf.d2a95b88121eb3d1b70c430e87085703.jpg,C:\Users\Prathach Raj P\.gemini\antigravity\scratch\krishi-marga\dataset_research\KRISHI_MARGA_DATASETS\02_Cash_Industrial\Sugarcane\processed\images\Red_Rot\DS_SUGAR_02_Red_Rot_S_RR-15-_JPG.rf.d2a95b88121eb3d1b70c430e87085703.jpg,KEPT,Valid image passing all automated filters,DS_SUGAR_02,Sugarcane,Red Rot
C:\Users\Prathach Raj P\.gemini\antigravity\scratch\krishi-marga\dataset_research\KRISHI_MARGA_DATASETS\02_Cash_Industrial\Sugarcane\raw\DS_SUGAR_02\train\images\S_RR-16-_JPG.rf.2b3ff555a1ec4d565c56df4b05c604ef.jpg,C:\Users\Prathach Raj P\.gemini\antigravity\scratch\krishi-marga\dataset_research\KRISHI_MARGA_DATASETS\02_Cash_Industrial\Sugarcane\processed\images\Red_Rot\DS_SUGAR_02_Red_Rot_S_RR-16-_JPG.rf.2b3ff555a1ec4d565c56df4b05c604ef.jpg,KEPT,Valid image passing all automated filters,DS_SUGAR_02,Sugarcane,Red Rot
C:\Users\Prathach Raj P\.gemini\antigravity\scratch\krishi-marga\dataset_research\KRISHI_MARGA_DATASETS\02_Cash_Industrial\Sugarcane\raw\DS_SUGAR_02\train\images\S_RR-17-_JPG.rf.c6dab6adea7e101b3ecf71a954cb8d8d.jpg,C:\Users\Prathach Raj P\.gemini\antigravity\scratch\krishi-marga\dataset_research\KRISHI_MARGA_DATASETS\02_Cash_Industrial\Sugarcane\processed\images\Red_Rot\DS_SUGAR_02_Red_Rot_S_RR-17-_JPG.rf.c6dab6adea7e101b3ecf71a954cb8d8d.jpg,KEPT,Valid image passing all automated filters,DS_SUGAR_02,Sugarcane,Red Rot
C:\Users\Prathach Raj P\.gemini\antigravity\scratch\krishi-marga\dataset_research\KRISHI_MARGA_DATASETS\02_Cash_Industrial\Sugarcane\raw\DS_SUGAR_02\train\images\S_RR-18-_JPG.rf.020b3e3a6110a08ee61fb8b393c4f5b3.jpg,C:\Users\Prathach Raj P\.gemini\antigravity\scratch\krishi-marga\dataset_research\KRISHI_MARGA_DATASETS\02_Cash_Industrial\Sugarcane\processed\images\Red_Rot\DS_SUGAR_02_Red_Rot_S_RR-18-_JPG.rf.020b3e3a6110a08ee61fb8b393c4f5b3.jpg,KEPT,Valid image passing all automated filters,DS_SUGAR_02,Sugarcane,Red Rot
C:\Users\Prathach Raj P\.gemini\antigravity\scratch\krishi-marga\dataset_research\KRISHI_MARGA_DATASETS\02_Cash_Industrial\Sugarcane\raw\DS_SUGAR_02\train\images\S_RR-19-_JPG.rf.e938a8eb91c9e9ec0c03355733a1981d.jpg,C:\Users\Prathach Raj P\.gemini\antigravity\scratch\krishi-marga\dataset_research\KRISHI_MARGA_DATASETS\02_Cash_Industrial\Sugarcane\processed\images\Red_Rot\DS_SUGAR_02_Red_Rot_S_RR-19-_JPG.rf.e938a8eb91c9e9ec0c03355733a1981d.jpg,KEPT,Valid image passing all automated filters,DS_SUGAR_02,Sugarcane,Red Rot
C:\Users\Prathach Raj P\.gemini\antigravity\scratch\krishi-marga\dataset_research\KRISHI_MARGA_DATASETS\02_Cash_Industrial\Sugarcane\raw\DS_SUGAR_02\train\images\S_RR-2-_jpg.rf.648ec1465cdcbd1fa23209a00aa8dadf.jpg,C:\Users\Prathach Raj P\.gemini\antigravity\scratch\krishi-marga\dataset_research\KRISHI_MARGA_DATASETS\02_Cash_Industrial\Sugarcane\processed\images\Red_Rot\DS_SUGAR_02_Red_Rot_S_RR-2-_jpg.rf.648ec1465cdcbd1fa23209a00aa8dadf.jpg,KEPT,Valid image passing all automated filters,DS_SUGAR_02,Sugarcane,Red Rot
C:\Users\Prathach Raj P\.gemini\antigravity\scratch\krishi-marga\dataset_research\KRISHI_MARGA_DATASETS\02_Cash_Industrial\Sugarcane\raw\DS_SUGAR_02\train\images\S_RR-20-_JPG.rf.1a3ca5a8ddba519472f77d6415134507.jpg,C:\Users\Prathach Raj P\.gemini\antigravity\scratch\krishi-marga\dataset_research\KRISHI_MARGA_DATASETS\02_Cash_Industrial\Sugarcane\processed\images\Red_Rot\DS_SUGAR_02_Red_Rot_S_RR-20-_JPG.rf.1a3ca5a8ddba519472f77d6415134507.jpg,KEPT,Valid image passing all automated filters,DS_SUGAR_02,Sugarcane,Red Rot
C:\Users\Prathach Raj P\.gemini\antigravity\scratch\krishi-marga\dataset_research\KRISHI_MARGA_DATASETS\02_Cash_Industrial\Sugarcane\raw\DS_SUGAR_02\train\images\S_RR-21-_JPG.rf.5912ea7c2f04ed3da6775fbaa89c8925.jpg,C:\Users\Prathach Raj P\.gemini\antigravity\scratch\krishi-marga\dataset_research\KRISHI_MARGA_DATASETS\02_Cash_Industrial\Sugarcane\processed\images\Red_Rot\DS_SUGAR_02_Red_Rot_S_RR-21-_JPG.rf.5912ea7c2f04ed3da6775fbaa89c8925.jpg,KEPT,Valid image passing all automated filters,DS_SUGAR_02,Sugarcane,Red Rot
C:\Users\Prathach Raj P\.gemini\antigravity\scratch\krishi-marga\dataset_research\KRISHI_MARGA_DATASETS\02_Cash_Industrial\Sugarcane\raw\DS_SUGAR_02\train\images\S_RR-23-_JPG.rf.83d930a1018ad600336edae274142f91.jpg,C:\Users\Prathach Raj P\.gemini\antigravity\scratch\krishi-marga\dataset_research\KRISHI_MARGA_DATASETS\02_Cash_Industrial\Sugarcane\processed\images\Red_Rot\DS_SUGAR_02_Red_Rot_S_RR-23-_JPG.rf.83d930a1018ad600336edae274142f91.jpg,KEPT,Valid image passing all automated filters,DS_SUGAR_02,Sugarcane,Red Rot
C:\Users\Prathach Raj P\.gemini\antigravity\scratch\krishi-marga\dataset_research\KRISHI_MARGA_DATASETS\02_Cash_Industrial\Sugarcane\raw\DS_SUGAR_02\train\images\S_RR-25-_JPG.rf.ff3c77e1661e0db9271eaf6b49c9eab1.jpg,C:\Users\Prathach Raj P\.gemini\antigravity\scratch\krishi-marga\dataset_research\KRISHI_MARGA_DATASETS\02_Cash_Industrial\Sugarcane\processed\images\Red_Rot\DS_SUGAR_02_Red_Rot_S_RR-25-_JPG.rf.ff3c77e1661e0db9271eaf6b49c9eab1.jpg,KEPT,Valid image passing all automated filters,DS_SUGAR_02,Sugarcane,Red Rot
C:\Users\Prathach Raj P\.gemini\antigravity\scratch\krishi-marga\dataset_research\KRISHI_MARGA_DATASETS\02_Cash_Industrial\Sugarcane\raw\DS_SUGAR_02\train\images\S_RR-26-_JPG.rf.95179375be6727f1482f0e92080f2947.jpg,C:\Users\Prathach Raj P\.gemini\antigravity\scratch\krishi-marga\dataset_research\KRISHI_MARGA_DATASETS\02_Cash_Industrial\Sugarcane\processed\images\Red_Rot\DS_SUGAR_02_Red_Rot_S_RR-26-_JPG.rf.95179375be6727f1482f0e92080f2947.jpg,KEPT,Valid image passing all automated filters,DS_SUGAR_02,Sugarcane,Red Rot
C:\Users\Prathach Raj P\.gemini\antigravity\scratch\krishi-marga\dataset_research\KRISHI_MARGA_DATASETS\02_Cash_Industrial\Sugarcane\raw\DS_SUGAR_02\train\images\S_RR-27-_JPG.rf.d888f54217cf29c0954c48ed436f41b2.jpg,C:\Users\Prathach Raj P\.gemini\antigravity\scratch\krishi-marga\dataset_research\KRISHI_MARGA_DATASETS\02_Cash_Industrial\Sugarcane\processed\images\Red_Rot\DS_SUGAR_02_Red_Rot_S_RR-27-_JPG.rf.d888f54217cf29c0954c48ed436f41b2.jpg,KEPT,Valid image passing all automated filters,DS_SUGAR_02,Sugarcane,Red Rot
C:\Users\Prathach Raj P\.gemini\antigravity\scratch\krishi-marga\dataset_research\KRISHI_MARGA_DATASETS\02_Cash_Industrial\Sugarcane\raw\DS_SUGAR_02\train\images\S_RR-28-_JPG.rf.632323ef19d90c0ce4cafce4fc4ab9f6.jpg,C:\Users\Prathach Raj P\.gemini\antigravity\scratch\krishi-marga\dataset_research\KRISHI_MARGA_DATASETS\02_Cash_Industrial\Sugarcane\processed\images\Red_Rot\DS_SUGAR_02_Red_Rot_S_RR-28-_JPG.rf.632323ef19d90c0ce4cafce4fc4ab9f6.jpg,KEPT,Valid image passing all automated filters,DS_SUGAR_02,Sugarcane,Red Rot
C:\Users\Prathach Raj P\.gemini\antigravity\scratch\krishi-marga\dataset_research\KRISHI_MARGA_DATASETS\02_Cash_Industrial\Sugarcane\raw\DS_SUGAR_02\train\images\S_RR-29-_JPG.rf.70d79c3359fb11252d9036dbaf1f5763.jpg,C:\Users\Prathach Raj P\.gemini\antigravity\scratch\krishi-marga\dataset_research\KRISHI_MARGA_DATASETS\02_Cash_Industrial\Sugarcane\processed\images\Red_Rot\DS_SUGAR_02_Red_Rot_S_RR-29-_JPG.rf.70d79c3359fb11252d9036dbaf1f5763.jpg,KEPT,Valid image passing all automated filters,DS_SUGAR_02,Sugarcane,Red Rot
C:\Users\Prathach Raj P\.gemini\antigravity\scratch\krishi-marga\dataset_research\KRISHI_MARGA_DATASETS\02_Cash_Industrial\Sugarcane\raw\DS_SUGAR_02\train\images\S_RR-3-_jpg.rf.47fc17505b42693d63a3be9dc2fae376.jpg,C:\Users\Prathach Raj P\.gemini\antigravity\scratch\krishi-marga\dataset_research\KRISHI_MARGA_DATASETS\02_Cash_Industrial\Sugarcane\processed\images\Red_Rot\DS_SUGAR_02_Red_Rot_S_RR-3-_jpg.rf.47fc17505b42693d63a3be9dc2fae376.jpg,KEPT,Valid image passing all automated filters,DS_SUGAR_02,Sugarcane,Red Rot
C:\Users\Prathach Raj P\.gemini\antigravity\scratch\krishi-marga\dataset_research\KRISHI_MARGA_DATASETS\02_Cash_Industrial\Sugarcane\raw\DS_SUGAR_02\train\images\S_RR-30-_JPG.rf.98e74d42b3081f18ac2ebb86f99e6896.jpg,C:\Users\Prathach Raj P\.gemini\antigravity\scratch\krishi-marga\dataset_research\KRISHI_MARGA_DATASETS\02_Cash_Industrial\Sugarcane\processed\images\Red_Rot\DS_SUGAR_02_Red_Rot_S_RR-30-_JPG.rf.98e74d42b3081f18ac2ebb86f99e6896.jpg,KEPT,Valid image passing all automated filters,DS_SUGAR_02,Sugarcane,Red Rot
C:\Users\Prathach Raj P\.gemini\antigravity\scratch\krishi-marga\dataset_research\KRISHI_MARGA_DATASETS\02_Cash_Industrial\Sugarcane\raw\DS_SUGAR_02\train\images\S_RR-31-_JPG.rf.5cf04f2c845f967cbdc23ed573cc6684.jpg,C:\Users\Prathach Raj P\.gemini\antigravity\scratch\krishi-marga\dataset_research\KRISHI_MARGA_DATASETS\02_Cash_Industrial\Sugarcane\processed\images\Red_Rot\DS_SUGAR_02_Red_Rot_S_RR-31-_JPG.rf.5cf04f2c845f967cbdc23ed573cc6684.jpg,KEPT,Valid image passing all automated filters,DS_SUGAR_02,Sugarcane,Red Rot
C:\Users\Prathach Raj P\.gemini\antigravity\scratch\krishi-marga\dataset_research\KRISHI_MARGA_DATASETS\02_Cash_Industrial\Sugarcane\raw\DS_SUGAR_02\train\images\S_RR-32-_JPG.rf.5dc9bb476216e6ded70d410f852170fb.jpg,C:\Users\Prathach Raj P\.gemini\antigravity\scratch\krishi-marga\dataset_research\KRISHI_MARGA_DATASETS\02_Cash_Industrial\Sugarcane\processed\images\Red_Rot\DS_SUGAR_02_Red_Rot_S_RR-32-_JPG.rf.5dc9bb476216e6ded70d410f852170fb.jpg,KEPT,Valid image passing all automated filters,DS_SUGAR_02,Sugarcane,Red Rot
C:\Users\Prathach Raj P\.gemini\antigravity\scratch\krishi-marga\dataset_research\KRISHI_MARGA_DATASETS\02_Cash_Industrial\Sugarcane\raw\DS_SUGAR_02\train\images\S_RR-34-_JPG.rf.3aaf5fdbeff2daee217d8670ac90996c.jpg,C:\Users\Prathach Raj P\.gemini\antigravity\scratch\krishi-marga\dataset_research\KRISHI_MARGA_DATASETS\02_Cash_Industrial\Sugarcane\processed\images\Red_Rot\DS_SUGAR_02_Red_Rot_S_RR-34-_JPG.rf.3aaf5fdbeff2daee217d8670ac90996c.jpg,KEPT,Valid image passing all automated filters,DS_SUGAR_02,Sugarcane,Red Rot
C:\Users\Prathach Raj P\.gemini\antigravity\scratch\krishi-marga\dataset_research\KRISHI_MARGA_DATASETS\02_Cash_Industrial\Sugarcane\raw\DS_SUGAR_02\train\images\S_RR-36-_JPG.rf.3d50019696530a319ebe7602bbed044a.jpg,C:\Users\Prathach Raj P\.gemini\antigravity\scratch\krishi-marga\dataset_research\KRISHI_MARGA_DATASETS\02_Cash_Industrial\Sugarcane\processed\images\Red_Rot\DS_SUGAR_02_Red_Rot_S_RR-36-_JPG.rf.3d50019696530a319ebe7602bbed044a.jpg,KEPT,Valid image passing all automated filters,DS_SUGAR_02,Sugarcane,Red Rot
C:\Users\Prathach Raj P\.gemini\antigravity\scratch\krishi-marga\dataset_research\KRISHI_MARGA_DATASETS\02_Cash_Industrial\Sugarcane\raw\DS_SUGAR_02\train\images\S_RR-37-_JPG.rf.13faf467ee4290c17064c4edd57f381b.jpg,C:\Users\Prathach Raj P\.gemini\antigravity\scratch\krishi-marga\dataset_research\KRISHI_MARGA_DATASETS\02_Cash_Industrial\Sugarcane\processed\images\Red_Rot\DS_SUGAR_02_Red_Rot_S_RR-37-_JPG.rf.13faf467ee4290c17064c4edd57f381b.jpg,KEPT,Valid image passing all automated filters,DS_SUGAR_02,Sugarcane,Red Rot
C:\Users\Prathach Raj P\.gemini\antigravity\scratch\krishi-marga\dataset_research\KRISHI_MARGA_DATASETS\02_Cash_Industrial\Sugarcane\raw\DS_SUGAR_02\train\images\S_RR-38-_JPG.rf.985484a69a404d8db669a0ff55773779.jpg,C:\Users\Prathach Raj P\.gemini\antigravity\scratch\krishi-marga\dataset_research\KRISHI_MARGA_DATASETS\02_Cash_Industrial\Sugarcane\processed\images\Red_Rot\DS_SUGAR_02_Red_Rot_S_RR-38-_JPG.rf.985484a69a404d8db669a0ff55773779.jpg,KEPT,Valid image passing all automated filters,DS_SUGAR_02,Sugarcane,Red Rot
C:\Users\Prathach Raj P\.gemini\antigravity\scratch\krishi-marga\dataset_research\KRISHI_MARGA_DATASETS\02_Cash_Industrial\Sugarcane\raw\DS_SUGAR_02\train\images\S_RR-39-_JPG.rf.0ea06163a455c12a4c0263c3f89684bb.jpg,C:\Users\Prathach Raj P\.gemini\antigravity\scratch\krishi-marga\dataset_research\KRISHI_MARGA_DATASETS\02_Cash_Industrial\Sugarcane\processed\images\Red_Rot\DS_SUGAR_02_Red_Rot_S_RR-39-_JPG.rf.0ea06163a455c12a4c0263c3f89684bb.jpg,KEPT,Valid image passing all automated filters,DS_SUGAR_02,Sugarcane,Red Rot
C:\Users\Prathach Raj P\.gemini\antigravity\scratch\krishi-marga\dataset_research\KRISHI_MARGA_DATASETS\02_Cash_Industrial\Sugarcane\raw\DS_SUGAR_02\train\images\S_RR-4-_JPG.rf.1e0ed1944525a2640d3bf95143991216.jpg,C:\Users\Prathach Raj P\.gemini\antigravity\scratch\krishi-marga\dataset_research\KRISHI_MARGA_DATASETS\02_Cash_Industrial\Sugarcane\processed\images\Red_Rot\DS_SUGAR_02_Red_Rot_S_RR-4-_JPG.rf.1e0ed1944525a2640d3bf95143991216.jpg,KEPT,Valid image passing all automated filters,DS_SUGAR_02,Sugarcane,Red Rot
C:\Users\Prathach Raj P\.gemini\antigravity\scratch\krishi-marga\dataset_research\KRISHI_MARGA_DATASETS\02_Cash_Industrial\Sugarcane\raw\DS_SUGAR_02\train\images\S_RR-40-_JPG.rf.43cb5e65a715ed7f70ea45f9eee6b87a.jpg,C:\Users\Prathach Raj P\.gemini\antigravity\scratch\krishi-marga\dataset_research\KRISHI_MARGA_DATASETS\02_Cash_Industrial\Sugarcane\processed\images\Red_Rot\DS_SUGAR_02_Red_Rot_S_RR-40-_JPG.rf.43cb5e65a715ed7f70ea45f9eee6b87a.jpg,KEPT,Valid image passing all automated filters,DS_SUGAR_02,Sugarcane,Red Rot
C:\Users\Prathach Raj P\.gemini\antigravity\scratch\krishi-marga\dataset_research\KRISHI_MARGA_DATASETS\02_Cash_Industrial\Sugarcane\raw\DS_SUGAR_02\train\images\S_RR-43-_JPG.rf.088780f315b8ad51f74491574bf5226f.jpg,C:\Users\Prathach Raj P\.gemini\antigravity\scratch\krishi-marga\dataset_research\KRISHI_MARGA_DATASETS\02_Cash_Industrial\Sugarcane\processed\images\Red_Rot\DS_SUGAR_02_Red_Rot_S_RR-43-_JPG.rf.088780f315b8ad51f74491574bf5226f.jpg,KEPT,Valid image passing all automated filters,DS_SUGAR_02,Sugarcane,Red Rot
C:\Users\Prathach Raj P\.gemini\antigravity\scratch\krishi-marga\dataset_research\KRISHI_MARGA_DATASETS\02_Cash_Industrial\Sugarcane\raw\DS_SUGAR_02\train\images\S_RR-44-_JPG.rf.44fd9e8897318b19d74af12b27c6f8c3.jpg,C:\Users\Prathach Raj P\.gemini\antigravity\scratch\krishi-marga\dataset_research\KRISHI_MARGA_DATASETS\02_Cash_Industrial\Sugarcane\processed\images\Red_Rot\DS_SUGAR_02_Red_Rot_S_RR-44-_JPG.rf.44fd9e8897318b19d74af12b27c6f8c3.jpg,KEPT,Valid image passing all automated filters,DS_SUGAR_02,Sugarcane,Red Rot
C:\Users\Prathach Raj P\.gemini\antigravity\scratch\krishi-marga\dataset_research\KRISHI_MARGA_DATASETS\02_Cash_Industrial\Sugarcane\raw\DS_SUGAR_02\train\images\S_RR-45-_JPG.rf.a81b18e94300acad0f9f923dde7c3a4b.jpg,C:\Users\Prathach Raj P\.gemini\antigravity\scratch\krishi-marga\dataset_research\KRISHI_MARGA_DATASETS\02_Cash_Industrial\Sugarcane\processed\images\Red_Rot\DS_SUGAR_02_Red_Rot_S_RR-45-_JPG.rf.a81b18e94300acad0f9f923dde7c3a4b.jpg,KEPT,Valid image passing all automated filters,DS_SUGAR_02,Sugarcane,Red Rot
C:\Users\Prathach Raj P\.gemini\antigravity\scratch\krishi-marga\dataset_research\KRISHI_MARGA_DATASETS\02_Cash_Industrial\Sugarcane\raw\DS_SUGAR_02\train\images\S_RR-46-_JPG.rf.391d5d9f60edc995515174f44bec8186.jpg,C:\Users\Prathach Raj P\.gemini\antigravity\scratch\krishi-marga\dataset_research\KRISHI_MARGA_DATASETS\02_Cash_Industrial\Sugarcane\processed\images\Red_Rot\DS_SUGAR_02_Red_Rot_S_RR-46-_JPG.rf.391d5d9f60edc995515174f44bec8186.jpg,KEPT,Valid image passing all automated filters,DS_SUGAR_02,Sugarcane,Red Rot
C:\Users\Prathach Raj P\.gemini\antigravity\scratch\krishi-marga\dataset_research\KRISHI_MARGA_DATASETS\02_Cash_Industrial\Sugarcane\raw\DS_SUGAR_02\train\images\S_RR-47-_JPG.rf.a330b56fe63c69a9997146b16595828c.jpg,C:\Users\Prathach Raj P\.gemini\antigravity\scratch\krishi-marga\dataset_research\KRISHI_MARGA_DATASETS\02_Cash_Industrial\Sugarcane\processed\images\Red_Rot\DS_SUGAR_02_Red_Rot_S_RR-47-_JPG.rf.a330b56fe63c69a9997146b16595828c.jpg,KEPT,Valid image passing all automated filters,DS_SUGAR_02,Sugarcane,Red Rot
C:\Users\Prathach Raj P\.gemini\antigravity\scratch\krishi-marga\dataset_research\KRISHI_MARGA_DATASETS\02_Cash_Industrial\Sugarcane\raw\DS_SUGAR_02\train\images\S_RR-50-_JPG.rf.5ab84f81cb5c8752a945b49f8c8b0348.jpg,C:\Users\Prathach Raj P\.gemini\antigravity\scratch\krishi-marga\dataset_research\KRISHI_MARGA_DATASETS\02_Cash_Industrial\Sugarcane\processed\images\Red_Rot\DS_SUGAR_02_Red_Rot_S_RR-50-_JPG.rf.5ab84f81cb5c8752a945b49f8c8b0348.jpg,KEPT,Valid image passing all automated filters,DS_SUGAR_02,Sugarcane,Red Rot
C:\Users\Prathach Raj P\.gemini\antigravity\scratch\krishi-marga\dataset_research\KRISHI_MARGA_DATASETS\02_Cash_Industrial\Sugarcane\raw\DS_SUGAR_02\train\images\S_RR-51-_JPG.rf.7d5c5079d73d4b156527dcf535e9c490.jpg,C:\Users\Prathach Raj P\.gemini\antigravity\scratch\krishi-marga\dataset_research\KRISHI_MARGA_DATASETS\02_Cash_Industrial\Sugarcane\processed\images\Red_Rot\DS_SUGAR_02_Red_Rot_S_RR-51-_JPG.rf.7d5c5079d73d4b156527dcf535e9c490.jpg,KEPT,Valid image passing all automated filters,DS_SUGAR_02,Sugarcane,Red Rot
C:\Users\Prathach Raj P\.gemini\antigravity\scratch\krishi-marga\dataset_research\KRISHI_MARGA_DATASETS\02_Cash_Industrial\Sugarcane\raw\DS_SUGAR_02\train\images\S_RR-52-_JPG.rf.1bdcc4a5f7568a6beb1fcedfcad426c6.jpg,C:\Users\Prathach Raj P\.gemini\antigravity\scratch\krishi-marga\dataset_research\KRISHI_MARGA_DATASETS\02_Cash_Industrial\Sugarcane\processed\images\Red_Rot\DS_SUGAR_02_Red_Rot_S_RR-52-_JPG.rf.1bdcc4a5f7568a6beb1fcedfcad426c6.jpg,KEPT,Valid image passing all automated filters,DS_SUGAR_02,Sugarcane,Red Rot
C:\Users\Prathach Raj P\.gemini\antigravity\scratch\krishi-marga\dataset_research\KRISHI_MARGA_DATASETS\02_Cash_Industrial\Sugarcane\raw\DS_SUGAR_02\train\images\S_RR-53-_JPG.rf.aef8c851a5831c79d48e76ceb4826087.jpg,C:\Users\Prathach Raj P\.gemini\antigravity\scratch\krishi-marga\dataset_research\KRISHI_MARGA_DATASETS\02_Cash_Industrial\Sugarcane\processed\images\Red_Rot\DS_SUGAR_02_Red_Rot_S_RR-53-_JPG.rf.aef8c851a5831c79d48e76ceb4826087.jpg,KEPT,Valid image passing all automated filters,DS_SUGAR_02,Sugarcane,Red Rot
C:\Users\Prathach Raj P\.gemini\antigravity\scratch\krishi-marga\dataset_research\KRISHI_MARGA_DATASETS\02_Cash_Industrial\Sugarcane\raw\DS_SUGAR_02\train\images\S_RR-54-_JPG.rf.d423a519945a2daf2c7f4356dfdcc6c8.jpg,C:\Users\Prathach Raj P\.gemini\antigravity\scratch\krishi-marga\dataset_research\KRISHI_MARGA_DATASETS\02_Cash_Industrial\Sugarcane\processed\images\Red_Rot\DS_SUGAR_02_Red_Rot_S_RR-54-_JPG.rf.d423a519945a2daf2c7f4356dfdcc6c8.jpg,KEPT,Valid image passing all automated filters,DS_SUGAR_02,Sugarcane,Red Rot
C:\Users\Prathach Raj P\.gemini\antigravity\scratch\krishi-marga\dataset_research\KRISHI_MARGA_DATASETS\02_Cash_Industrial\Sugarcane\raw\DS_SUGAR_02\train\images\S_RR-56-_JPG.rf.e75780bdba7342dacb517f87d4bad2f5.jpg,C:\Users\Prathach Raj P\.gemini\antigravity\scratch\krishi-marga\dataset_research\KRISHI_MARGA_DATASETS\02_Cash_Industrial\Sugarcane\processed\images\Red_Rot\DS_SUGAR_02_Red_Rot_S_RR-56-_JPG.rf.e75780bdba7342dacb517f87d4bad2f5.jpg,KEPT,Valid image passing all automated filters,DS_SUGAR_02,Sugarcane,Red Rot
C:\Users\Prathach Raj P\.gemini\antigravity\scratch\krishi-marga\dataset_research\KRISHI_MARGA_DATASETS\02_Cash_Industrial\Sugarcane\raw\DS_SUGAR_02\train\images\S_RR-57-_JPG.rf.e8599cf4ef71d58fe2aa9bd5c93ae5c1.jpg,C:\Users\Prathach Raj P\.gemini\antigravity\scratch\krishi-marga\dataset_research\KRISHI_MARGA_DATASETS\02_Cash_Industrial\Sugarcane\processed\images\Red_Rot\DS_SUGAR_02_Red_Rot_S_RR-57-_JPG.rf.e8599cf4ef71d58fe2aa9bd5c93ae5c1.jpg,KEPT,Valid image passing all automated filters,DS_SUGAR_02,Sugarcane,Red Rot
C:\Users\Prathach Raj P\.gemini\antigravity\scratch\krishi-marga\dataset_research\KRISHI_MARGA_DATASETS\02_Cash_Industrial\Sugarcane\raw\DS_SUGAR_02\train\images\S_RR-59-_JPG.rf.6e83e6b9692e256992b9b75c3816cb95.jpg,C:\Users\Prathach Raj P\.gemini\antigravity\scratch\krishi-marga\dataset_research\KRISHI_MARGA_DATASETS\02_Cash_Industrial\Sugarcane\processed\images\Red_Rot\DS_SUGAR_02_Red_Rot_S_RR-59-_JPG.rf.6e83e6b9692e256992b9b75c3816cb95.jpg,KEPT,Valid image passing all automated filters,DS_SUGAR_02,Sugarcane,Red Rot
C:\Users\Prathach Raj P\.gemini\antigravity\scratch\krishi-marga\dataset_research\KRISHI_MARGA_DATASETS\02_Cash_Industrial\Sugarcane\raw\DS_SUGAR_02\train\images\S_RR-60-_JPG.rf.41c6753c93bfa0295d5e0082dd8c7d1a.jpg,C:\Users\Prathach Raj P\.gemini\antigravity\scratch\krishi-marga\dataset_research\KRISHI_MARGA_DATASETS\02_Cash_Industrial\Sugarcane\processed\images\Red_Rot\DS_SUGAR_02_Red_Rot_S_RR-60-_JPG.rf.41c6753c93bfa0295d5e0082dd8c7d1a.jpg,KEPT,Valid image passing all automated filters,DS_SUGAR_02,Sugarcane,Red Rot
C:\Users\Prathach Raj P\.gemini\antigravity\scratch\krishi-marga\dataset_research\KRISHI_MARGA_DATASETS\02_Cash_Industrial\Sugarcane\raw\DS_SUGAR_02\train\images\S_RR-61-_JPG.rf.6eac176b80a01a5394e1d26d7fdf7af9.jpg,C:\Users\Prathach Raj P\.gemini\antigravity\scratch\krishi-marga\dataset_research\KRISHI_MARGA_DATASETS\02_Cash_Industrial\Sugarcane\processed\images\Red_Rot\DS_SUGAR_02_Red_Rot_S_RR-61-_JPG.rf.6eac176b80a01a5394e1d26d7fdf7af9.jpg,KEPT,Valid image passing all automated filters,DS_SUGAR_02,Sugarcane,Red Rot
C:\Users\Prathach Raj P\.gemini\antigravity\scratch\krishi-marga\dataset_research\KRISHI_MARGA_DATASETS\02_Cash_Industrial\Sugarcane\raw\DS_SUGAR_02\train\images\S_RR-63-_JPG.rf.4694526a57494d7f5bf1bd5af4f2dcfb.jpg,C:\Users\Prathach Raj P\.gemini\antigravity\scratch\krishi-marga\dataset_research\KRISHI_MARGA_DATASETS\02_Cash_Industrial\Sugarcane\processed\images\Red_Rot\DS_SUGAR_02_Red_Rot_S_RR-63-_JPG.rf.4694526a57494d7f5bf1bd5af4f2dcfb.jpg,KEPT,Valid image passing all automated filters,DS_SUGAR_02,Sugarcane,Red Rot
C:\Users\Prathach Raj P\.gemini\antigravity\scratch\krishi-marga\dataset_research\KRISHI_MARGA_DATASETS\02_Cash_Industrial\Sugarcane\raw\DS_SUGAR_02\train\images\S_RR-64-_JPG.rf.90999dfbcd5b3835a99f6dac3fa3dfb0.jpg,C:\Users\Prathach Raj P\.gemini\antigravity\scratch\krishi-marga\dataset_research\KRISHI_MARGA_DATASETS\02_Cash_Industrial\Sugarcane\processed\images\Red_Rot\DS_SUGAR_02_Red_Rot_S_RR-64-_JPG.rf.90999dfbcd5b3835a99f6dac3fa3dfb0.jpg,KEPT,Valid image passing all automated filters,DS_SUGAR_02,Sugarcane,Red Rot
C:\Users\Prathach Raj P\.gemini\antigravity\scratch\krishi-marga\dataset_research\KRISHI_MARGA_DATASETS\02_Cash_Industrial\Sugarcane\raw\DS_SUGAR_02\train\images\S_RR-65-_JPG.rf.90243be61799c79bf65c8ab7a14da530.jpg,C:\Users\Prathach Raj P\.gemini\antigravity\scratch\krishi-marga\dataset_research\KRISHI_MARGA_DATASETS\02_Cash_Industrial\Sugarcane\processed\images\Red_Rot\DS_SUGAR_02_Red_Rot_S_RR-65-_JPG.rf.90243be61799c79bf65c8ab7a14da530.jpg,KEPT,Valid image passing all automated filters,DS_SUGAR_02,Sugarcane,Red Rot
C:\Users\Prathach Raj P\.gemini\antigravity\scratch\krishi-marga\dataset_research\KRISHI_MARGA_DATASETS\02_Cash_Industrial\Sugarcane\raw\DS_SUGAR_02\train\images\S_RR-66-_JPG.rf.e0ae6cd68233d875f134119bfd42f265.jpg,C:\Users\Prathach Raj P\.gemini\antigravity\scratch\krishi-marga\dataset_research\KRISHI_MARGA_DATASETS\02_Cash_Industrial\Sugarcane\processed\images\Red_Rot\DS_SUGAR_02_Red_Rot_S_RR-66-_JPG.rf.e0ae6cd68233d875f134119bfd42f265.jpg,KEPT,Valid image passing all automated filters,DS_SUGAR_02,Sugarcane,Red Rot
C:\Users\Prathach Raj P\.gemini\antigravity\scratch\krishi-marga\dataset_research\KRISHI_MARGA_DATASETS\02_Cash_Industrial\Sugarcane\raw\DS_SUGAR_02\train\images\S_RR-67-_JPG.rf.3b468352bea5c66e72ef3581de2818d0.jpg,C:\Users\Prathach Raj P\.gemini\antigravity\scratch\krishi-marga\dataset_research\KRISHI_MARGA_DATASETS\02_Cash_Industrial\Sugarcane\processed\images\Red_Rot\DS_SUGAR_02_Red_Rot_S_RR-67-_JPG.rf.3b468352bea5c66e72ef3581de2818d0.jpg,KEPT,Valid image passing all automated filters,DS_SUGAR_02,Sugarcane,Red Rot
C:\Users\Prathach Raj P\.gemini\antigravity\scratch\krishi-marga\dataset_research\KRISHI_MARGA_DATASETS\02_Cash_Industrial\Sugarcane\raw\DS_SUGAR_02\train\images\S_RR-7-_JPG.rf.629850dc2b9716683c57d59c2da96b53.jpg,C:\Users\Prathach Raj P\.gemini\antigravity\scratch\krishi-marga\dataset_research\KRISHI_MARGA_DATASETS\02_Cash_Industrial\Sugarcane\processed\images\Red_Rot\DS_SUGAR_02_Red_Rot_S_RR-7-_JPG.rf.629850dc2b9716683c57d59c2da96b53.jpg,KEPT,Valid image passing all automated filters,DS_SUGAR_02,Sugarcane,Red Rot
C:\Users\Prathach Raj P\.gemini\antigravity\scratch\krishi-marga\dataset_research\KRISHI_MARGA_DATASETS\02_Cash_Industrial\Sugarcane\raw\DS_SUGAR_02\train\images\S_RR-70-_JPG.rf.4c34d485de9414f27fad38469a8deecc.jpg,C:\Users\Prathach Raj P\.gemini\antigravity\scratch\krishi-marga\dataset_research\KRISHI_MARGA_DATASETS\02_Cash_Industrial\Sugarcane\processed\images\Red_Rot\DS_SUGAR_02_Red_Rot_S_RR-70-_JPG.rf.4c34d485de9414f27fad38469a8deecc.jpg,KEPT,Valid image passing all automated filters,DS_SUGAR_02,Sugarcane,Red Rot
C:\Users\Prathach Raj P\.gemini\antigravity\scratch\krishi-marga\dataset_research\KRISHI_MARGA_DATASETS\02_Cash_Industrial\Sugarcane\raw\DS_SUGAR_02\train\images\S_RR-71-_JPG.rf.2fbfe6fd60b0427ffec4977708bfce9e.jpg,C:\Users\Prathach Raj P\.gemini\antigravity\scratch\krishi-marga\dataset_research\KRISHI_MARGA_DATASETS\02_Cash_Industrial\Sugarcane\processed\images\Red_Rot\DS_SUGAR_02_Red_Rot_S_RR-71-_JPG.rf.2fbfe6fd60b0427ffec4977708bfce9e.jpg,KEPT,Valid image passing all automated filters,DS_SUGAR_02,Sugarcane,Red Rot
C:\Users\Prathach Raj P\.gemini\antigravity\scratch\krishi-marga\dataset_research\KRISHI_MARGA_DATASETS\02_Cash_Industrial\Sugarcane\raw\DS_SUGAR_02\train\images\S_RR-73-_JPG.rf.b415b5632e148e7731a1608b650f95f8.jpg,C:\Users\Prathach Raj P\.gemini\antigravity\scratch\krishi-marga\dataset_research\KRISHI_MARGA_DATASETS\02_Cash_Industrial\Sugarcane\processed\images\Red_Rot\DS_SUGAR_02_Red_Rot_S_RR-73-_JPG.rf.b415b5632e148e7731a1608b650f95f8.jpg,KEPT,Valid image passing all automated filters,DS_SUGAR_02,Sugarcane,Red Rot
C:\Users\Prathach Raj P\.gemini\antigravity\scratch\krishi-marga\dataset_research\KRISHI_MARGA_DATASETS\02_Cash_Industrial\Sugarcane\raw\DS_SUGAR_02\train\images\S_RR-75-_JPG.rf.c8f2a3d85eeb2246b84db3a4fd1dcbc6.jpg,C:\Users\Prathach Raj P\.gemini\antigravity\scratch\krishi-marga\dataset_research\KRISHI_MARGA_DATASETS\02_Cash_Industrial\Sugarcane\processed\images\Red_Rot\DS_SUGAR_02_Red_Rot_S_RR-75-_JPG.rf.c8f2a3d85eeb2246b84db3a4fd1dcbc6.jpg,KEPT,Valid image passing all automated filters,DS_SUGAR_02,Sugarcane,Red Rot
C:\Users\Prathach Raj P\.gemini\antigravity\scratch\krishi-marga\dataset_research\KRISHI_MARGA_DATASETS\02_Cash_Industrial\Sugarcane\raw\DS_SUGAR_02\train\images\S_RR-76-_JPG.rf.6e02a10b542ed75dbfa0046f1334140a.jpg,C:\Users\Prathach Raj P\.gemini\antigravity\scratch\krishi-marga\dataset_research\KRISHI_MARGA_DATASETS\02_Cash_Industrial\Sugarcane\processed\images\Red_Rot\DS_SUGAR_02_Red_Rot_S_RR-76-_JPG.rf.6e02a10b542ed75dbfa0046f1334140a.jpg,KEPT,Valid image passing all automated filters,DS_SUGAR_02,Sugarcane,Red Rot
C:\Users\Prathach Raj P\.gemini\antigravity\scratch\krishi-marga\dataset_research\KRISHI_MARGA_DATASETS\02_Cash_Industrial\Sugarcane\raw\DS_SUGAR_02\train\images\S_RR-78-_JPG.rf.a80e2ee13f66d180c390cbfdc38fcf16.jpg,C:\Users\Prathach Raj P\.gemini\antigravity\scratch\krishi-marga\dataset_research\KRISHI_MARGA_DATASETS\02_Cash_Industrial\Sugarcane\processed\images\Red_Rot\DS_SUGAR_02_Red_Rot_S_RR-78-_JPG.rf.a80e2ee13f66d180c390cbfdc38fcf16.jpg,KEPT,Valid image passing all automated filters,DS_SUGAR_02,Sugarcane,Red Rot
C:\Users\Prathach Raj P\.gemini\antigravity\scratch\krishi-marga\dataset_research\KRISHI_MARGA_DATASETS\02_Cash_Industrial\Sugarcane\raw\DS_SUGAR_02\train\images\S_RR-79-_JPG.rf.57cad455adc5e898c2b853ddf16746f1.jpg,C:\Users\Prathach Raj P\.gemini\antigravity\scratch\krishi-marga\dataset_research\KRISHI_MARGA_DATASETS\02_Cash_Industrial\Sugarcane\processed\images\Red_Rot\DS_SUGAR_02_Red_Rot_S_RR-79-_JPG.rf.57cad455adc5e898c2b853ddf16746f1.jpg,KEPT,Valid image passing all automated filters,DS_SUGAR_02,Sugarcane,Red Rot
C:\Users\Prathach Raj P\.gemini\antigravity\scratch\krishi-marga\dataset_research\KRISHI_MARGA_DATASETS\02_Cash_Industrial\Sugarcane\raw\DS_SUGAR_02\train\images\S_RR-83-_JPG.rf.296e639204686d755b66a264fb5b6f08.jpg,C:\Users\Prathach Raj P\.gemini\antigravity\scratch\krishi-marga\dataset_research\KRISHI_MARGA_DATASETS\02_Cash_Industrial\Sugarcane\processed\images\Red_Rot\DS_SUGAR_02_Red_Rot_S_RR-83-_JPG.rf.296e639204686d755b66a264fb5b6f08.jpg,KEPT,Valid image passing all automated filters,DS_SUGAR_02,Sugarcane,Red Rot
C:\Users\Prathach Raj P\.gemini\antigravity\scratch\krishi-marga\dataset_research\KRISHI_MARGA_DATASETS\02_Cash_Industrial\Sugarcane\raw\DS_SUGAR_02\train\images\S_RR-85-_JPG.rf.74a04438edcf4ee58ca3af0f7d714433.jpg,C:\Users\Prathach Raj P\.gemini\antigravity\scratch\krishi-marga\dataset_research\KRISHI_MARGA_DATASETS\02_Cash_Industrial\Sugarcane\processed\images\Red_Rot\DS_SUGAR_02_Red_Rot_S_RR-85-_JPG.rf.74a04438edcf4ee58ca3af0f7d714433.jpg,KEPT,Valid image passing all automated filters,DS_SUGAR_02,Sugarcane,Red Rot
C:\Users\Prathach Raj P\.gemini\antigravity\scratch\krishi-marga\dataset_research\KRISHI_MARGA_DATASETS\02_Cash_Industrial\Sugarcane\raw\DS_SUGAR_02\train\images\S_RR-86-_JPG.rf.1871acfad15e7b9cafe4f5d9dd98a34c.jpg,C:\Users\Prathach Raj P\.gemini\antigravity\scratch\krishi-marga\dataset_research\KRISHI_MARGA_DATASETS\02_Cash_Industrial\Sugarcane\processed\images\Red_Rot\DS_SUGAR_02_Red_Rot_S_RR-86-_JPG.rf.1871acfad15e7b9cafe4f5d9dd98a34c.jpg,KEPT,Valid image passing all automated filters,DS_SUGAR_02,Sugarcane,Red Rot
C:\Users\Prathach Raj P\.gemini\antigravity\scratch\krishi-marga\dataset_research\KRISHI_MARGA_DATASETS\02_Cash_Industrial\Sugarcane\raw\DS_SUGAR_02\train\images\S_RR-88-_JPG.rf.f27b59010ab46ee7bfd3c9a0da4cbfd4.jpg,C:\Users\Prathach Raj P\.gemini\antigravity\scratch\krishi-marga\dataset_research\KRISHI_MARGA_DATASETS\02_Cash_Industrial\Sugarcane\processed\images\Red_Rot\DS_SUGAR_02_Red_Rot_S_RR-88-_JPG.rf.f27b59010ab46ee7bfd3c9a0da4cbfd4.jpg,KEPT,Valid image passing all automated filters,DS_SUGAR_02,Sugarcane,Red Rot
C:\Users\Prathach Raj P\.gemini\antigravity\scratch\krishi-marga\dataset_research\KRISHI_MARGA_DATASETS\02_Cash_Industrial\Sugarcane\raw\DS_SUGAR_02\train\images\S_RR-9-_JPG.rf.7b35d4e89daaedf6bcb738a3c433d60f.jpg,C:\Users\Prathach Raj P\.gemini\antigravity\scratch\krishi-marga\dataset_research\KRISHI_MARGA_DATASETS\02_Cash_Industrial\Sugarcane\processed\images\Red_Rot\DS_SUGAR_02_Red_Rot_S_RR-9-_JPG.rf.7b35d4e89daaedf6bcb738a3c433d60f.jpg,KEPT,Valid image passing all automated filters,DS_SUGAR_02,Sugarcane,Red Rot
C:\Users\Prathach Raj P\.gemini\antigravity\scratch\krishi-marga\dataset_research\KRISHI_MARGA_DATASETS\02_Cash_Industrial\Sugarcane\raw\DS_SUGAR_02\train\images\S_RR-90-_JPG.rf.ae49041e17458cd66678b5830348d62e.jpg,C:\Users\Prathach Raj P\.gemini\antigravity\scratch\krishi-marga\dataset_research\KRISHI_MARGA_DATASETS\02_Cash_Industrial\Sugarcane\processed\images\Red_Rot\DS_SUGAR_02_Red_Rot_S_RR-90-_JPG.rf.ae49041e17458cd66678b5830348d62e.jpg,KEPT,Valid image passing all automated filters,DS_SUGAR_02,Sugarcane,Red Rot
C:\Users\Prathach Raj P\.gemini\antigravity\scratch\krishi-marga\dataset_research\KRISHI_MARGA_DATASETS\02_Cash_Industrial\Sugarcane\raw\DS_SUGAR_02\train\images\S_RR-92-_JPG.rf.1ade77ee0cc6e1b50f0c1fa7dc26e98b.jpg,C:\Users\Prathach Raj P\.gemini\antigravity\scratch\krishi-marga\dataset_research\KRISHI_MARGA_DATASETS\02_Cash_Industrial\Sugarcane\processed\images\Red_Rot\DS_SUGAR_02_Red_Rot_S_RR-92-_JPG.rf.1ade77ee0cc6e1b50f0c1fa7dc26e98b.jpg,KEPT,Valid image passing all automated filters,DS_SUGAR_02,Sugarcane,Red Rot
C:\Users\Prathach Raj P\.gemini\antigravity\scratch\krishi-marga\dataset_research\KRISHI_MARGA_DATASETS\02_Cash_Industrial\Sugarcane\raw\DS_SUGAR_02\train\images\S_RR-93-_JPG.rf.77e5742f059d8b5b4d4f449045ad0779.jpg,C:\Users\Prathach Raj P\.gemini\antigravity\scratch\krishi-marga\dataset_research\KRISHI_MARGA_DATASETS\02_Cash_Industrial\Sugarcane\processed\images\Red_Rot\DS_SUGAR_02_Red_Rot_S_RR-93-_JPG.rf.77e5742f059d8b5b4d4f449045ad0779.jpg,KEPT,Valid image passing all automated filters,DS_SUGAR_02,Sugarcane,Red Rot
C:\Users\Prathach Raj P\.gemini\antigravity\scratch\krishi-marga\dataset_research\KRISHI_MARGA_DATASETS\02_Cash_Industrial\Sugarcane\raw\DS_SUGAR_02\train\images\S_RR-96-_JPG.rf.2995b56baf1e1d4e598c350358ad3a68.jpg,C:\Users\Prathach Raj P\.gemini\antigravity\scratch\krishi-marga\dataset_research\KRISHI_MARGA_DATASETS\02_Cash_Industrial\Sugarcane\processed\images\Red_Rot\DS_SUGAR_02_Red_Rot_S_RR-96-_JPG.rf.2995b56baf1e1d4e598c350358ad3a68.jpg,KEPT,Valid image passing all automated filters,DS_SUGAR_02,Sugarcane,Red Rot
C:\Users\Prathach Raj P\.gemini\antigravity\scratch\krishi-marga\dataset_research\KRISHI_MARGA_DATASETS\02_Cash_Industrial\Sugarcane\raw\DS_SUGAR_02\train\images\S_RR-97-_JPG.rf.ccd4ed4bae03f62152c33926291730a1.jpg,C:\Users\Prathach Raj P\.gemini\antigravity\scratch\krishi-marga\dataset_research\KRISHI_MARGA_DATASETS\02_Cash_Industrial\Sugarcane\processed\images\Red_Rot\DS_SUGAR_02_Red_Rot_S_RR-97-_JPG.rf.ccd4ed4bae03f62152c33926291730a1.jpg,KEPT,Valid image passing all automated filters,DS_SUGAR_02,Sugarcane,Red Rot
C:\Users\Prathach Raj P\.gemini\antigravity\scratch\krishi-marga\dataset_research\KRISHI_MARGA_DATASETS\02_Cash_Industrial\Sugarcane\raw\DS_SUGAR_02\train\images\S_RR-98-_JPG.rf.4d425ccc0dacf988b107c201be34fcf1.jpg,C:\Users\Prathach Raj P\.gemini\antigravity\scratch\krishi-marga\dataset_research\KRISHI_MARGA_DATASETS\02_Cash_Industrial\Sugarcane\processed\images\Red_Rot\DS_SUGAR_02_Red_Rot_S_RR-98-_JPG.rf.4d425ccc0dacf988b107c201be34fcf1.jpg,KEPT,Valid image passing all automated filters,DS_SUGAR_02,Sugarcane,Red Rot
C:\Users\Prathach Raj P\.gemini\antigravity\scratch\krishi-marga\dataset_research\KRISHI_MARGA_DATASETS\02_Cash_Industrial\Sugarcane\raw\DS_SUGAR_02\valid\images\S_BLB-10-_JPG.rf.643d85d034d1ca3ff06c4066b6c22019.jpg,C:\Users\Prathach Raj P\.gemini\antigravity\scratch\krishi-marga\dataset_research\KRISHI_MARGA_DATASETS\02_Cash_Industrial\Sugarcane\processed\images\Bacterial_Blight\DS_SUGAR_02_Bacterial_Blight_S_BLB-10-_JPG.rf.643d85d034d1ca3ff06c4066b6c22019.jpg,KEPT,Valid image passing all automated filters,DS_SUGAR_02,Sugarcane,Bacterial Blight
C:\Users\Prathach Raj P\.gemini\antigravity\scratch\krishi-marga\dataset_research\KRISHI_MARGA_DATASETS\02_Cash_Industrial\Sugarcane\raw\DS_SUGAR_02\valid\images\S_BLB-100-_JPG.rf.f140ffda9fd46dcad28f058995c410dc.jpg,C:\Users\Prathach Raj P\.gemini\antigravity\scratch\krishi-marga\dataset_research\KRISHI_MARGA_DATASETS\02_Cash_Industrial\Sugarcane\processed\images\Bacterial_Blight\DS_SUGAR_02_Bacterial_Blight_S_BLB-100-_JPG.rf.f140ffda9fd46dcad28f058995c410dc.jpg,KEPT,Valid image passing all automated filters,DS_SUGAR_02,Sugarcane,Bacterial Blight
C:\Users\Prathach Raj P\.gemini\antigravity\scratch\krishi-marga\dataset_research\KRISHI_MARGA_DATASETS\02_Cash_Industrial\Sugarcane\raw\DS_SUGAR_02\valid\images\S_BLB-12-_JPG.rf.e27904153e28c9e2b35179e06af1c221.jpg,C:\Users\Prathach Raj P\.gemini\antigravity\scratch\krishi-marga\dataset_research\KRISHI_MARGA_DATASETS\02_Cash_Industrial\Sugarcane\processed\images\Bacterial_Blight\DS_SUGAR_02_Bacterial_Blight_S_BLB-12-_JPG.rf.e27904153e28c9e2b35179e06af1c221.jpg,KEPT,Valid image passing all automated filters,DS_SUGAR_02,Sugarcane,Bacterial Blight
C:\Users\Prathach Raj P\.gemini\antigravity\scratch\krishi-marga\dataset_research\KRISHI_MARGA_DATASETS\02_Cash_Industrial\Sugarcane\raw\DS_SUGAR_02\valid\images\S_BLB-13-_JPG.rf.35c318064344aa90f7af7a4505a160eb.jpg,C:\Users\Prathach Raj P\.gemini\antigravity\scratch\krishi-marga\dataset_research\KRISHI_MARGA_DATASETS\02_Cash_Industrial\Sugarcane\processed\images\Bacterial_Blight\DS_SUGAR_02_Bacterial_Blight_S_BLB-13-_JPG.rf.35c318064344aa90f7af7a4505a160eb.jpg,KEPT,Valid image passing all automated filters,DS_SUGAR_02,Sugarcane,Bacterial Blight
C:\Users\Prathach Raj P\.gemini\antigravity\scratch\krishi-marga\dataset_research\KRISHI_MARGA_DATASETS\02_Cash_Industrial\Sugarcane\raw\DS_SUGAR_02\valid\images\S_BLB-25-_JPG.rf.61075fc4f45f916518ad44228dbbd319.jpg,C:\Users\Prathach Raj P\.gemini\antigravity\scratch\krishi-marga\dataset_research\KRISHI_MARGA_DATASETS\02_Cash_Industrial\Sugarcane\processed\images\Bacterial_Blight\DS_SUGAR_02_Bacterial_Blight_S_BLB-25-_JPG.rf.61075fc4f45f916518ad44228dbbd319.jpg,KEPT,Valid image passing all automated filters,DS_SUGAR_02,Sugarcane,Bacterial Blight
C:\Users\Prathach Raj P\.gemini\antigravity\scratch\krishi-marga\dataset_research\KRISHI_MARGA_DATASETS\02_Cash_Industrial\Sugarcane\raw\DS_SUGAR_02\valid\images\S_BLB-27-_JPG.rf.94bca54ca2d82acf92260257fc38d5bc.jpg,C:\Users\Prathach Raj P\.gemini\antigravity\scratch\krishi-marga\dataset_research\KRISHI_MARGA_DATASETS\02_Cash_Industrial\Sugarcane\processed\images\Bacterial_Blight\DS_SUGAR_02_Bacterial_Blight_S_BLB-27-_JPG.rf.94bca54ca2d82acf92260257fc38d5bc.jpg,KEPT,Valid image passing all automated filters,DS_SUGAR_02,Sugarcane,Bacterial Blight
C:\Users\Prathach Raj P\.gemini\antigravity\scratch\krishi-marga\dataset_research\KRISHI_MARGA_DATASETS\02_Cash_Industrial\Sugarcane\raw\DS_SUGAR_02\valid\images\S_BLB-3-_JPG.rf.2cae7f7dce558124a791df52cbc6a029.jpg,C:\Users\Prathach Raj P\.gemini\antigravity\scratch\krishi-marga\dataset_research\KRISHI_MARGA_DATASETS\02_Cash_Industrial\Sugarcane\processed\images\Bacterial_Blight\DS_SUGAR_02_Bacterial_Blight_S_BLB-3-_JPG.rf.2cae7f7dce558124a791df52cbc6a029.jpg,KEPT,Valid image passing all automated filters,DS_SUGAR_02,Sugarcane,Bacterial Blight
C:\Users\Prathach Raj P\.gemini\antigravity\scratch\krishi-marga\dataset_research\KRISHI_MARGA_DATASETS\02_Cash_Industrial\Sugarcane\raw\DS_SUGAR_02\valid\images\S_BLB-36-_JPG.rf.7d4062c257d81d02ae497e5401b571a7.jpg,C:\Users\Prathach Raj P\.gemini\antigravity\scratch\krishi-marga\dataset_research\KRISHI_MARGA_DATASETS\02_Cash_Industrial\Sugarcane\processed\images\Bacterial_Blight\DS_SUGAR_02_Bacterial_Blight_S_BLB-36-_JPG.rf.7d4062c257d81d02ae497e5401b571a7.jpg,KEPT,Valid image passing all automated filters,DS_SUGAR_02,Sugarcane,Bacterial Blight
C:\Users\Prathach Raj P\.gemini\antigravity\scratch\krishi-marga\dataset_research\KRISHI_MARGA_DATASETS\02_Cash_Industrial\Sugarcane\raw\DS_SUGAR_02\valid\images\S_BLB-38-_JPG.rf.8f029ffb1556bbf5b463590c0f4c69df.jpg,C:\Users\Prathach Raj P\.gemini\antigravity\scratch\krishi-marga\dataset_research\KRISHI_MARGA_DATASETS\02_Cash_Industrial\Sugarcane\processed\images\Bacterial_Blight\DS_SUGAR_02_Bacterial_Blight_S_BLB-38-_JPG.rf.8f029ffb1556bbf5b463590c0f4c69df.jpg,KEPT,Valid image passing all automated filters,DS_SUGAR_02,Sugarcane,Bacterial Blight
C:\Users\Prathach Raj P\.gemini\antigravity\scratch\krishi-marga\dataset_research\KRISHI_MARGA_DATASETS\02_Cash_Industrial\Sugarcane\raw\DS_SUGAR_02\valid\images\S_BLB-43-_JPG.rf.b1589dca6d7452efde00e4bc3d3e08b0.jpg,C:\Users\Prathach Raj P\.gemini\antigravity\scratch\krishi-marga\dataset_research\KRISHI_MARGA_DATASETS\02_Cash_Industrial\Sugarcane\processed\images\Bacterial_Blight\DS_SUGAR_02_Bacterial_Blight_S_BLB-43-_JPG.rf.b1589dca6d7452efde00e4bc3d3e08b0.jpg,KEPT,Valid image passing all automated filters,DS_SUGAR_02,Sugarcane,Bacterial Blight
C:\Users\Prathach Raj P\.gemini\antigravity\scratch\krishi-marga\dataset_research\KRISHI_MARGA_DATASETS\02_Cash_Industrial\Sugarcane\raw\DS_SUGAR_02\valid\images\S_BLB-52-_JPG.rf.1c9514317466a95e8138000fc4804cfc.jpg,C:\Users\Prathach Raj P\.gemini\antigravity\scratch\krishi-marga\dataset_research\KRISHI_MARGA_DATASETS\02_Cash_Industrial\Sugarcane\processed\images\Bacterial_Blight\DS_SUGAR_02_Bacterial_Blight_S_BLB-52-_JPG.rf.1c9514317466a95e8138000fc4804cfc.jpg,KEPT,Valid image passing all automated filters,DS_SUGAR_02,Sugarcane,Bacterial Blight
C:\Users\Prathach Raj P\.gemini\antigravity\scratch\krishi-marga\dataset_research\KRISHI_MARGA_DATASETS\02_Cash_Industrial\Sugarcane\raw\DS_SUGAR_02\valid\images\S_BLB-6-_JPG.rf.32154d5163af1c6bc9bb8fe78822fe4a.jpg,C:\Users\Prathach Raj P\.gemini\antigravity\scratch\krishi-marga\dataset_research\KRISHI_MARGA_DATASETS\02_Cash_Industrial\Sugarcane\processed\images\Bacterial_Blight\DS_SUGAR_02_Bacterial_Blight_S_BLB-6-_JPG.rf.32154d5163af1c6bc9bb8fe78822fe4a.jpg,KEPT,Valid image passing all automated filters,DS_SUGAR_02,Sugarcane,Bacterial Blight
C:\Users\Prathach Raj P\.gemini\antigravity\scratch\krishi-marga\dataset_research\KRISHI_MARGA_DATASETS\02_Cash_Industrial\Sugarcane\raw\DS_SUGAR_02\valid\images\S_BLB-63-_JPG.rf.a1cbb598066eb27a90d48080011fe92c.jpg,C:\Users\Prathach Raj P\.gemini\antigravity\scratch\krishi-marga\dataset_research\KRISHI_MARGA_DATASETS\02_Cash_Industrial\Sugarcane\processed\images\Bacterial_Blight\DS_SUGAR_02_Bacterial_Blight_S_BLB-63-_JPG.rf.a1cbb598066eb27a90d48080011fe92c.jpg,KEPT,Valid image passing all automated filters,DS_SUGAR_02,Sugarcane,Bacterial Blight
C:\Users\Prathach Raj P\.gemini\antigravity\scratch\krishi-marga\dataset_research\KRISHI_MARGA_DATASETS\02_Cash_Industrial\Sugarcane\raw\DS_SUGAR_02\valid\images\S_BLB-64-_JPG.rf.4c031d8b5137475140a190d86667fff6.jpg,C:\Users\Prathach Raj P\.gemini\antigravity\scratch\krishi-marga\dataset_research\KRISHI_MARGA_DATASETS\02_Cash_Industrial\Sugarcane\processed\images\Bacterial_Blight\DS_SUGAR_02_Bacterial_Blight_S_BLB-64-_JPG.rf.4c031d8b5137475140a190d86667fff6.jpg,KEPT,Valid image passing all automated filters,DS_SUGAR_02,Sugarcane,Bacterial Blight
C:\Users\Prathach Raj P\.gemini\antigravity\scratch\krishi-marga\dataset_research\KRISHI_MARGA_DATASETS\02_Cash_Industrial\Sugarcane\raw\DS_SUGAR_02\valid\images\S_BLB-67-_JPG.rf.4bb7b0a523599e04e3f67a5f6ae46974.jpg,C:\Users\Prathach Raj P\.gemini\antigravity\scratch\krishi-marga\dataset_research\KRISHI_MARGA_DATASETS\02_Cash_Industrial\Sugarcane\processed\images\Bacterial_Blight\DS_SUGAR_02_Bacterial_Blight_S_BLB-67-_JPG.rf.4bb7b0a523599e04e3f67a5f6ae46974.jpg,KEPT,Valid image passing all automated filters,DS_SUGAR_02,Sugarcane,Bacterial Blight
C:\Users\Prathach Raj P\.gemini\antigravity\scratch\krishi-marga\dataset_research\KRISHI_MARGA_DATASETS\02_Cash_Industrial\Sugarcane\raw\DS_SUGAR_02\valid\images\S_BLB-82-_JPG.rf.063d116e23b1a4f44aa9ee8995530c73.jpg,C:\Users\Prathach Raj P\.gemini\antigravity\scratch\krishi-marga\dataset_research\KRISHI_MARGA_DATASETS\02_Cash_Industrial\Sugarcane\processed\images\Bacterial_Blight\DS_SUGAR_02_Bacterial_Blight_S_BLB-82-_JPG.rf.063d116e23b1a4f44aa9ee8995530c73.jpg,KEPT,Valid image passing all automated filters,DS_SUGAR_02,Sugarcane,Bacterial Blight
C:\Users\Prathach Raj P\.gemini\antigravity\scratch\krishi-marga\dataset_research\KRISHI_MARGA_DATASETS\02_Cash_Industrial\Sugarcane\raw\DS_SUGAR_02\valid\images\S_BLB-84-_JPG.rf.d6aba30465a56ec05a3d4209398fde9b.jpg,C:\Users\Prathach Raj P\.gemini\antigravity\scratch\krishi-marga\dataset_research\KRISHI_MARGA_DATASETS\02_Cash_Industrial\Sugarcane\processed\images\Bacterial_Blight\DS_SUGAR_02_Bacterial_Blight_S_BLB-84-_JPG.rf.d6aba30465a56ec05a3d4209398fde9b.jpg,KEPT,Valid image passing all automated filters,DS_SUGAR_02,Sugarcane,Bacterial Blight
C:\Users\Prathach Raj P\.gemini\antigravity\scratch\krishi-marga\dataset_research\KRISHI_MARGA_DATASETS\02_Cash_Industrial\Sugarcane\raw\DS_SUGAR_02\valid\images\S_BLB-85-_JPG.rf.5e6c013d810f3dc0f1bcfad8e69f9f4e.jpg,C:\Users\Prathach Raj P\.gemini\antigravity\scratch\krishi-marga\dataset_research\KRISHI_MARGA_DATASETS\02_Cash_Industrial\Sugarcane\processed\images\Bacterial_Blight\DS_SUGAR_02_Bacterial_Blight_S_BLB-85-_JPG.rf.5e6c013d810f3dc0f1bcfad8e69f9f4e.jpg,KEPT,Valid image passing all automated filters,DS_SUGAR_02,Sugarcane,Bacterial Blight
C:\Users\Prathach Raj P\.gemini\antigravity\scratch\krishi-marga\dataset_research\KRISHI_MARGA_DATASETS\02_Cash_Industrial\Sugarcane\raw\DS_SUGAR_02\valid\images\S_BLB-9-_JPG.rf.154eaa384d80ad89a7da90583d873b71.jpg,C:\Users\Prathach Raj P\.gemini\antigravity\scratch\krishi-marga\dataset_research\KRISHI_MARGA_DATASETS\02_Cash_Industrial\Sugarcane\processed\images\Bacterial_Blight\DS_SUGAR_02_Bacterial_Blight_S_BLB-9-_JPG.rf.154eaa384d80ad89a7da90583d873b71.jpg,KEPT,Valid image passing all automated filters,DS_SUGAR_02,Sugarcane,Bacterial Blight
C:\Users\Prathach Raj P\.gemini\antigravity\scratch\krishi-marga\dataset_research\KRISHI_MARGA_DATASETS\02_Cash_Industrial\Sugarcane\raw\DS_SUGAR_02\valid\images\S_BLB-99-_JPG.rf.cc3e34909fccb78758a4cf53e46ffd19.jpg,C:\Users\Prathach Raj P\.gemini\antigravity\scratch\krishi-marga\dataset_research\KRISHI_MARGA_DATASETS\02_Cash_Industrial\Sugarcane\processed\images\Bacterial_Blight\DS_SUGAR_02_Bacterial_Blight_S_BLB-99-_JPG.rf.cc3e34909fccb78758a4cf53e46ffd19.jpg,KEPT,Valid image passing all automated filters,DS_SUGAR_02,Sugarcane,Bacterial Blight
C:\Users\Prathach Raj P\.gemini\antigravity\scratch\krishi-marga\dataset_research\KRISHI_MARGA_DATASETS\02_Cash_Industrial\Sugarcane\raw\DS_SUGAR_02\valid\images\S_H-30-_jpg.rf.e99cea5d87d5b2dbd4b76ed17fce939c.jpg,C:\Users\Prathach Raj P\.gemini\antigravity\scratch\krishi-marga\dataset_research\KRISHI_MARGA_DATASETS\02_Cash_Industrial\Sugarcane\processed\images\Healthy\DS_SUGAR_02_Healthy_S_H-30-_jpg.rf.e99cea5d87d5b2dbd4b76ed17fce939c.jpg,KEPT,Valid image passing all automated filters,DS_SUGAR_02,Sugarcane,Healthy
C:\Users\Prathach Raj P\.gemini\antigravity\scratch\krishi-marga\dataset_research\KRISHI_MARGA_DATASETS\02_Cash_Industrial\Sugarcane\raw\DS_SUGAR_02\valid\images\S_H-4-_jpg.rf.70caaf20e686d9857c38127968e74ae0.jpg,C:\Users\Prathach Raj P\.gemini\antigravity\scratch\krishi-marga\dataset_research\KRISHI_MARGA_DATASETS\02_Cash_Industrial\Sugarcane\processed\images\Healthy\DS_SUGAR_02_Healthy_S_H-4-_jpg.rf.70caaf20e686d9857c38127968e74ae0.jpg,KEPT,Valid image passing all automated filters,DS_SUGAR_02,Sugarcane,Healthy
C:\Users\Prathach Raj P\.gemini\antigravity\scratch\krishi-marga\dataset_research\KRISHI_MARGA_DATASETS\02_Cash_Industrial\Sugarcane\raw\DS_SUGAR_02\valid\images\S_H-44-_jpg.rf.8409434b2e038122c9c96d4f74d493e5.jpg,C:\Users\Prathach Raj P\.gemini\antigravity\scratch\krishi-marga\dataset_research\KRISHI_MARGA_DATASETS\02_Cash_Industrial\Sugarcane\processed\images\Healthy\DS_SUGAR_02_Healthy_S_H-44-_jpg.rf.8409434b2e038122c9c96d4f74d493e5.jpg,KEPT,Valid image passing all automated filters,DS_SUGAR_02,Sugarcane,Healthy
C:\Users\Prathach Raj P\.gemini\antigravity\scratch\krishi-marga\dataset_research\KRISHI_MARGA_DATASETS\02_Cash_Industrial\Sugarcane\raw\DS_SUGAR_02\valid\images\S_H-63-_JPG.rf.f73253dfd6069bf1a751e2ade8f6bbb6.jpg,C:\Users\Prathach Raj P\.gemini\antigravity\scratch\krishi-marga\dataset_research\KRISHI_MARGA_DATASETS\02_Cash_Industrial\Sugarcane\processed\images\Healthy\DS_SUGAR_02_Healthy_S_H-63-_JPG.rf.f73253dfd6069bf1a751e2ade8f6bbb6.jpg,KEPT,Valid image passing all automated filters,DS_SUGAR_02,Sugarcane,Healthy
C:\Users\Prathach Raj P\.gemini\antigravity\scratch\krishi-marga\dataset_research\KRISHI_MARGA_DATASETS\02_Cash_Industrial\Sugarcane\raw\DS_SUGAR_02\valid\images\S_H-72-_JPG.rf.ca1b470ad6859e7c9bdd15e26fd4d293.jpg,C:\Users\Prathach Raj P\.gemini\antigravity\scratch\krishi-marga\dataset_research\KRISHI_MARGA_DATASETS\02_Cash_Industrial\Sugarcane\processed\images\Healthy\DS_SUGAR_02_Healthy_S_H-72-_JPG.rf.ca1b470ad6859e7c9bdd15e26fd4d293.jpg,KEPT,Valid image passing all automated filters,DS_SUGAR_02,Sugarcane,Healthy
C:\Users\Prathach Raj P\.gemini\antigravity\scratch\krishi-marga\dataset_research\KRISHI_MARGA_DATASETS\02_Cash_Industrial\Sugarcane\raw\DS_SUGAR_02\valid\images\S_RR-24-_JPG.rf.eb0617d269ad0f1b8f53e138b884245d.jpg,C:\Users\Prathach Raj P\.gemini\antigravity\scratch\krishi-marga\dataset_research\KRISHI_MARGA_DATASETS\02_Cash_Industrial\Sugarcane\processed\images\Red_Rot\DS_SUGAR_02_Red_Rot_S_RR-24-_JPG.rf.eb0617d269ad0f1b8f53e138b884245d.jpg,KEPT,Valid image passing all automated filters,DS_SUGAR_02,Sugarcane,Red Rot
C:\Users\Prathach Raj P\.gemini\antigravity\scratch\krishi-marga\dataset_research\KRISHI_MARGA_DATASETS\02_Cash_Industrial\Sugarcane\raw\DS_SUGAR_02\valid\images\S_RR-55-_JPG.rf.2adcb7a24c0aa404d9ce6dbea507b776.jpg,C:\Users\Prathach Raj P\.gemini\antigravity\scratch\krishi-marga\dataset_research\KRISHI_MARGA_DATASETS\02_Cash_Industrial\Sugarcane\processed\images\Red_Rot\DS_SUGAR_02_Red_Rot_S_RR-55-_JPG.rf.2adcb7a24c0aa404d9ce6dbea507b776.jpg,KEPT,Valid image passing all automated filters,DS_SUGAR_02,Sugarcane,Red Rot
C:\Users\Prathach Raj P\.gemini\antigravity\scratch\krishi-marga\dataset_research\KRISHI_MARGA_DATASETS\02_Cash_Industrial\Sugarcane\raw\DS_SUGAR_02\valid\images\S_RR-58-_JPG.rf.c1197eb8b1c0a527d2b7c448ff0876e1.jpg,C:\Users\Prathach Raj P\.gemini\antigravity\scratch\krishi-marga\dataset_research\KRISHI_MARGA_DATASETS\02_Cash_Industrial\Sugarcane\processed\images\Red_Rot\DS_SUGAR_02_Red_Rot_S_RR-58-_JPG.rf.c1197eb8b1c0a527d2b7c448ff0876e1.jpg,KEPT,Valid image passing all automated filters,DS_SUGAR_02,Sugarcane,Red Rot
C:\Users\Prathach Raj P\.gemini\antigravity\scratch\krishi-marga\dataset_research\KRISHI_MARGA_DATASETS\02_Cash_Industrial\Sugarcane\raw\DS_SUGAR_02\valid\images\S_RR-6-_JPG.rf.a6b244596ae2d0ba33efe41a6109778c.jpg,C:\Users\Prathach Raj P\.gemini\antigravity\scratch\krishi-marga\dataset_research\KRISHI_MARGA_DATASETS\02_Cash_Industrial\Sugarcane\processed\images\Red_Rot\DS_SUGAR_02_Red_Rot_S_RR-6-_JPG.rf.a6b244596ae2d0ba33efe41a6109778c.jpg,KEPT,Valid image passing all automated filters,DS_SUGAR_02,Sugarcane,Red Rot
C:\Users\Prathach Raj P\.gemini\antigravity\scratch\krishi-marga\dataset_research\KRISHI_MARGA_DATASETS\02_Cash_Industrial\Sugarcane\raw\DS_SUGAR_02\valid\images\S_RR-80-_JPG.rf.c57531e9bde822690862cad7ba73d799.jpg,C:\Users\Prathach Raj P\.gemini\antigravity\scratch\krishi-marga\dataset_research\KRISHI_MARGA_DATASETS\02_Cash_Industrial\Sugarcane\processed\images\Red_Rot\DS_SUGAR_02_Red_Rot_S_RR-80-_JPG.rf.c57531e9bde822690862cad7ba73d799.jpg,KEPT,Valid image passing all automated filters,DS_SUGAR_02,Sugarcane,Red Rot
C:\Users\Prathach Raj P\.gemini\antigravity\scratch\krishi-marga\dataset_research\KRISHI_MARGA_DATASETS\05_Core_Grains_Vegetables\Paddy_Rice\raw\DS_RICE_02\rice\train\bacterial_leaf_blight\blight_rotated_044.jpg,C:\Users\Prathach Raj P\.gemini\antigravity\scratch\krishi-marga\dataset_research\KRISHI_MARGA_DATASETS\05_Core_Grains_Vegetables\Paddy_Rice\processed\images\Rice\DS_RICE_02_Rice_blight_rotated_044.jpg,KEPT,Valid image passing all automated filters,DS_RICE_02,Paddy_Rice,Rice
C:\Users\Prathach Raj P\.gemini\antigravity\scratch\krishi-marga\dataset_research\KRISHI_MARGA_DATASETS\05_Core_Grains_Vegetables\Paddy_Rice\raw\DS_RICE_02\rice\train\bacterial_leaf_blight\blight_rotated_045.jpg,C:\Users\Prathach Raj P\.gemini\antigravity\scratch\krishi-marga\dataset_research\KRISHI_MARGA_DATASETS\05_Core_Grains_Vegetables\Paddy_Rice\processed\images\Rice\DS_RICE_02_Rice_blight_rotated_045.jpg,KEPT,Valid image passing all automated filters,DS_RICE_02,Paddy_Rice,Rice
C:\Users\Prathach Raj P\.gemini\antigravity\scratch\krishi-marga\dataset_research\KRISHI_MARGA_DATASETS\05_Core_Grains_Vegetables\Paddy_Rice\raw\DS_RICE_02\rice\train\bacterial_leaf_blight\blight_rotated_046.jpg,C:\Users\Prathach Raj P\.gemini\antigravity\scratch\krishi-marga\dataset_research\KRISHI_MARGA_DATASETS\05_Core_Grains_Vegetables\Paddy_Rice\processed\images\Rice\DS_RICE_02_Rice_blight_rotated_046.jpg,KEPT,Valid image passing all automated filters,DS_RICE_02,Paddy_Rice,Rice
C:\Users\Prathach Raj P\.gemini\antigravity\scratch\krishi-marga\dataset_research\KRISHI_MARGA_DATASETS\05_Core_Grains_Vegetables\Paddy_Rice\raw\DS_RICE_02\rice\train\bacterial_leaf_blight\blight_rotated_047.jpg,C:\Users\Prathach Raj P\.gemini\antigravity\scratch\krishi-marga\dataset_research\KRISHI_MARGA_DATASETS\05_Core_Grains_Vegetables\Paddy_Rice\processed\images\Rice\DS_RICE_02_Rice_blight_rotated_047.jpg,KEPT,Valid image passing all automated filters,DS_RICE_02,Paddy_Rice,Rice
C:\Users\Prathach Raj P\.gemini\antigravity\scratch\krishi-marga\dataset_research\KRISHI_MARGA_DATASETS\05_Core_Grains_Vegetables\Paddy_Rice\raw\DS_RICE_02\rice\train\bacterial_leaf_blight\blight_rotated_048.jpg,C:\Users\Prathach Raj P\.gemini\antigravity\scratch\krishi-marga\dataset_research\KRISHI_MARGA_DATASETS\05_Core_Grains_Vegetables\Paddy_Rice\processed\images\Rice\DS_RICE_02_Rice_blight_rotated_048.jpg,KEPT,Valid image passing all automated filters,DS_RICE_02,Paddy_Rice,Rice
C:\Users\Prathach Raj P\.gemini\antigravity\scratch\krishi-marga\dataset_research\KRISHI_MARGA_DATASETS\05_Core_Grains_Vegetables\Paddy_Rice\raw\DS_RICE_02\rice\train\bacterial_leaf_blight\blight_rotated_049.jpg,C:\Users\Prathach Raj P\.gemini\antigravity\scratch\krishi-marga\dataset_research\KRISHI_MARGA_DATASETS\05_Core_Grains_Vegetables\Paddy_Rice\processed\images\Rice\DS_RICE_02_Rice_blight_rotated_049.jpg,KEPT,Valid image passing all automated filters,DS_RICE_02,Paddy_Rice,Rice
C:\Users\Prathach Raj P\.gemini\antigravity\scratch\krishi-marga\dataset_research\KRISHI_MARGA_DATASETS\05_Core_Grains_Vegetables\Paddy_Rice\raw\DS_RICE_02\rice\train\bacterial_leaf_blight\blight_rotated_050.jpg,C:\Users\Prathach Raj P\.gemini\antigravity\scratch\krishi-marga\dataset_research\KRISHI_MARGA_DATASETS\05_Core_Grains_Vegetables\Paddy_Rice\processed\images\Rice\DS_RICE_02_Rice_blight_rotated_050.jpg,KEPT,Valid image passing all automated filters,DS_RICE_02,Paddy_Rice,Rice
C:\Users\Prathach Raj P\.gemini\antigravity\scratch\krishi-marga\dataset_research\KRISHI_MARGA_DATASETS\05_Core_Grains_Vegetables\Paddy_Rice\raw\DS_RICE_02\rice\train\bacterial_leaf_blight\blight_rotated_051.jpg,C:\Users\Prathach Raj P\.gemini\antigravity\scratch\krishi-marga\dataset_research\KRISHI_MARGA_DATASETS\05_Core_Grains_Vegetables\Paddy_Rice\processed\images\Rice\DS_RICE_02_Rice_blight_rotated_051.jpg,KEPT,Valid image passing all automated filters,DS_RICE_02,Paddy_Rice,Rice
C:\Users\Prathach Raj P\.gemini\antigravity\scratch\krishi-marga\dataset_research\KRISHI_MARGA_DATASETS\05_Core_Grains_Vegetables\Paddy_Rice\raw\DS_RICE_02\rice\train\bacterial_leaf_blight\blight_rotated_052.jpg,C:\Users\Prathach Raj P\.gemini\antigravity\scratch\krishi-marga\dataset_research\KRISHI_MARGA_DATASETS\05_Core_Grains_Vegetables\Paddy_Rice\processed\images\Rice\DS_RICE_02_Rice_blight_rotated_052.jpg,KEPT,Valid image passing all automated filters,DS_RICE_02,Paddy_Rice,Rice
C:\Users\Prathach Raj P\.gemini\antigravity\scratch\krishi-marga\dataset_research\KRISHI_MARGA_DATASETS\05_Core_Grains_Vegetables\Paddy_Rice\raw\DS_RICE_02\rice\train\bacterial_leaf_blight\blight_rotated_053.jpg,C:\Users\Prathach Raj P\.gemini\antigravity\scratch\krishi-marga\dataset_research\KRISHI_MARGA_DATASETS\05_Core_Grains_Vegetables\Paddy_Rice\processed\images\Rice\DS_RICE_02_Rice_blight_rotated_053.jpg,KEPT,Valid image passing all automated filters,DS_RICE_02,Paddy_Rice,Rice
C:\Users\Prathach Raj P\.gemini\antigravity\scratch\krishi-marga\dataset_research\KRISHI_MARGA_DATASETS\05_Core_Grains_Vegetables\Paddy_Rice\raw\DS_RICE_02\rice\train\bacterial_leaf_blight\blight_rotated_054.jpg,C:\Users\Prathach Raj P\.gemini\antigravity\scratch\krishi-marga\dataset_research\KRISHI_MARGA_DATASETS\05_Core_Grains_Vegetables\Paddy_Rice\processed\images\Rice\DS_RICE_02_Rice_blight_rotated_054.jpg,KEPT,Valid image passing all automated filters,DS_RICE_02,Paddy_Rice,Rice
C:\Users\Prathach Raj P\.gemini\antigravity\scratch\krishi-marga\dataset_research\KRISHI_MARGA_DATASETS\05_Core_Grains_Vegetables\Paddy_Rice\raw\DS_RICE_02\rice\train\bacterial_leaf_blight\blight_rotated_055.jpg,C:\Users\Prathach Raj P\.gemini\antigravity\scratch\krishi-marga\dataset_research\KRISHI_MARGA_DATASETS\05_Core_Grains_Vegetables\Paddy_Rice\processed\images\Rice\DS_RICE_02_Rice_blight_rotated_055.jpg,KEPT,Valid image passing all automated filters,DS_RICE_02,Paddy_Rice,Rice
C:\Users\Prathach Raj P\.gemini\antigravity\scratch\krishi-marga\dataset_research\KRISHI_MARGA_DATASETS\05_Core_Grains_Vegetables\Paddy_Rice\raw\DS_RICE_02\rice\train\bacterial_leaf_blight\blight_rotated_056.jpg,C:\Users\Prathach Raj P\.gemini\antigravity\scratch\krishi-marga\dataset_research\KRISHI_MARGA_DATASETS\05_Core_Grains_Vegetables\Paddy_Rice\processed\images\Rice\DS_RICE_02_Rice_blight_rotated_056.jpg,KEPT,Valid image passing all automated filters,DS_RICE_02,Paddy_Rice,Rice
C:\Users\Prathach Raj P\.gemini\antigravity\scratch\krishi-marga\dataset_research\KRISHI_MARGA_DATASETS\05_Core_Grains_Vegetables\Paddy_Rice\raw\DS_RICE_02\rice\train\bacterial_leaf_blight\blight_rotated_057.jpg,C:\Users\Prathach Raj P\.gemini\antigravity\scratch\krishi-marga\dataset_research\KRISHI_MARGA_DATASETS\05_Core_Grains_Vegetables\Paddy_Rice\processed\images\Rice\DS_RICE_02_Rice_blight_rotated_057.jpg,KEPT,Valid image passing all automated filters,DS_RICE_02,Paddy_Rice,Rice
C:\Users\Prathach Raj P\.gemini\antigravity\scratch\krishi-marga\dataset_research\KRISHI_MARGA_DATASETS\05_Core_Grains_Vegetables\Paddy_Rice\raw\DS_RICE_02\rice\train\bacterial_leaf_blight\blight_rotated_058.jpg,C:\Users\Prathach Raj P\.gemini\antigravity\scratch\krishi-marga\dataset_research\KRISHI_MARGA_DATASETS\05_Core_Grains_Vegetables\Paddy_Rice\processed\images\Rice\DS_RICE_02_Rice_blight_rotated_058.jpg,KEPT,Valid image passing all automated filters,DS_RICE_02,Paddy_Rice,Rice
C:\Users\Prathach Raj P\.gemini\antigravity\scratch\krishi-marga\dataset_research\KRISHI_MARGA_DATASETS\05_Core_Grains_Vegetables\Paddy_Rice\raw\DS_RICE_02\rice\train\bacterial_leaf_blight\blight_rotated_059.jpg,C:\Users\Prathach Raj P\.gemini\antigravity\scratch\krishi-marga\dataset_research\KRISHI_MARGA_DATASETS\05_Core_Grains_Vegetables\Paddy_Rice\processed\images\Rice\DS_RICE_02_Rice_blight_rotated_059.jpg,KEPT,Valid image passing all automated filters,DS_RICE_02,Paddy_Rice,Rice
C:\Users\Prathach Raj P\.gemini\antigravity\scratch\krishi-marga\dataset_research\KRISHI_MARGA_DATASETS\05_Core_Grains_Vegetables\Paddy_Rice\raw\DS_RICE_02\rice\train\bacterial_leaf_blight\blight_rotated_060.JPG,C:\Users\Prathach Raj P\.gemini\antigravity\scratch\krishi-marga\dataset_research\KRISHI_MARGA_DATASETS\05_Core_Grains_Vegetables\Paddy_Rice\processed\images\Rice\DS_RICE_02_Rice_blight_rotated_060.JPG,KEPT,Valid image passing all automated filters,DS_RICE_02,Paddy_Rice,Rice
C:\Users\Prathach Raj P\.gemini\antigravity\scratch\krishi-marga\dataset_research\KRISHI_MARGA_DATASETS\05_Core_Grains_Vegetables\Paddy_Rice\raw\DS_RICE_02\rice\train\bacterial_leaf_blight\blight_rotated_061.JPG,C:\Users\Prathach Raj P\.gemini\antigravity\scratch\krishi-marga\dataset_research\KRISHI_MARGA_DATASETS\05_Core_Grains_Vegetables\Paddy_Rice\processed\images\Rice\DS_RICE_02_Rice_blight_rotated_061.JPG,KEPT,Valid image passing all automated filters,DS_RICE_02,Paddy_Rice,Rice
C:\Users\Prathach Raj P\.gemini\antigravity\scratch\krishi-marga\dataset_research\KRISHI_MARGA_DATASETS\05_Core_Grains_Vegetables\Paddy_Rice\raw\DS_RICE_02\rice\train\bacterial_leaf_blight\blight_rotated_062.JPG,C:\Users\Prathach Raj P\.gemini\antigravity\scratch\krishi-marga\dataset_research\KRISHI_MARGA_DATASETS\05_Core_Grains_Vegetables\Paddy_Rice\processed\images\Rice\DS_RICE_02_Rice_blight_rotated_062.JPG,KEPT,Valid image passing all automated filters,DS_RICE_02,Paddy_Rice,Rice
C:\Users\Prathach Raj P\.gemini\antigravity\scratch\krishi-marga\dataset_research\KRISHI_MARGA_DATASETS\05_Core_Grains_Vegetables\Paddy_Rice\raw\DS_RICE_02\rice\train\bacterial_leaf_blight\blight_rotated_063.JPG,C:\Users\Prathach Raj P\.gemini\antigravity\scratch\krishi-marga\dataset_research\KRISHI_MARGA_DATASETS\05_Core_Grains_Vegetables\Paddy_Rice\processed\images\Rice\DS_RICE_02_Rice_blight_rotated_063.JPG,KEPT,Valid image passing all automated filters,DS_RICE_02,Paddy_Rice,Rice
C:\Users\Prathach Raj P\.gemini\antigravity\scratch\krishi-marga\dataset_research\KRISHI_MARGA_DATASETS\05_Core_Grains_Vegetables\Paddy_Rice\raw\DS_RICE_02\rice\train\bacterial_leaf_blight\blight_rotated_064.JPG,C:\Users\Prathach Raj P\.gemini\antigravity\scratch\krishi-marga\dataset_research\KRISHI_MARGA_DATASETS\05_Core_Grains_Vegetables\Paddy_Rice\processed\images\Rice\DS_RICE_02_Rice_blight_rotated_064.JPG,KEPT,Valid image passing all automated filters,DS_RICE_02,Paddy_Rice,Rice
C:\Users\Prathach Raj P\.gemini\antigravity\scratch\krishi-marga\dataset_research\KRISHI_MARGA_DATASETS\05_Core_Grains_Vegetables\Paddy_Rice\raw\DS_RICE_02\rice\train\bacterial_leaf_blight\blight_rotated_065.JPG,C:\Users\Prathach Raj P\.gemini\antigravity\scratch\krishi-marga\dataset_research\KRISHI_MARGA_DATASETS\05_Core_Grains_Vegetables\Paddy_Rice\processed\images\Rice\DS_RICE_02_Rice_blight_rotated_065.JPG,KEPT,Valid image passing all automated filters,DS_RICE_02,Paddy_Rice,Rice
C:\Users\Prathach Raj P\.gemini\antigravity\scratch\krishi-marga\dataset_research\KRISHI_MARGA_DATASETS\05_Core_Grains_Vegetables\Paddy_Rice\raw\DS_RICE_02\rice\train\bacterial_leaf_blight\blight_rotated_066.JPG,C:\Users\Prathach Raj P\.gemini\antigravity\scratch\krishi-marga\dataset_research\KRISHI_MARGA_DATASETS\05_Core_Grains_Vegetables\Paddy_Rice\processed\images\Rice\DS_RICE_02_Rice_blight_rotated_066.JPG,KEPT,Valid image passing all automated filters,DS_RICE_02,Paddy_Rice,Rice
C:\Users\Prathach Raj P\.gemini\antigravity\scratch\krishi-marga\dataset_research\KRISHI_MARGA_DATASETS\05_Core_Grains_Vegetables\Paddy_Rice\raw\DS_RICE_02\rice\train\bacterial_leaf_blight\blight_rotated_067.JPG,C:\Users\Prathach Raj P\.gemini\antigravity\scratch\krishi-marga\dataset_research\KRISHI_MARGA_DATASETS\05_Core_Grains_Vegetables\Paddy_Rice\processed\images\Rice\DS_RICE_02_Rice_blight_rotated_067.JPG,KEPT,Valid image passing all automated filters,DS_RICE_02,Paddy_Rice,Rice
C:\Users\Prathach Raj P\.gemini\antigravity\scratch\krishi-marga\dataset_research\KRISHI_MARGA_DATASETS\05_Core_Grains_Vegetables\Paddy_Rice\raw\DS_RICE_02\rice\train\bacterial_leaf_blight\blight_rotated_068.JPG,C:\Users\Prathach Raj P\.gemini\antigravity\scratch\krishi-marga\dataset_research\KRISHI_MARGA_DATASETS\05_Core_Grains_Vegetables\Paddy_Rice\processed\images\Rice\DS_RICE_02_Rice_blight_rotated_068.JPG,KEPT,Valid image passing all automated filters,DS_RICE_02,Paddy_Rice,Rice
C:\Users\Prathach Raj P\.gemini\antigravity\scratch\krishi-marga\dataset_research\KRISHI_MARGA_DATASETS\05_Core_Grains_Vegetables\Paddy_Rice\raw\DS_RICE_02\rice\train\bacterial_leaf_blight\blight_rotated_069.JPG,C:\Users\Prathach Raj P\.gemini\antigravity\scratch\krishi-marga\dataset_research\KRISHI_MARGA_DATASETS\05_Core_Grains_Vegetables\Paddy_Rice\processed\images\Rice\DS_RICE_02_Rice_blight_rotated_069.JPG,KEPT,Valid image passing all automated filters,DS_RICE_02,Paddy_Rice,Rice
C:\Users\Prathach Raj P\.gemini\antigravity\scratch\krishi-marga\dataset_research\KRISHI_MARGA_DATASETS\05_Core_Grains_Vegetables\Paddy_Rice\raw\DS_RICE_02\rice\train\bacterial_leaf_blight\blight_rotated_070.JPG,C:\Users\Prathach Raj P\.gemini\antigravity\scratch\krishi-marga\dataset_research\KRISHI_MARGA_DATASETS\05_Core_Grains_Vegetables\Paddy_Rice\processed\images\Rice\DS_RICE_02_Rice_blight_rotated_070.JPG,KEPT,Valid image passing all automated filters,DS_RICE_02,Paddy_Rice,Rice
C:\Users\Prathach Raj P\.gemini\antigravity\scratch\krishi-marga\dataset_research\KRISHI_MARGA_DATASETS\05_Core_Grains_Vegetables\Paddy_Rice\raw\DS_RICE_02\rice\train\bacterial_leaf_blight\blight_rotated_071.JPG,C:\Users\Prathach Raj P\.gemini\antigravity\scratch\krishi-marga\dataset_research\KRISHI_MARGA_DATASETS\05_Core_Grains_Vegetables\Paddy_Rice\processed\images\Rice\DS_RICE_02_Rice_blight_rotated_071.JPG,KEPT,Valid image passing all automated filters,DS_RICE_02,Paddy_Rice,Rice
C:\Users\Prathach Raj P\.gemini\antigravity\scratch\krishi-marga\dataset_research\KRISHI_MARGA_DATASETS\05_Core_Grains_Vegetables\Paddy_Rice\raw\DS_RICE_02\rice\train\bacterial_leaf_blight\blight_rotated_072.JPG,C:\Users\Prathach Raj P\.gemini\antigravity\scratch\krishi-marga\dataset_research\KRISHI_MARGA_DATASETS\05_Core_Grains_Vegetables\Paddy_Rice\processed\images\Rice\DS_RICE_02_Rice_blight_rotated_072.JPG,KEPT,Valid image passing all automated filters,DS_RICE_02,Paddy_Rice,Rice
C:\Users\Prathach Raj P\.gemini\antigravity\scratch\krishi-marga\dataset_research\KRISHI_MARGA_DATASETS\05_Core_Grains_Vegetables\Paddy_Rice\raw\DS_RICE_02\rice\train\bacterial_leaf_blight\blight_rotated_073.JPG,C:\Users\Prathach Raj P\.gemini\antigravity\scratch\krishi-marga\dataset_research\KRISHI_MARGA_DATASETS\05_Core_Grains_Vegetables\Paddy_Rice\processed\images\Rice\DS_RICE_02_Rice_blight_rotated_073.JPG,KEPT,Valid image passing all automated filters,DS_RICE_02,Paddy_Rice,Rice
C:\Users\Prathach Raj P\.gemini\antigravity\scratch\krishi-marga\dataset_research\KRISHI_MARGA_DATASETS\05_Core_Grains_Vegetables\Paddy_Rice\raw\DS_RICE_02\rice\train\bacterial_leaf_blight\blight_rotated_074.JPG,C:\Users\Prathach Raj P\.gemini\antigravity\scratch\krishi-marga\dataset_research\KRISHI_MARGA_DATASETS\05_Core_Grains_Vegetables\Paddy_Rice\processed\images\Rice\DS_RICE_02_Rice_blight_rotated_074.JPG,KEPT,Valid image passing all automated filters,DS_RICE_02,Paddy_Rice,Rice
C:\Users\Prathach Raj P\.gemini\antigravity\scratch\krishi-marga\dataset_research\KRISHI_MARGA_DATASETS\05_Core_Grains_Vegetables\Paddy_Rice\raw\DS_RICE_02\rice\train\bacterial_leaf_blight\blight_rotated_075.JPG,C:\Users\Prathach Raj P\.gemini\antigravity\scratch\krishi-marga\dataset_research\KRISHI_MARGA_DATASETS\05_Core_Grains_Vegetables\Paddy_Rice\processed\images\Rice\DS_RICE_02_Rice_blight_rotated_075.JPG,KEPT,Valid image passing all automated filters,DS_RICE_02,Paddy_Rice,Rice
C:\Users\Prathach Raj P\.gemini\antigravity\scratch\krishi-marga\dataset_research\KRISHI_MARGA_DATASETS\05_Core_Grains_Vegetables\Paddy_Rice\raw\DS_RICE_02\rice\train\bacterial_leaf_blight\blight_rotated_076.jpg,C:\Users\Prathach Raj P\.gemini\antigravity\scratch\krishi-marga\dataset_research\KRISHI_MARGA_DATASETS\05_Core_Grains_Vegetables\Paddy_Rice\processed\images\Rice\DS_RICE_02_Rice_blight_rotated_076.jpg,KEPT,Valid image passing all automated filters,DS_RICE_02,Paddy_Rice,Rice
C:\Users\Prathach Raj P\.gemini\antigravity\scratch\krishi-marga\dataset_research\KRISHI_MARGA_DATASETS\05_Core_Grains_Vegetables\Paddy_Rice\raw\DS_RICE_02\rice\train\bacterial_leaf_blight\blight_rotated_077.jpg,C:\Users\Prathach Raj P\.gemini\antigravity\scratch\krishi-marga\dataset_research\KRISHI_MARGA_DATASETS\05_Core_Grains_Vegetables\Paddy_Rice\processed\images\Rice\DS_RICE_02_Rice_blight_rotated_077.jpg,KEPT,Valid image passing all automated filters,DS_RICE_02,Paddy_Rice,Rice
C:\Users\Prathach Raj P\.gemini\antigravity\scratch\krishi-marga\dataset_research\KRISHI_MARGA_DATASETS\05_Core_Grains_Vegetables\Paddy_Rice\raw\DS_RICE_02\rice\train\bacterial_leaf_blight\blight_rotated_078.jpg,C:\Users\Prathach Raj P\.gemini\antigravity\scratch\krishi-marga\dataset_research\KRISHI_MARGA_DATASETS\05_Core_Grains_Vegetables\Paddy_Rice\processed\images\Rice\DS_RICE_02_Rice_blight_rotated_078.jpg,KEPT,Valid image passing all automated filters,DS_RICE_02,Paddy_Rice,Rice
C:\Users\Prathach Raj P\.gemini\antigravity\scratch\krishi-marga\dataset_research\KRISHI_MARGA_DATASETS\05_Core_Grains_Vegetables\Paddy_Rice\raw\DS_RICE_02\rice\train\bacterial_leaf_blight\blight_rotated_079.jpg,C:\Users\Prathach Raj P\.gemini\antigravity\scratch\krishi-marga\dataset_research\KRISHI_MARGA_DATASETS\05_Core_Grains_Vegetables\Paddy_Rice\processed\images\Rice\DS_RICE_02_Rice_blight_rotated_079.jpg,KEPT,Valid image passing all automated filters,DS_RICE_02,Paddy_Rice,Rice
C:\Users\Prathach Raj P\.gemini\antigravity\scratch\krishi-marga\dataset_research\KRISHI_MARGA_DATASETS\05_Core_Grains_Vegetables\Paddy_Rice\raw\DS_RICE_02\rice\train\bacterial_leaf_blight\blight_rotated_080.jpg,C:\Users\Prathach Raj P\.gemini\antigravity\scratch\krishi-marga\dataset_research\KRISHI_MARGA_DATASETS\05_Core_Grains_Vegetables\Paddy_Rice\processed\images\Rice\DS_RICE_02_Rice_blight_rotated_080.jpg,KEPT,Valid image passing all automated filters,DS_RICE_02,Paddy_Rice,Rice
C:\Users\Prathach Raj P\.gemini\antigravity\scratch\krishi-marga\dataset_research\KRISHI_MARGA_DATASETS\05_Core_Grains_Vegetables\Paddy_Rice\raw\DS_RICE_02\rice\train\bacterial_leaf_blight\blight_rotated_081.jpg,C:\Users\Prathach Raj P\.gemini\antigravity\scratch\krishi-marga\dataset_research\KRISHI_MARGA_DATASETS\05_Core_Grains_Vegetables\Paddy_Rice\processed\images\Rice\DS_RICE_02_Rice_blight_rotated_081.jpg,KEPT,Valid image passing all automated filters,DS_RICE_02,Paddy_Rice,Rice
C:\Users\Prathach Raj P\.gemini\antigravity\scratch\krishi-marga\dataset_research\KRISHI_MARGA_DATASETS\05_Core_Grains_Vegetables\Paddy_Rice\raw\DS_RICE_02\rice\train\bacterial_leaf_blight\blight_rotated_082.jpg,NONE,EXCLUDED_EXACT_DUPLICATE,Binary identical to C:\Users\Prathach Raj P\.gemini\antigravity\scratch\krishi-marga\dataset_research\KRISHI_MARGA_DATASETS\05_Core_Grains_Vegetables\Paddy_Rice\raw\DS_RICE_02\rice\train\bacterial_leaf_blight\blight_rotated_044.jpg,DS_RICE_02,Paddy_Rice,Rice
C:\Users\Prathach Raj P\.gemini\antigravity\scratch\krishi-marga\dataset_research\KRISHI_MARGA_DATASETS\05_Core_Grains_Vegetables\Paddy_Rice\raw\DS_RICE_02\rice\train\bacterial_leaf_blight\blight_rotated_083.jpg,C:\Users\Prathach Raj P\.gemini\antigravity\scratch\krishi-marga\dataset_research\KRISHI_MARGA_DATASETS\05_Core_Grains_Vegetables\Paddy_Rice\processed\images\Rice\DS_RICE_02_Rice_blight_rotated_083.jpg,KEPT,Valid image passing all automated filters,DS_RICE_02,Paddy_Rice,Rice
C:\Users\Prathach Raj P\.gemini\antigravity\scratch\krishi-marga\dataset_research\KRISHI_MARGA_DATASETS\05_Core_Grains_Vegetables\Paddy_Rice\raw\DS_RICE_02\rice\train\bacterial_leaf_blight\blight_rotated_084.jpg,NONE,EXCLUDED_EXACT_DUPLICATE,Binary identical to C:\Users\Prathach Raj P\.gemini\antigravity\scratch\krishi-marga\dataset_research\KRISHI_MARGA_DATASETS\05_Core_Grains_Vegetables\Paddy_Rice\raw\DS_RICE_02\rice\train\bacterial_leaf_blight\blight_rotated_046.jpg,DS_RICE_02,Paddy_Rice,Rice
C:\Users\Prathach Raj P\.gemini\antigravity\scratch\krishi-marga\dataset_research\KRISHI_MARGA_DATASETS\05_Core_Grains_Vegetables\Paddy_Rice\raw\DS_RICE_02\rice\train\bacterial_leaf_blight\blight_rotated_085.jpg,NONE,EXCLUDED_EXACT_DUPLICATE,Binary identical to C:\Users\Prathach Raj P\.gemini\antigravity\scratch\krishi-marga\dataset_research\KRISHI_MARGA_DATASETS\05_Core_Grains_Vegetables\Paddy_Rice\raw\DS_RICE_02\rice\train\bacterial_leaf_blight\blight_rotated_047.jpg,DS_RICE_02,Paddy_Rice,Rice
C:\Users\Prathach Raj P\.gemini\antigravity\scratch\krishi-marga\dataset_research\KRISHI_MARGA_DATASETS\05_Core_Grains_Vegetables\Paddy_Rice\raw\DS_RICE_02\rice\train\bacterial_leaf_blight\blight_rotated_086.jpg,NONE,EXCLUDED_EXACT_DUPLICATE,Binary identical to C:\Users\Prathach Raj P\.gemini\antigravity\scratch\krishi-marga\dataset_research\KRISHI_MARGA_DATASETS\05_Core_Grains_Vegetables\Paddy_Rice\raw\DS_RICE_02\rice\train\bacterial_leaf_blight\blight_rotated_048.jpg,DS_RICE_02,Paddy_Rice,Rice
C:\Users\Prathach Raj P\.gemini\antigravity\scratch\krishi-marga\dataset_research\KRISHI_MARGA_DATASETS\05_Core_Grains_Vegetables\Paddy_Rice\raw\DS_RICE_02\rice\train\bacterial_leaf_blight\blight_rotated_087.jpg,NONE,EXCLUDED_EXACT_DUPLICATE,Binary identical to C:\Users\Prathach Raj P\.gemini\antigravity\scratch\krishi-marga\dataset_research\KRISHI_MARGA_DATASETS\05_Core_Grains_Vegetables\Paddy_Rice\raw\DS_RICE_02\rice\train\bacterial_leaf_blight\blight_rotated_049.jpg,DS_RICE_02,Paddy_Rice,Rice
C:\Users\Prathach Raj P\.gemini\antigravity\scratch\krishi-marga\dataset_research\KRISHI_MARGA_DATASETS\05_Core_Grains_Vegetables\Paddy_Rice\raw\DS_RICE_02\rice\train\bacterial_leaf_blight\blight_rotated_088.jpg,NONE,EXCLUDED_EXACT_DUPLICATE,Binary identical to C:\Users\Prathach Raj P\.gemini\antigravity\scratch\krishi-marga\dataset_research\KRISHI_MARGA_DATASETS\05_Core_Grains_Vegetables\Paddy_Rice\raw\DS_RICE_02\rice\train\bacterial_leaf_blight\blight_rotated_050.jpg,DS_RICE_02,Paddy_Rice,Rice
C:\Users\Prathach Raj P\.gemini\antigravity\scratch\krishi-marga\dataset_research\KRISHI_MARGA_DATASETS\05_Core_Grains_Vegetables\Paddy_Rice\raw\DS_RICE_02\rice\train\bacterial_leaf_blight\blight_rotated_089.jpg,C:\Users\Prathach Raj P\.gemini\antigravity\scratch\krishi-marga\dataset_research\KRISHI_MARGA_DATASETS\05_Core_Grains_Vegetables\Paddy_Rice\processed\images\Rice\DS_RICE_02_Rice_blight_rotated_089.jpg,KEPT,Valid image passing all automated filters,DS_RICE_02,Paddy_Rice,Rice
C:\Users\Prathach Raj P\.gemini\antigravity\scratch\krishi-marga\dataset_research\KRISHI_MARGA_DATASETS\05_Core_Grains_Vegetables\Paddy_Rice\raw\DS_RICE_02\rice\train\bacterial_leaf_blight\blight_rotated_090.jpg,NONE,EXCLUDED_EXACT_DUPLICATE,Binary identical to C:\Users\Prathach Raj P\.gemini\antigravity\scratch\krishi-marga\dataset_research\KRISHI_MARGA_DATASETS\05_Core_Grains_Vegetables\Paddy_Rice\raw\DS_RICE_02\rice\train\bacterial_leaf_blight\blight_rotated_052.jpg,DS_RICE_02,Paddy_Rice,Rice
C:\Users\Prathach Raj P\.gemini\antigravity\scratch\krishi-marga\dataset_research\KRISHI_MARGA_DATASETS\05_Core_Grains_Vegetables\Paddy_Rice\raw\DS_RICE_02\rice\train\bacterial_leaf_blight\blight_rotated_091.jpg,NONE,EXCLUDED_EXACT_DUPLICATE,Binary identical to C:\Users\Prathach Raj P\.gemini\antigravity\scratch\krishi-marga\dataset_research\KRISHI_MARGA_DATASETS\05_Core_Grains_Vegetables\Paddy_Rice\raw\DS_RICE_02\rice\train\bacterial_leaf_blight\blight_rotated_054.jpg,DS_RICE_02,Paddy_Rice,Rice
C:\Users\Prathach Raj P\.gemini\antigravity\scratch\krishi-marga\dataset_research\KRISHI_MARGA_DATASETS\05_Core_Grains_Vegetables\Paddy_Rice\raw\DS_RICE_02\rice\train\bacterial_leaf_blight\blight_rotated_092.jpg,NONE,EXCLUDED_EXACT_DUPLICATE,Binary identical to C:\Users\Prathach Raj P\.gemini\antigravity\scratch\krishi-marga\dataset_research\KRISHI_MARGA_DATASETS\05_Core_Grains_Vegetables\Paddy_Rice\raw\DS_RICE_02\rice\train\bacterial_leaf_blight\blight_rotated_055.jpg,DS_RICE_02,Paddy_Rice,Rice
C:\Users\Prathach Raj P\.gemini\antigravity\scratch\krishi-marga\dataset_research\KRISHI_MARGA_DATASETS\05_Core_Grains_Vegetables\Paddy_Rice\raw\DS_RICE_02\rice\train\bacterial_leaf_blight\blight_rotated_093.jpg,C:\Users\Prathach Raj P\.gemini\antigravity\scratch\krishi-marga\dataset_research\KRISHI_MARGA_DATASETS\05_Core_Grains_Vegetables\Paddy_Rice\processed\images\Rice\DS_RICE_02_Rice_blight_rotated_093.jpg,KEPT,Valid image passing all automated filters,DS_RICE_02,Paddy_Rice,Rice
C:\Users\Prathach Raj P\.gemini\antigravity\scratch\krishi-marga\dataset_research\KRISHI_MARGA_DATASETS\05_Core_Grains_Vegetables\Paddy_Rice\raw\DS_RICE_02\rice\train\bacterial_leaf_blight\blight_rotated_094.jpg,C:\Users\Prathach Raj P\.gemini\antigravity\scratch\krishi-marga\dataset_research\KRISHI_MARGA_DATASETS\05_Core_Grains_Vegetables\Paddy_Rice\processed\images\Rice\DS_RICE_02_Rice_blight_rotated_094.jpg,KEPT,Valid image passing all automated filters,DS_RICE_02,Paddy_Rice,Rice
C:\Users\Prathach Raj P\.gemini\antigravity\scratch\krishi-marga\dataset_research\KRISHI_MARGA_DATASETS\05_Core_Grains_Vegetables\Paddy_Rice\raw\DS_RICE_02\rice\train\bacterial_leaf_blight\blight_rotated_095.jpg,NONE,EXCLUDED_EXACT_DUPLICATE,Binary identical to C:\Users\Prathach Raj P\.gemini\antigravity\scratch\krishi-marga\dataset_research\KRISHI_MARGA_DATASETS\05_Core_Grains_Vegetables\Paddy_Rice\raw\DS_RICE_02\rice\train\bacterial_leaf_blight\blight_rotated_056.jpg,DS_RICE_02,Paddy_Rice,Rice
C:\Users\Prathach Raj P\.gemini\antigravity\scratch\krishi-marga\dataset_research\KRISHI_MARGA_DATASETS\05_Core_Grains_Vegetables\Paddy_Rice\raw\DS_RICE_02\rice\train\bacterial_leaf_blight\blight_rotated_096.jpg,NONE,EXCLUDED_EXACT_DUPLICATE,Binary identical to C:\Users\Prathach Raj P\.gemini\antigravity\scratch\krishi-marga\dataset_research\KRISHI_MARGA_DATASETS\05_Core_Grains_Vegetables\Paddy_Rice\raw\DS_RICE_02\rice\train\bacterial_leaf_blight\blight_rotated_058.jpg,DS_RICE_02,Paddy_Rice,Rice
C:\Users\Prathach Raj P\.gemini\antigravity\scratch\krishi-marga\dataset_research\KRISHI_MARGA_DATASETS\05_Core_Grains_Vegetables\Paddy_Rice\raw\DS_RICE_02\rice\train\blast\blast_rotated_025.jpg,C:\Users\Prathach Raj P\.gemini\antigravity\scratch\krishi-marga\dataset_research\KRISHI_MARGA_DATASETS\05_Core_Grains_Vegetables\Paddy_Rice\processed\images\Rice\DS_RICE_02_Rice_blast_rotated_025.jpg,KEPT,Valid image passing all automated filters,DS_RICE_02,Paddy_Rice,Rice
C:\Users\Prathach Raj P\.gemini\antigravity\scratch\krishi-marga\dataset_research\KRISHI_MARGA_DATASETS\05_Core_Grains_Vegetables\Paddy_Rice\raw\DS_RICE_02\rice\train\blast\blast_rotated_026.png,C:\Users\Prathach Raj P\.gemini\antigravity\scratch\krishi-marga\dataset_research\KRISHI_MARGA_DATASETS\05_Core_Grains_Vegetables\Paddy_Rice\processed\images\Rice\DS_RICE_02_Rice_blast_rotated_026.png,KEPT,Valid image passing all automated filters,DS_RICE_02,Paddy_Rice,Rice
C:\Users\Prathach Raj P\.gemini\antigravity\scratch\krishi-marga\dataset_research\KRISHI_MARGA_DATASETS\05_Core_Grains_Vegetables\Paddy_Rice\raw\DS_RICE_02\rice\train\blast\blast_rotated_027.jpg,C:\Users\Prathach Raj P\.gemini\antigravity\scratch\krishi-marga\dataset_research\KRISHI_MARGA_DATASETS\05_Core_Grains_Vegetables\Paddy_Rice\processed\images\Rice\DS_RICE_02_Rice_blast_rotated_027.jpg,KEPT,Valid image passing all automated filters,DS_RICE_02,Paddy_Rice,Rice
C:\Users\Prathach Raj P\.gemini\antigravity\scratch\krishi-marga\dataset_research\KRISHI_MARGA_DATASETS\05_Core_Grains_Vegetables\Paddy_Rice\raw\DS_RICE_02\rice\train\blast\blast_rotated_028.png,C:\Users\Prathach Raj P\.gemini\antigravity\scratch\krishi-marga\dataset_research\KRISHI_MARGA_DATASETS\05_Core_Grains_Vegetables\Paddy_Rice\processed\images\Rice\DS_RICE_02_Rice_blast_rotated_028.png,KEPT,Valid image passing all automated filters,DS_RICE_02,Paddy_Rice,Rice
C:\Users\Prathach Raj P\.gemini\antigravity\scratch\krishi-marga\dataset_research\KRISHI_MARGA_DATASETS\05_Core_Grains_Vegetables\Paddy_Rice\raw\DS_RICE_02\rice\train\blast\blast_rotated_029.JPG,C:\Users\Prathach Raj P\.gemini\antigravity\scratch\krishi-marga\dataset_research\KRISHI_MARGA_DATASETS\05_Core_Grains_Vegetables\Paddy_Rice\processed\images\Rice\DS_RICE_02_Rice_blast_rotated_029.JPG,KEPT,Valid image passing all automated filters,DS_RICE_02,Paddy_Rice,Rice
C:\Users\Prathach Raj P\.gemini\antigravity\scratch\krishi-marga\dataset_research\KRISHI_MARGA_DATASETS\05_Core_Grains_Vegetables\Paddy_Rice\raw\DS_RICE_02\rice\train\blast\blast_rotated_030.png,C:\Users\Prathach Raj P\.gemini\antigravity\scratch\krishi-marga\dataset_research\KRISHI_MARGA_DATASETS\05_Core_Grains_Vegetables\Paddy_Rice\processed\images\Rice\DS_RICE_02_Rice_blast_rotated_030.png,KEPT,Valid image passing all automated filters,DS_RICE_02,Paddy_Rice,Rice
C:\Users\Prathach Raj P\.gemini\antigravity\scratch\krishi-marga\dataset_research\KRISHI_MARGA_DATASETS\05_Core_Grains_Vegetables\Paddy_Rice\raw\DS_RICE_02\rice\train\blast\blast_rotated_031.JPG,C:\Users\Prathach Raj P\.gemini\antigravity\scratch\krishi-marga\dataset_research\KRISHI_MARGA_DATASETS\05_Core_Grains_Vegetables\Paddy_Rice\processed\images\Rice\DS_RICE_02_Rice_blast_rotated_031.JPG,KEPT,Valid image passing all automated filters,DS_RICE_02,Paddy_Rice,Rice
C:\Users\Prathach Raj P\.gemini\antigravity\scratch\krishi-marga\dataset_research\KRISHI_MARGA_DATASETS\05_Core_Grains_Vegetables\Paddy_Rice\raw\DS_RICE_02\rice\train\blast\blast_rotated_032.png,C:\Users\Prathach Raj P\.gemini\antigravity\scratch\krishi-marga\dataset_research\KRISHI_MARGA_DATASETS\05_Core_Grains_Vegetables\Paddy_Rice\processed\images\Rice\DS_RICE_02_Rice_blast_rotated_032.png,KEPT,Valid image passing all automated filters,DS_RICE_02,Paddy_Rice,Rice
C:\Users\Prathach Raj P\.gemini\antigravity\scratch\krishi-marga\dataset_research\KRISHI_MARGA_DATASETS\05_Core_Grains_Vegetables\Paddy_Rice\raw\DS_RICE_02\rice\train\blast\blast_rotated_033.JPG,C:\Users\Prathach Raj P\.gemini\antigravity\scratch\krishi-marga\dataset_research\KRISHI_MARGA_DATASETS\05_Core_Grains_Vegetables\Paddy_Rice\processed\images\Rice\DS_RICE_02_Rice_blast_rotated_033.JPG,KEPT,Valid image passing all automated filters,DS_RICE_02,Paddy_Rice,Rice
C:\Users\Prathach Raj P\.gemini\antigravity\scratch\krishi-marga\dataset_research\KRISHI_MARGA_DATASETS\05_Core_Grains_Vegetables\Paddy_Rice\raw\DS_RICE_02\rice\train\blast\blast_rotated_034.png,C:\Users\Prathach Raj P\.gemini\antigravity\scratch\krishi-marga\dataset_research\KRISHI_MARGA_DATASETS\05_Core_Grains_Vegetables\Paddy_Rice\processed\images\Rice\DS_RICE_02_Rice_blast_rotated_034.png,KEPT,Valid image passing all automated filters,DS_RICE_02,Paddy_Rice,Rice
C:\Users\Prathach Raj P\.gemini\antigravity\scratch\krishi-marga\dataset_research\KRISHI_MARGA_DATASETS\05_Core_Grains_Vegetables\Paddy_Rice\raw\DS_RICE_02\rice\train\blast\blast_rotated_035.JPG,C:\Users\Prathach Raj P\.gemini\antigravity\scratch\krishi-marga\dataset_research\KRISHI_MARGA_DATASETS\05_Core_Grains_Vegetables\Paddy_Rice\processed\images\Rice\DS_RICE_02_Rice_blast_rotated_035.JPG,KEPT,Valid image passing all automated filters,DS_RICE_02,Paddy_Rice,Rice
C:\Users\Prathach Raj P\.gemini\antigravity\scratch\krishi-marga\dataset_research\KRISHI_MARGA_DATASETS\05_Core_Grains_Vegetables\Paddy_Rice\raw\DS_RICE_02\rice\train\blast\blast_rotated_036.png,C:\Users\Prathach Raj P\.gemini\antigravity\scratch\krishi-marga\dataset_research\KRISHI_MARGA_DATASETS\05_Core_Grains_Vegetables\Paddy_Rice\processed\images\Rice\DS_RICE_02_Rice_blast_rotated_036.png,KEPT,Valid image passing all automated filters,DS_RICE_02,Paddy_Rice,Rice
C:\Users\Prathach Raj P\.gemini\antigravity\scratch\krishi-marga\dataset_research\KRISHI_MARGA_DATASETS\05_Core_Grains_Vegetables\Paddy_Rice\raw\DS_RICE_02\rice\train\blast\blast_rotated_037.JPG,C:\Users\Prathach Raj P\.gemini\antigravity\scratch\krishi-marga\dataset_research\KRISHI_MARGA_DATASETS\05_Core_Grains_Vegetables\Paddy_Rice\processed\images\Rice\DS_RICE_02_Rice_blast_rotated_037.JPG,KEPT,Valid image passing all automated filters,DS_RICE_02,Paddy_Rice,Rice
C:\Users\Prathach Raj P\.gemini\antigravity\scratch\krishi-marga\dataset_research\KRISHI_MARGA_DATASETS\05_Core_Grains_Vegetables\Paddy_Rice\raw\DS_RICE_02\rice\train\blast\blast_rotated_038.png,C:\Users\Prathach Raj P\.gemini\antigravity\scratch\krishi-marga\dataset_research\KRISHI_MARGA_DATASETS\05_Core_Grains_Vegetables\Paddy_Rice\processed\images\Rice\DS_RICE_02_Rice_blast_rotated_038.png,KEPT,Valid image passing all automated filters,DS_RICE_02,Paddy_Rice,Rice
C:\Users\Prathach Raj P\.gemini\antigravity\scratch\krishi-marga\dataset_research\KRISHI_MARGA_DATASETS\05_Core_Grains_Vegetables\Paddy_Rice\raw\DS_RICE_02\rice\train\blast\blast_rotated_039.JPG,C:\Users\Prathach Raj P\.gemini\antigravity\scratch\krishi-marga\dataset_research\KRISHI_MARGA_DATASETS\05_Core_Grains_Vegetables\Paddy_Rice\processed\images\Rice\DS_RICE_02_Rice_blast_rotated_039.JPG,KEPT,Valid image passing all automated filters,DS_RICE_02,Paddy_Rice,Rice
C:\Users\Prathach Raj P\.gemini\antigravity\scratch\krishi-marga\dataset_research\KRISHI_MARGA_DATASETS\05_Core_Grains_Vegetables\Paddy_Rice\raw\DS_RICE_02\rice\train\blast\blast_rotated_040.png,C:\Users\Prathach Raj P\.gemini\antigravity\scratch\krishi-marga\dataset_research\KRISHI_MARGA_DATASETS\05_Core_Grains_Vegetables\Paddy_Rice\processed\images\Rice\DS_RICE_02_Rice_blast_rotated_040.png,KEPT,Valid image passing all automated filters,DS_RICE_02,Paddy_Rice,Rice
C:\Users\Prathach Raj P\.gemini\antigravity\scratch\krishi-marga\dataset_research\KRISHI_MARGA_DATASETS\05_Core_Grains_Vegetables\Paddy_Rice\raw\DS_RICE_02\rice\train\blast\blast_rotated_041.JPG,C:\Users\Prathach Raj P\.gemini\antigravity\scratch\krishi-marga\dataset_research\KRISHI_MARGA_DATASETS\05_Core_Grains_Vegetables\Paddy_Rice\processed\images\Rice\DS_RICE_02_Rice_blast_rotated_041.JPG,KEPT,Valid image passing all automated filters,DS_RICE_02,Paddy_Rice,Rice
C:\Users\Prathach Raj P\.gemini\antigravity\scratch\krishi-marga\dataset_research\KRISHI_MARGA_DATASETS\05_Core_Grains_Vegetables\Paddy_Rice\raw\DS_RICE_02\rice\train\blast\blast_rotated_042.png,C:\Users\Prathach Raj P\.gemini\antigravity\scratch\krishi-marga\dataset_research\KRISHI_MARGA_DATASETS\05_Core_Grains_Vegetables\Paddy_Rice\processed\images\Rice\DS_RICE_02_Rice_blast_rotated_042.png,KEPT,Valid image passing all automated filters,DS_RICE_02,Paddy_Rice,Rice
C:\Users\Prathach Raj P\.gemini\antigravity\scratch\krishi-marga\dataset_research\KRISHI_MARGA_DATASETS\05_Core_Grains_Vegetables\Paddy_Rice\raw\DS_RICE_02\rice\train\blast\blast_rotated_043.JPG,C:\Users\Prathach Raj P\.gemini\antigravity\scratch\krishi-marga\dataset_research\KRISHI_MARGA_DATASETS\05_Core_Grains_Vegetables\Paddy_Rice\processed\images\Rice\DS_RICE_02_Rice_blast_rotated_043.JPG,KEPT,Valid image passing all automated filters,DS_RICE_02,Paddy_Rice,Rice
C:\Users\Prathach Raj P\.gemini\antigravity\scratch\krishi-marga\dataset_research\KRISHI_MARGA_DATASETS\05_Core_Grains_Vegetables\Paddy_Rice\raw\DS_RICE_02\rice\train\blast\blast_rotated_044.png,C:\Users\Prathach Raj P\.gemini\antigravity\scratch\krishi-marga\dataset_research\KRISHI_MARGA_DATASETS\05_Core_Grains_Vegetables\Paddy_Rice\processed\images\Rice\DS_RICE_02_Rice_blast_rotated_044.png,KEPT,Valid image passing all automated filters,DS_RICE_02,Paddy_Rice,Rice
C:\Users\Prathach Raj P\.gemini\antigravity\scratch\krishi-marga\dataset_research\KRISHI_MARGA_DATASETS\05_Core_Grains_Vegetables\Paddy_Rice\raw\DS_RICE_02\rice\train\blast\blast_rotated_045.jpg,C:\Users\Prathach Raj P\.gemini\antigravity\scratch\krishi-marga\dataset_research\KRISHI_MARGA_DATASETS\05_Core_Grains_Vegetables\Paddy_Rice\processed\images\Rice\DS_RICE_02_Rice_blast_rotated_045.jpg,KEPT,Valid image passing all automated filters,DS_RICE_02,Paddy_Rice,Rice
C:\Users\Prathach Raj P\.gemini\antigravity\scratch\krishi-marga\dataset_research\KRISHI_MARGA_DATASETS\05_Core_Grains_Vegetables\Paddy_Rice\raw\DS_RICE_02\rice\train\blast\blast_rotated_046.png,C:\Users\Prathach Raj P\.gemini\antigravity\scratch\krishi-marga\dataset_research\KRISHI_MARGA_DATASETS\05_Core_Grains_Vegetables\Paddy_Rice\processed\images\Rice\DS_RICE_02_Rice_blast_rotated_046.png,KEPT,Valid image passing all automated filters,DS_RICE_02,Paddy_Rice,Rice
C:\Users\Prathach Raj P\.gemini\antigravity\scratch\krishi-marga\dataset_research\KRISHI_MARGA_DATASETS\05_Core_Grains_Vegetables\Paddy_Rice\raw\DS_RICE_02\rice\train\blast\blast_rotated_047.JPG,C:\Users\Prathach Raj P\.gemini\antigravity\scratch\krishi-marga\dataset_research\KRISHI_MARGA_DATASETS\05_Core_Grains_Vegetables\Paddy_Rice\processed\images\Rice\DS_RICE_02_Rice_blast_rotated_047.JPG,KEPT,Valid image passing all automated filters,DS_RICE_02,Paddy_Rice,Rice
C:\Users\Prathach Raj P\.gemini\antigravity\scratch\krishi-marga\dataset_research\KRISHI_MARGA_DATASETS\05_Core_Grains_Vegetables\Paddy_Rice\raw\DS_RICE_02\rice\train\blast\blast_rotated_048.JPG,C:\Users\Prathach Raj P\.gemini\antigravity\scratch\krishi-marga\dataset_research\KRISHI_MARGA_DATASETS\05_Core_Grains_Vegetables\Paddy_Rice\processed\images\Rice\DS_RICE_02_Rice_blast_rotated_048.JPG,KEPT,Valid image passing all automated filters,DS_RICE_02,Paddy_Rice,Rice
C:\Users\Prathach Raj P\.gemini\antigravity\scratch\krishi-marga\dataset_research\KRISHI_MARGA_DATASETS\05_Core_Grains_Vegetables\Paddy_Rice\raw\DS_RICE_02\rice\train\blast\blast_rotated_049.JPG,C:\Users\Prathach Raj P\.gemini\antigravity\scratch\krishi-marga\dataset_research\KRISHI_MARGA_DATASETS\05_Core_Grains_Vegetables\Paddy_Rice\processed\images\Rice\DS_RICE_02_Rice_blast_rotated_049.JPG,KEPT,Valid image passing all automated filters,DS_RICE_02,Paddy_Rice,Rice
C:\Users\Prathach Raj P\.gemini\antigravity\scratch\krishi-marga\dataset_research\KRISHI_MARGA_DATASETS\05_Core_Grains_Vegetables\Paddy_Rice\raw\DS_RICE_02\rice\train\brownspot\brownspot_rotated_018.jpg,C:\Users\Prathach Raj P\.gemini\antigravity\scratch\krishi-marga\dataset_research\KRISHI_MARGA_DATASETS\05_Core_Grains_Vegetables\Paddy_Rice\processed\images\Rice\DS_RICE_02_Rice_brownspot_rotated_018.jpg,KEPT,Valid image passing all automated filters,DS_RICE_02,Paddy_Rice,Rice
C:\Users\Prathach Raj P\.gemini\antigravity\scratch\krishi-marga\dataset_research\KRISHI_MARGA_DATASETS\05_Core_Grains_Vegetables\Paddy_Rice\raw\DS_RICE_02\rice\train\brownspot\brownspot_rotated_019.jpg,C:\Users\Prathach Raj P\.gemini\antigravity\scratch\krishi-marga\dataset_research\KRISHI_MARGA_DATASETS\05_Core_Grains_Vegetables\Paddy_Rice\processed\images\Rice\DS_RICE_02_Rice_brownspot_rotated_019.jpg,KEPT,Valid image passing all automated filters,DS_RICE_02,Paddy_Rice,Rice
C:\Users\Prathach Raj P\.gemini\antigravity\scratch\krishi-marga\dataset_research\KRISHI_MARGA_DATASETS\05_Core_Grains_Vegetables\Paddy_Rice\raw\DS_RICE_02\rice\train\brownspot\brownspot_rotated_020.jpg,C:\Users\Prathach Raj P\.gemini\antigravity\scratch\krishi-marga\dataset_research\KRISHI_MARGA_DATASETS\05_Core_Grains_Vegetables\Paddy_Rice\processed\images\Rice\DS_RICE_02_Rice_brownspot_rotated_020.jpg,KEPT,Valid image passing all automated filters,DS_RICE_02,Paddy_Rice,Rice
C:\Users\Prathach Raj P\.gemini\antigravity\scratch\krishi-marga\dataset_research\KRISHI_MARGA_DATASETS\05_Core_Grains_Vegetables\Paddy_Rice\raw\DS_RICE_02\rice\train\brownspot\brownspot_rotated_021.jpg,C:\Users\Prathach Raj P\.gemini\antigravity\scratch\krishi-marga\dataset_research\KRISHI_MARGA_DATASETS\05_Core_Grains_Vegetables\Paddy_Rice\processed\images\Rice\DS_RICE_02_Rice_brownspot_rotated_021.jpg,KEPT,Valid image passing all automated filters,DS_RICE_02,Paddy_Rice,Rice
C:\Users\Prathach Raj P\.gemini\antigravity\scratch\krishi-marga\dataset_research\KRISHI_MARGA_DATASETS\05_Core_Grains_Vegetables\Paddy_Rice\raw\DS_RICE_02\rice\train\brownspot\brownspot_rotated_022.jpg,C:\Users\Prathach Raj P\.gemini\antigravity\scratch\krishi-marga\dataset_research\KRISHI_MARGA_DATASETS\05_Core_Grains_Vegetables\Paddy_Rice\processed\images\Rice\DS_RICE_02_Rice_brownspot_rotated_022.jpg,KEPT,Valid image passing all automated filters,DS_RICE_02,Paddy_Rice,Rice
C:\Users\Prathach Raj P\.gemini\antigravity\scratch\krishi-marga\dataset_research\KRISHI_MARGA_DATASETS\05_Core_Grains_Vegetables\Paddy_Rice\raw\DS_RICE_02\rice\train\brownspot\brownspot_rotated_023.jpg,C:\Users\Prathach Raj P\.gemini\antigravity\scratch\krishi-marga\dataset_research\KRISHI_MARGA_DATASETS\05_Core_Grains_Vegetables\Paddy_Rice\processed\images\Rice\DS_RICE_02_Rice_brownspot_rotated_023.jpg,KEPT,Valid image passing all automated filters,DS_RICE_02,Paddy_Rice,Rice
C:\Users\Prathach Raj P\.gemini\antigravity\scratch\krishi-marga\dataset_research\KRISHI_MARGA_DATASETS\05_Core_Grains_Vegetables\Paddy_Rice\raw\DS_RICE_02\rice\train\brownspot\brownspot_rotated_024.jpg,C:\Users\Prathach Raj P\.gemini\antigravity\scratch\krishi-marga\dataset_research\KRISHI_MARGA_DATASETS\05_Core_Grains_Vegetables\Paddy_Rice\processed\images\Rice\DS_RICE_02_Rice_brownspot_rotated_024.jpg,KEPT,Valid image passing all automated filters,DS_RICE_02,Paddy_Rice,Rice
C:\Users\Prathach Raj P\.gemini\antigravity\scratch\krishi-marga\dataset_research\KRISHI_MARGA_DATASETS\05_Core_Grains_Vegetables\Paddy_Rice\raw\DS_RICE_02\rice\train\brownspot\brownspot_rotated_025.jpg,C:\Users\Prathach Raj P\.gemini\antigravity\scratch\krishi-marga\dataset_research\KRISHI_MARGA_DATASETS\05_Core_Grains_Vegetables\Paddy_Rice\processed\images\Rice\DS_RICE_02_Rice_brownspot_rotated_025.jpg,KEPT,Valid image passing all automated filters,DS_RICE_02,Paddy_Rice,Rice
C:\Users\Prathach Raj P\.gemini\antigravity\scratch\krishi-marga\dataset_research\KRISHI_MARGA_DATASETS\05_Core_Grains_Vegetables\Paddy_Rice\raw\DS_RICE_02\rice\train\brownspot\brownspot_rotated_026.jpg,C:\Users\Prathach Raj P\.gemini\antigravity\scratch\krishi-marga\dataset_research\KRISHI_MARGA_DATASETS\05_Core_Grains_Vegetables\Paddy_Rice\processed\images\Rice\DS_RICE_02_Rice_brownspot_rotated_026.jpg,KEPT,Valid image passing all automated filters,DS_RICE_02,Paddy_Rice,Rice
C:\Users\Prathach Raj P\.gemini\antigravity\scratch\krishi-marga\dataset_research\KRISHI_MARGA_DATASETS\05_Core_Grains_Vegetables\Paddy_Rice\raw\DS_RICE_02\rice\train\brownspot\brownspot_rotated_027.jpg,C:\Users\Prathach Raj P\.gemini\antigravity\scratch\krishi-marga\dataset_research\KRISHI_MARGA_DATASETS\05_Core_Grains_Vegetables\Paddy_Rice\processed\images\Rice\DS_RICE_02_Rice_brownspot_rotated_027.jpg,KEPT,Valid image passing all automated filters,DS_RICE_02,Paddy_Rice,Rice
C:\Users\Prathach Raj P\.gemini\antigravity\scratch\krishi-marga\dataset_research\KRISHI_MARGA_DATASETS\05_Core_Grains_Vegetables\Paddy_Rice\raw\DS_RICE_02\rice\train\brownspot\brownspot_rotated_028.jpg,C:\Users\Prathach Raj P\.gemini\antigravity\scratch\krishi-marga\dataset_research\KRISHI_MARGA_DATASETS\05_Core_Grains_Vegetables\Paddy_Rice\processed\images\Rice\DS_RICE_02_Rice_brownspot_rotated_028.jpg,KEPT,Valid image passing all automated filters,DS_RICE_02,Paddy_Rice,Rice
C:\Users\Prathach Raj P\.gemini\antigravity\scratch\krishi-marga\dataset_research\KRISHI_MARGA_DATASETS\05_Core_Grains_Vegetables\Paddy_Rice\raw\DS_RICE_02\rice\train\brownspot\brownspot_rotated_029.jpg,C:\Users\Prathach Raj P\.gemini\antigravity\scratch\krishi-marga\dataset_research\KRISHI_MARGA_DATASETS\05_Core_Grains_Vegetables\Paddy_Rice\processed\images\Rice\DS_RICE_02_Rice_brownspot_rotated_029.jpg,KEPT,Valid image passing all automated filters,DS_RICE_02,Paddy_Rice,Rice
C:\Users\Prathach Raj P\.gemini\antigravity\scratch\krishi-marga\dataset_research\KRISHI_MARGA_DATASETS\05_Core_Grains_Vegetables\Paddy_Rice\raw\DS_RICE_02\rice\train\brownspot\brownspot_rotated_030.jpg,C:\Users\Prathach Raj P\.gemini\antigravity\scratch\krishi-marga\dataset_research\KRISHI_MARGA_DATASETS\05_Core_Grains_Vegetables\Paddy_Rice\processed\images\Rice\DS_RICE_02_Rice_brownspot_rotated_030.jpg,KEPT,Valid image passing all automated filters,DS_RICE_02,Paddy_Rice,Rice
C:\Users\Prathach Raj P\.gemini\antigravity\scratch\krishi-marga\dataset_research\KRISHI_MARGA_DATASETS\05_Core_Grains_Vegetables\Paddy_Rice\raw\DS_RICE_02\rice\train\brownspot\brownspot_rotated_031.jpg,C:\Users\Prathach Raj P\.gemini\antigravity\scratch\krishi-marga\dataset_research\KRISHI_MARGA_DATASETS\05_Core_Grains_Vegetables\Paddy_Rice\processed\images\Rice\DS_RICE_02_Rice_brownspot_rotated_031.jpg,KEPT,Valid image passing all automated filters,DS_RICE_02,Paddy_Rice,Rice
C:\Users\Prathach Raj P\.gemini\antigravity\scratch\krishi-marga\dataset_research\KRISHI_MARGA_DATASETS\05_Core_Grains_Vegetables\Paddy_Rice\raw\DS_RICE_02\rice\train\brownspot\brownspot_rotated_032.jpg,C:\Users\Prathach Raj P\.gemini\antigravity\scratch\krishi-marga\dataset_research\KRISHI_MARGA_DATASETS\05_Core_Grains_Vegetables\Paddy_Rice\processed\images\Rice\DS_RICE_02_Rice_brownspot_rotated_032.jpg,KEPT,Valid image passing all automated filters,DS_RICE_02,Paddy_Rice,Rice
C:\Users\Prathach Raj P\.gemini\antigravity\scratch\krishi-marga\dataset_research\KRISHI_MARGA_DATASETS\05_Core_Grains_Vegetables\Paddy_Rice\raw\DS_RICE_02\rice\train\brownspot\brownspot_rotated_033.jpg,C:\Users\Prathach Raj P\.gemini\antigravity\scratch\krishi-marga\dataset_research\KRISHI_MARGA_DATASETS\05_Core_Grains_Vegetables\Paddy_Rice\processed\images\Rice\DS_RICE_02_Rice_brownspot_rotated_033.jpg,KEPT,Valid image passing all automated filters,DS_RICE_02,Paddy_Rice,Rice
C:\Users\Prathach Raj P\.gemini\antigravity\scratch\krishi-marga\dataset_research\KRISHI_MARGA_DATASETS\05_Core_Grains_Vegetables\Paddy_Rice\raw\DS_RICE_02\rice\train\brownspot\brownspot_rotated_034.jpg,C:\Users\Prathach Raj P\.gemini\antigravity\scratch\krishi-marga\dataset_research\KRISHI_MARGA_DATASETS\05_Core_Grains_Vegetables\Paddy_Rice\processed\images\Rice\DS_RICE_02_Rice_brownspot_rotated_034.jpg,KEPT,Valid image passing all automated filters,DS_RICE_02,Paddy_Rice,Rice
C:\Users\Prathach Raj P\.gemini\antigravity\scratch\krishi-marga\dataset_research\KRISHI_MARGA_DATASETS\05_Core_Grains_Vegetables\Paddy_Rice\raw\DS_RICE_02\rice\train\brownspot\brownspot_rotated_035.jpg,C:\Users\Prathach Raj P\.gemini\antigravity\scratch\krishi-marga\dataset_research\KRISHI_MARGA_DATASETS\05_Core_Grains_Vegetables\Paddy_Rice\processed\images\Rice\DS_RICE_02_Rice_brownspot_rotated_035.jpg,KEPT,Valid image passing all automated filters,DS_RICE_02,Paddy_Rice,Rice
C:\Users\Prathach Raj P\.gemini\antigravity\scratch\krishi-marga\dataset_research\KRISHI_MARGA_DATASETS\05_Core_Grains_Vegetables\Paddy_Rice\raw\DS_RICE_02\rice\train\brownspot\brownspot_rotated_036.jpg,C:\Users\Prathach Raj P\.gemini\antigravity\scratch\krishi-marga\dataset_research\KRISHI_MARGA_DATASETS\05_Core_Grains_Vegetables\Paddy_Rice\processed\images\Rice\DS_RICE_02_Rice_brownspot_rotated_036.jpg,KEPT,Valid image passing all automated filters,DS_RICE_02,Paddy_Rice,Rice
C:\Users\Prathach Raj P\.gemini\antigravity\scratch\krishi-marga\dataset_research\KRISHI_MARGA_DATASETS\05_Core_Grains_Vegetables\Paddy_Rice\raw\DS_RICE_02\rice\train\brownspot\brownspot_rotated_037.jpg,C:\Users\Prathach Raj P\.gemini\antigravity\scratch\krishi-marga\dataset_research\KRISHI_MARGA_DATASETS\05_Core_Grains_Vegetables\Paddy_Rice\processed\images\Rice\DS_RICE_02_Rice_brownspot_rotated_037.jpg,KEPT,Valid image passing all automated filters,DS_RICE_02,Paddy_Rice,Rice
C:\Users\Prathach Raj P\.gemini\antigravity\scratch\krishi-marga\dataset_research\KRISHI_MARGA_DATASETS\05_Core_Grains_Vegetables\Paddy_Rice\raw\DS_RICE_02\rice\train\brownspot\brownspot_rotated_038.jpg,C:\Users\Prathach Raj P\.gemini\antigravity\scratch\krishi-marga\dataset_research\KRISHI_MARGA_DATASETS\05_Core_Grains_Vegetables\Paddy_Rice\processed\images\Rice\DS_RICE_02_Rice_brownspot_rotated_038.jpg,KEPT,Valid image passing all automated filters,DS_RICE_02,Paddy_Rice,Rice
C:\Users\Prathach Raj P\.gemini\antigravity\scratch\krishi-marga\dataset_research\KRISHI_MARGA_DATASETS\05_Core_Grains_Vegetables\Paddy_Rice\raw\DS_RICE_02\rice\train\brownspot\brownspot_rotated_039.jpg,C:\Users\Prathach Raj P\.gemini\antigravity\scratch\krishi-marga\dataset_research\KRISHI_MARGA_DATASETS\05_Core_Grains_Vegetables\Paddy_Rice\processed\images\Rice\DS_RICE_02_Rice_brownspot_rotated_039.jpg,KEPT,Valid image passing all automated filters,DS_RICE_02,Paddy_Rice,Rice
C:\Users\Prathach Raj P\.gemini\antigravity\scratch\krishi-marga\dataset_research\KRISHI_MARGA_DATASETS\05_Core_Grains_Vegetables\Paddy_Rice\raw\DS_RICE_02\rice\train\brownspot\brownspot_rotated_040.jpg,C:\Users\Prathach Raj P\.gemini\antigravity\scratch\krishi-marga\dataset_research\KRISHI_MARGA_DATASETS\05_Core_Grains_Vegetables\Paddy_Rice\processed\images\Rice\DS_RICE_02_Rice_brownspot_rotated_040.jpg,KEPT,Valid image passing all automated filters,DS_RICE_02,Paddy_Rice,Rice
C:\Users\Prathach Raj P\.gemini\antigravity\scratch\krishi-marga\dataset_research\KRISHI_MARGA_DATASETS\05_Core_Grains_Vegetables\Paddy_Rice\raw\DS_RICE_02\rice\train\brownspot\brownspot_rotated_041.jpg,C:\Users\Prathach Raj P\.gemini\antigravity\scratch\krishi-marga\dataset_research\KRISHI_MARGA_DATASETS\05_Core_Grains_Vegetables\Paddy_Rice\processed\images\Rice\DS_RICE_02_Rice_brownspot_rotated_041.jpg,KEPT,Valid image passing all automated filters,DS_RICE_02,Paddy_Rice,Rice
C:\Users\Prathach Raj P\.gemini\antigravity\scratch\krishi-marga\dataset_research\KRISHI_MARGA_DATASETS\05_Core_Grains_Vegetables\Paddy_Rice\raw\DS_RICE_02\rice\train\brownspot\brownspot_rotated_042.jpg,C:\Users\Prathach Raj P\.gemini\antigravity\scratch\krishi-marga\dataset_research\KRISHI_MARGA_DATASETS\05_Core_Grains_Vegetables\Paddy_Rice\processed\images\Rice\DS_RICE_02_Rice_brownspot_rotated_042.jpg,KEPT,Valid image passing all automated filters,DS_RICE_02,Paddy_Rice,Rice
C:\Users\Prathach Raj P\.gemini\antigravity\scratch\krishi-marga\dataset_research\KRISHI_MARGA_DATASETS\05_Core_Grains_Vegetables\Paddy_Rice\raw\DS_RICE_02\rice\train\brownspot\brownspot_rotated_043.jpg,C:\Users\Prathach Raj P\.gemini\antigravity\scratch\krishi-marga\dataset_research\KRISHI_MARGA_DATASETS\05_Core_Grains_Vegetables\Paddy_Rice\processed\images\Rice\DS_RICE_02_Rice_brownspot_rotated_043.jpg,KEPT,Valid image passing all automated filters,DS_RICE_02,Paddy_Rice,Rice
C:\Users\Prathach Raj P\.gemini\antigravity\scratch\krishi-marga\dataset_research\KRISHI_MARGA_DATASETS\05_Core_Grains_Vegetables\Paddy_Rice\raw\DS_RICE_02\rice\train\brownspot\brownspot_rotated_044.jpg,C:\Users\Prathach Raj P\.gemini\antigravity\scratch\krishi-marga\dataset_research\KRISHI_MARGA_DATASETS\05_Core_Grains_Vegetables\Paddy_Rice\processed\images\Rice\DS_RICE_02_Rice_brownspot_rotated_044.jpg,KEPT,Valid image passing all automated filters,DS_RICE_02,Paddy_Rice,Rice
C:\Users\Prathach Raj P\.gemini\antigravity\scratch\krishi-marga\dataset_research\KRISHI_MARGA_DATASETS\05_Core_Grains_Vegetables\Paddy_Rice\raw\DS_RICE_02\rice\train\brownspot\brownspot_rotated_045.jpg,C:\Users\Prathach Raj P\.gemini\antigravity\scratch\krishi-marga\dataset_research\KRISHI_MARGA_DATASETS\05_Core_Grains_Vegetables\Paddy_Rice\processed\images\Rice\DS_RICE_02_Rice_brownspot_rotated_045.jpg,KEPT,Valid image passing all automated filters,DS_RICE_02,Paddy_Rice,Rice
C:\Users\Prathach Raj P\.gemini\antigravity\scratch\krishi-marga\dataset_research\KRISHI_MARGA_DATASETS\05_Core_Grains_Vegetables\Paddy_Rice\raw\DS_RICE_02\rice\train\brownspot\brownspot_rotated_046.jpg,C:\Users\Prathach Raj P\.gemini\antigravity\scratch\krishi-marga\dataset_research\KRISHI_MARGA_DATASETS\05_Core_Grains_Vegetables\Paddy_Rice\processed\images\Rice\DS_RICE_02_Rice_brownspot_rotated_046.jpg,KEPT,Valid image passing all automated filters,DS_RICE_02,Paddy_Rice,Rice
C:\Users\Prathach Raj P\.gemini\antigravity\scratch\krishi-marga\dataset_research\KRISHI_MARGA_DATASETS\05_Core_Grains_Vegetables\Paddy_Rice\raw\DS_RICE_02\rice\train\brownspot\brownspot_rotated_047.jpg,C:\Users\Prathach Raj P\.gemini\antigravity\scratch\krishi-marga\dataset_research\KRISHI_MARGA_DATASETS\05_Core_Grains_Vegetables\Paddy_Rice\processed\images\Rice\DS_RICE_02_Rice_brownspot_rotated_047.jpg,KEPT,Valid image passing all automated filters,DS_RICE_02,Paddy_Rice,Rice
C:\Users\Prathach Raj P\.gemini\antigravity\scratch\krishi-marga\dataset_research\KRISHI_MARGA_DATASETS\05_Core_Grains_Vegetables\Paddy_Rice\raw\DS_RICE_02\rice\train\brownspot\brownspot_rotated_048.jpg,C:\Users\Prathach Raj P\.gemini\antigravity\scratch\krishi-marga\dataset_research\KRISHI_MARGA_DATASETS\05_Core_Grains_Vegetables\Paddy_Rice\processed\images\Rice\DS_RICE_02_Rice_brownspot_rotated_048.jpg,KEPT,Valid image passing all automated filters,DS_RICE_02,Paddy_Rice,Rice
C:\Users\Prathach Raj P\.gemini\antigravity\scratch\krishi-marga\dataset_research\KRISHI_MARGA_DATASETS\05_Core_Grains_Vegetables\Paddy_Rice\raw\DS_RICE_02\rice\train\brownspot\brownspot_rotated_049.jpg,C:\Users\Prathach Raj P\.gemini\antigravity\scratch\krishi-marga\dataset_research\KRISHI_MARGA_DATASETS\05_Core_Grains_Vegetables\Paddy_Rice\processed\images\Rice\DS_RICE_02_Rice_brownspot_rotated_049.jpg,KEPT,Valid image passing all automated filters,DS_RICE_02,Paddy_Rice,Rice
C:\Users\Prathach Raj P\.gemini\antigravity\scratch\krishi-marga\dataset_research\KRISHI_MARGA_DATASETS\05_Core_Grains_Vegetables\Paddy_Rice\raw\DS_RICE_02\rice\train\brownspot\brownspot_rotated_050.jpg,C:\Users\Prathach Raj P\.gemini\antigravity\scratch\krishi-marga\dataset_research\KRISHI_MARGA_DATASETS\05_Core_Grains_Vegetables\Paddy_Rice\processed\images\Rice\DS_RICE_02_Rice_brownspot_rotated_050.jpg,KEPT,Valid image passing all automated filters,DS_RICE_02,Paddy_Rice,Rice
C:\Users\Prathach Raj P\.gemini\antigravity\scratch\krishi-marga\dataset_research\KRISHI_MARGA_DATASETS\05_Core_Grains_Vegetables\Paddy_Rice\raw\DS_RICE_02\rice\train\brownspot\brownspot_rotated_051.jpg,C:\Users\Prathach Raj P\.gemini\antigravity\scratch\krishi-marga\dataset_research\KRISHI_MARGA_DATASETS\05_Core_Grains_Vegetables\Paddy_Rice\processed\images\Rice\DS_RICE_02_Rice_brownspot_rotated_051.jpg,KEPT,Valid image passing all automated filters,DS_RICE_02,Paddy_Rice,Rice
C:\Users\Prathach Raj P\.gemini\antigravity\scratch\krishi-marga\dataset_research\KRISHI_MARGA_DATASETS\05_Core_Grains_Vegetables\Paddy_Rice\raw\DS_RICE_02\rice\train\brownspot\brownspot_rotated_052.jpg,C:\Users\Prathach Raj P\.gemini\antigravity\scratch\krishi-marga\dataset_research\KRISHI_MARGA_DATASETS\05_Core_Grains_Vegetables\Paddy_Rice\processed\images\Rice\DS_RICE_02_Rice_brownspot_rotated_052.jpg,KEPT,Valid image passing all automated filters,DS_RICE_02,Paddy_Rice,Rice
C:\Users\Prathach Raj P\.gemini\antigravity\scratch\krishi-marga\dataset_research\KRISHI_MARGA_DATASETS\05_Core_Grains_Vegetables\Paddy_Rice\raw\DS_RICE_02\rice\train\brownspot\brownspot_rotated_053.jpg,C:\Users\Prathach Raj P\.gemini\antigravity\scratch\krishi-marga\dataset_research\KRISHI_MARGA_DATASETS\05_Core_Grains_Vegetables\Paddy_Rice\processed\images\Rice\DS_RICE_02_Rice_brownspot_rotated_053.jpg,KEPT,Valid image passing all automated filters,DS_RICE_02,Paddy_Rice,Rice
C:\Users\Prathach Raj P\.gemini\antigravity\scratch\krishi-marga\dataset_research\KRISHI_MARGA_DATASETS\05_Core_Grains_Vegetables\Paddy_Rice\raw\DS_RICE_02\rice\train\brownspot\brownspot_rotated_054.jpg,C:\Users\Prathach Raj P\.gemini\antigravity\scratch\krishi-marga\dataset_research\KRISHI_MARGA_DATASETS\05_Core_Grains_Vegetables\Paddy_Rice\processed\images\Rice\DS_RICE_02_Rice_brownspot_rotated_054.jpg,KEPT,Valid image passing all automated filters,DS_RICE_02,Paddy_Rice,Rice
C:\Users\Prathach Raj P\.gemini\antigravity\scratch\krishi-marga\dataset_research\KRISHI_MARGA_DATASETS\05_Core_Grains_Vegetables\Paddy_Rice\raw\DS_RICE_02\rice\train\brownspot\brownspot_rotated_055.jpg,C:\Users\Prathach Raj P\.gemini\antigravity\scratch\krishi-marga\dataset_research\KRISHI_MARGA_DATASETS\05_Core_Grains_Vegetables\Paddy_Rice\processed\images\Rice\DS_RICE_02_Rice_brownspot_rotated_055.jpg,KEPT,Valid image passing all automated filters,DS_RICE_02,Paddy_Rice,Rice
C:\Users\Prathach Raj P\.gemini\antigravity\scratch\krishi-marga\dataset_research\KRISHI_MARGA_DATASETS\05_Core_Grains_Vegetables\Paddy_Rice\raw\DS_RICE_02\rice\train\brownspot\brownspot_rotated_056.jpg,C:\Users\Prathach Raj P\.gemini\antigravity\scratch\krishi-marga\dataset_research\KRISHI_MARGA_DATASETS\05_Core_Grains_Vegetables\Paddy_Rice\processed\images\Rice\DS_RICE_02_Rice_brownspot_rotated_056.jpg,KEPT,Valid image passing all automated filters,DS_RICE_02,Paddy_Rice,Rice
C:\Users\Prathach Raj P\.gemini\antigravity\scratch\krishi-marga\dataset_research\KRISHI_MARGA_DATASETS\05_Core_Grains_Vegetables\Paddy_Rice\raw\DS_RICE_02\rice\train\brownspot\brownspot_rotated_057.jpg,C:\Users\Prathach Raj P\.gemini\antigravity\scratch\krishi-marga\dataset_research\KRISHI_MARGA_DATASETS\05_Core_Grains_Vegetables\Paddy_Rice\processed\images\Rice\DS_RICE_02_Rice_brownspot_rotated_057.jpg,KEPT,Valid image passing all automated filters,DS_RICE_02,Paddy_Rice,Rice
C:\Users\Prathach Raj P\.gemini\antigravity\scratch\krishi-marga\dataset_research\KRISHI_MARGA_DATASETS\05_Core_Grains_Vegetables\Paddy_Rice\raw\DS_RICE_02\rice\train\brownspot\brownspot_rotated_058.jpg,C:\Users\Prathach Raj P\.gemini\antigravity\scratch\krishi-marga\dataset_research\KRISHI_MARGA_DATASETS\05_Core_Grains_Vegetables\Paddy_Rice\processed\images\Rice\DS_RICE_02_Rice_brownspot_rotated_058.jpg,KEPT,Valid image passing all automated filters,DS_RICE_02,Paddy_Rice,Rice
C:\Users\Prathach Raj P\.gemini\antigravity\scratch\krishi-marga\dataset_research\KRISHI_MARGA_DATASETS\05_Core_Grains_Vegetables\Paddy_Rice\raw\DS_RICE_02\rice\train\brownspot\brownspot_rotated_059.jpg,C:\Users\Prathach Raj P\.gemini\antigravity\scratch\krishi-marga\dataset_research\KRISHI_MARGA_DATASETS\05_Core_Grains_Vegetables\Paddy_Rice\processed\images\Rice\DS_RICE_02_Rice_brownspot_rotated_059.jpg,KEPT,Valid image passing all automated filters,DS_RICE_02,Paddy_Rice,Rice
C:\Users\Prathach Raj P\.gemini\antigravity\scratch\krishi-marga\dataset_research\KRISHI_MARGA_DATASETS\05_Core_Grains_Vegetables\Paddy_Rice\raw\DS_RICE_02\rice\train\brownspot\brownspot_rotated_060.jpg,C:\Users\Prathach Raj P\.gemini\antigravity\scratch\krishi-marga\dataset_research\KRISHI_MARGA_DATASETS\05_Core_Grains_Vegetables\Paddy_Rice\processed\images\Rice\DS_RICE_02_Rice_brownspot_rotated_060.jpg,KEPT,Valid image passing all automated filters,DS_RICE_02,Paddy_Rice,Rice
C:\Users\Prathach Raj P\.gemini\antigravity\scratch\krishi-marga\dataset_research\KRISHI_MARGA_DATASETS\05_Core_Grains_Vegetables\Paddy_Rice\raw\DS_RICE_02\rice\train\brownspot\brownspot_rotated_061.jpg,C:\Users\Prathach Raj P\.gemini\antigravity\scratch\krishi-marga\dataset_research\KRISHI_MARGA_DATASETS\05_Core_Grains_Vegetables\Paddy_Rice\processed\images\Rice\DS_RICE_02_Rice_brownspot_rotated_061.jpg,KEPT,Valid image passing all automated filters,DS_RICE_02,Paddy_Rice,Rice
C:\Users\Prathach Raj P\.gemini\antigravity\scratch\krishi-marga\dataset_research\KRISHI_MARGA_DATASETS\05_Core_Grains_Vegetables\Paddy_Rice\raw\DS_RICE_02\rice\train\brownspot\brownspot_rotated_062.jpg,C:\Users\Prathach Raj P\.gemini\antigravity\scratch\krishi-marga\dataset_research\KRISHI_MARGA_DATASETS\05_Core_Grains_Vegetables\Paddy_Rice\processed\images\Rice\DS_RICE_02_Rice_brownspot_rotated_062.jpg,KEPT,Valid image passing all automated filters,DS_RICE_02,Paddy_Rice,Rice
C:\Users\Prathach Raj P\.gemini\antigravity\scratch\krishi-marga\dataset_research\KRISHI_MARGA_DATASETS\05_Core_Grains_Vegetables\Paddy_Rice\raw\DS_RICE_02\rice\train\brownspot\brownspot_rotated_063.jpg,C:\Users\Prathach Raj P\.gemini\antigravity\scratch\krishi-marga\dataset_research\KRISHI_MARGA_DATASETS\05_Core_Grains_Vegetables\Paddy_Rice\processed\images\Rice\DS_RICE_02_Rice_brownspot_rotated_063.jpg,KEPT,Valid image passing all automated filters,DS_RICE_02,Paddy_Rice,Rice
C:\Users\Prathach Raj P\.gemini\antigravity\scratch\krishi-marga\dataset_research\KRISHI_MARGA_DATASETS\05_Core_Grains_Vegetables\Paddy_Rice\raw\DS_RICE_02\rice\train\brownspot\brownspot_rotated_064.jpg,C:\Users\Prathach Raj P\.gemini\antigravity\scratch\krishi-marga\dataset_research\KRISHI_MARGA_DATASETS\05_Core_Grains_Vegetables\Paddy_Rice\processed\images\Rice\DS_RICE_02_Rice_brownspot_rotated_064.jpg,KEPT,Valid image passing all automated filters,DS_RICE_02,Paddy_Rice,Rice
C:\Users\Prathach Raj P\.gemini\antigravity\scratch\krishi-marga\dataset_research\KRISHI_MARGA_DATASETS\05_Core_Grains_Vegetables\Paddy_Rice\raw\DS_RICE_02\rice\train\brownspot\brownspot_rotated_065.jpg,C:\Users\Prathach Raj P\.gemini\antigravity\scratch\krishi-marga\dataset_research\KRISHI_MARGA_DATASETS\05_Core_Grains_Vegetables\Paddy_Rice\processed\images\Rice\DS_RICE_02_Rice_brownspot_rotated_065.jpg,KEPT,Valid image passing all automated filters,DS_RICE_02,Paddy_Rice,Rice
C:\Users\Prathach Raj P\.gemini\antigravity\scratch\krishi-marga\dataset_research\KRISHI_MARGA_DATASETS\05_Core_Grains_Vegetables\Paddy_Rice\raw\DS_RICE_02\rice\train\brownspot\brownspot_rotated_066.jpg,C:\Users\Prathach Raj P\.gemini\antigravity\scratch\krishi-marga\dataset_research\KRISHI_MARGA_DATASETS\05_Core_Grains_Vegetables\Paddy_Rice\processed\images\Rice\DS_RICE_02_Rice_brownspot_rotated_066.jpg,KEPT,Valid image passing all automated filters,DS_RICE_02,Paddy_Rice,Rice
C:\Users\Prathach Raj P\.gemini\antigravity\scratch\krishi-marga\dataset_research\KRISHI_MARGA_DATASETS\05_Core_Grains_Vegetables\Paddy_Rice\raw\DS_RICE_02\rice\train\brownspot\brownspot_rotated_067.jpg,C:\Users\Prathach Raj P\.gemini\antigravity\scratch\krishi-marga\dataset_research\KRISHI_MARGA_DATASETS\05_Core_Grains_Vegetables\Paddy_Rice\processed\images\Rice\DS_RICE_02_Rice_brownspot_rotated_067.jpg,KEPT,Valid image passing all automated filters,DS_RICE_02,Paddy_Rice,Rice
C:\Users\Prathach Raj P\.gemini\antigravity\scratch\krishi-marga\dataset_research\KRISHI_MARGA_DATASETS\05_Core_Grains_Vegetables\Paddy_Rice\raw\DS_RICE_02\rice\train\brownspot\brownspot_rotated_068.jpg,C:\Users\Prathach Raj P\.gemini\antigravity\scratch\krishi-marga\dataset_research\KRISHI_MARGA_DATASETS\05_Core_Grains_Vegetables\Paddy_Rice\processed\images\Rice\DS_RICE_02_Rice_brownspot_rotated_068.jpg,KEPT,Valid image passing all automated filters,DS_RICE_02,Paddy_Rice,Rice
C:\Users\Prathach Raj P\.gemini\antigravity\scratch\krishi-marga\dataset_research\KRISHI_MARGA_DATASETS\05_Core_Grains_Vegetables\Paddy_Rice\raw\DS_RICE_02\rice\train\brownspot\brownspot_rotated_069.jpg,C:\Users\Prathach Raj P\.gemini\antigravity\scratch\krishi-marga\dataset_research\KRISHI_MARGA_DATASETS\05_Core_Grains_Vegetables\Paddy_Rice\processed\images\Rice\DS_RICE_02_Rice_brownspot_rotated_069.jpg,KEPT,Valid image passing all automated filters,DS_RICE_02,Paddy_Rice,Rice
C:\Users\Prathach Raj P\.gemini\antigravity\scratch\krishi-marga\dataset_research\KRISHI_MARGA_DATASETS\05_Core_Grains_Vegetables\Paddy_Rice\raw\DS_RICE_02\rice\train\brownspot\brownspot_rotated_070.jpg,C:\Users\Prathach Raj P\.gemini\antigravity\scratch\krishi-marga\dataset_research\KRISHI_MARGA_DATASETS\05_Core_Grains_Vegetables\Paddy_Rice\processed\images\Rice\DS_RICE_02_Rice_brownspot_rotated_070.jpg,KEPT,Valid image passing all automated filters,DS_RICE_02,Paddy_Rice,Rice
C:\Users\Prathach Raj P\.gemini\antigravity\scratch\krishi-marga\dataset_research\KRISHI_MARGA_DATASETS\05_Core_Grains_Vegetables\Paddy_Rice\raw\DS_RICE_02\rice\train\brownspot\brownspot_rotated_071.jpg,C:\Users\Prathach Raj P\.gemini\antigravity\scratch\krishi-marga\dataset_research\KRISHI_MARGA_DATASETS\05_Core_Grains_Vegetables\Paddy_Rice\processed\images\Rice\DS_RICE_02_Rice_brownspot_rotated_071.jpg,KEPT,Valid image passing all automated filters,DS_RICE_02,Paddy_Rice,Rice
C:\Users\Prathach Raj P\.gemini\antigravity\scratch\krishi-marga\dataset_research\KRISHI_MARGA_DATASETS\05_Core_Grains_Vegetables\Paddy_Rice\raw\DS_RICE_02\rice\train\brownspot\brownspot_rotated_072.jpg,C:\Users\Prathach Raj P\.gemini\antigravity\scratch\krishi-marga\dataset_research\KRISHI_MARGA_DATASETS\05_Core_Grains_Vegetables\Paddy_Rice\processed\images\Rice\DS_RICE_02_Rice_brownspot_rotated_072.jpg,KEPT,Valid image passing all automated filters,DS_RICE_02,Paddy_Rice,Rice
C:\Users\Prathach Raj P\.gemini\antigravity\scratch\krishi-marga\dataset_research\KRISHI_MARGA_DATASETS\05_Core_Grains_Vegetables\Paddy_Rice\raw\DS_RICE_02\rice\train\brownspot\brownspot_rotated_073.jpg,C:\Users\Prathach Raj P\.gemini\antigravity\scratch\krishi-marga\dataset_research\KRISHI_MARGA_DATASETS\05_Core_Grains_Vegetables\Paddy_Rice\processed\images\Rice\DS_RICE_02_Rice_brownspot_rotated_073.jpg,KEPT,Valid image passing all automated filters,DS_RICE_02,Paddy_Rice,Rice
C:\Users\Prathach Raj P\.gemini\antigravity\scratch\krishi-marga\dataset_research\KRISHI_MARGA_DATASETS\05_Core_Grains_Vegetables\Paddy_Rice\raw\DS_RICE_02\rice\train\brownspot\brownspot_rotated_074.jpg,C:\Users\Prathach Raj P\.gemini\antigravity\scratch\krishi-marga\dataset_research\KRISHI_MARGA_DATASETS\05_Core_Grains_Vegetables\Paddy_Rice\processed\images\Rice\DS_RICE_02_Rice_brownspot_rotated_074.jpg,KEPT,Valid image passing all automated filters,DS_RICE_02,Paddy_Rice,Rice
C:\Users\Prathach Raj P\.gemini\antigravity\scratch\krishi-marga\dataset_research\KRISHI_MARGA_DATASETS\05_Core_Grains_Vegetables\Paddy_Rice\raw\DS_RICE_02\rice\train\brownspot\brownspot_rotated_075.jpg,C:\Users\Prathach Raj P\.gemini\antigravity\scratch\krishi-marga\dataset_research\KRISHI_MARGA_DATASETS\05_Core_Grains_Vegetables\Paddy_Rice\processed\images\Rice\DS_RICE_02_Rice_brownspot_rotated_075.jpg,KEPT,Valid image passing all automated filters,DS_RICE_02,Paddy_Rice,Rice
C:\Users\Prathach Raj P\.gemini\antigravity\scratch\krishi-marga\dataset_research\KRISHI_MARGA_DATASETS\05_Core_Grains_Vegetables\Paddy_Rice\raw\DS_RICE_02\rice\train\brownspot\brownspot_rotated_076.jpg,C:\Users\Prathach Raj P\.gemini\antigravity\scratch\krishi-marga\dataset_research\KRISHI_MARGA_DATASETS\05_Core_Grains_Vegetables\Paddy_Rice\processed\images\Rice\DS_RICE_02_Rice_brownspot_rotated_076.jpg,KEPT,Valid image passing all automated filters,DS_RICE_02,Paddy_Rice,Rice
C:\Users\Prathach Raj P\.gemini\antigravity\scratch\krishi-marga\dataset_research\KRISHI_MARGA_DATASETS\05_Core_Grains_Vegetables\Paddy_Rice\raw\DS_RICE_02\rice\train\brownspot\brownspot_rotated_077.jpg,C:\Users\Prathach Raj P\.gemini\antigravity\scratch\krishi-marga\dataset_research\KRISHI_MARGA_DATASETS\05_Core_Grains_Vegetables\Paddy_Rice\processed\images\Rice\DS_RICE_02_Rice_brownspot_rotated_077.jpg,KEPT,Valid image passing all automated filters,DS_RICE_02,Paddy_Rice,Rice
C:\Users\Prathach Raj P\.gemini\antigravity\scratch\krishi-marga\dataset_research\KRISHI_MARGA_DATASETS\05_Core_Grains_Vegetables\Paddy_Rice\raw\DS_RICE_02\rice\train\brownspot\brownspot_rotated_078.jpg,C:\Users\Prathach Raj P\.gemini\antigravity\scratch\krishi-marga\dataset_research\KRISHI_MARGA_DATASETS\05_Core_Grains_Vegetables\Paddy_Rice\processed\images\Rice\DS_RICE_02_Rice_brownspot_rotated_078.jpg,KEPT,Valid image passing all automated filters,DS_RICE_02,Paddy_Rice,Rice
C:\Users\Prathach Raj P\.gemini\antigravity\scratch\krishi-marga\dataset_research\KRISHI_MARGA_DATASETS\05_Core_Grains_Vegetables\Paddy_Rice\raw\DS_RICE_02\rice\train\brownspot\brownspot_rotated_079.jpg,C:\Users\Prathach Raj P\.gemini\antigravity\scratch\krishi-marga\dataset_research\KRISHI_MARGA_DATASETS\05_Core_Grains_Vegetables\Paddy_Rice\processed\images\Rice\DS_RICE_02_Rice_brownspot_rotated_079.jpg,KEPT,Valid image passing all automated filters,DS_RICE_02,Paddy_Rice,Rice
C:\Users\Prathach Raj P\.gemini\antigravity\scratch\krishi-marga\dataset_research\KRISHI_MARGA_DATASETS\05_Core_Grains_Vegetables\Paddy_Rice\raw\DS_RICE_02\rice\train\brownspot\brownspot_rotated_080.jpg,C:\Users\Prathach Raj P\.gemini\antigravity\scratch\krishi-marga\dataset_research\KRISHI_MARGA_DATASETS\05_Core_Grains_Vegetables\Paddy_Rice\processed\images\Rice\DS_RICE_02_Rice_brownspot_rotated_080.jpg,KEPT,Valid image passing all automated filters,DS_RICE_02,Paddy_Rice,Rice
C:\Users\Prathach Raj P\.gemini\antigravity\scratch\krishi-marga\dataset_research\KRISHI_MARGA_DATASETS\05_Core_Grains_Vegetables\Paddy_Rice\raw\DS_RICE_02\rice\train\brownspot\brownspot_rotated_081.jpg,C:\Users\Prathach Raj P\.gemini\antigravity\scratch\krishi-marga\dataset_research\KRISHI_MARGA_DATASETS\05_Core_Grains_Vegetables\Paddy_Rice\processed\images\Rice\DS_RICE_02_Rice_brownspot_rotated_081.jpg,KEPT,Valid image passing all automated filters,DS_RICE_02,Paddy_Rice,Rice
C:\Users\Prathach Raj P\.gemini\antigravity\scratch\krishi-marga\dataset_research\KRISHI_MARGA_DATASETS\05_Core_Grains_Vegetables\Paddy_Rice\raw\DS_RICE_02\rice\train\brownspot\brownspot_rotated_082.jpg,C:\Users\Prathach Raj P\.gemini\antigravity\scratch\krishi-marga\dataset_research\KRISHI_MARGA_DATASETS\05_Core_Grains_Vegetables\Paddy_Rice\processed\images\Rice\DS_RICE_02_Rice_brownspot_rotated_082.jpg,KEPT,Valid image passing all automated filters,DS_RICE_02,Paddy_Rice,Rice
C:\Users\Prathach Raj P\.gemini\antigravity\scratch\krishi-marga\dataset_research\KRISHI_MARGA_DATASETS\05_Core_Grains_Vegetables\Paddy_Rice\raw\DS_RICE_02\rice\train\brownspot\brownspot_rotated_083.jpg,C:\Users\Prathach Raj P\.gemini\antigravity\scratch\krishi-marga\dataset_research\KRISHI_MARGA_DATASETS\05_Core_Grains_Vegetables\Paddy_Rice\processed\images\Rice\DS_RICE_02_Rice_brownspot_rotated_083.jpg,KEPT,Valid image passing all automated filters,DS_RICE_02,Paddy_Rice,Rice
C:\Users\Prathach Raj P\.gemini\antigravity\scratch\krishi-marga\dataset_research\KRISHI_MARGA_DATASETS\05_Core_Grains_Vegetables\Paddy_Rice\raw\DS_RICE_02\rice\train\brownspot\brownspot_rotated_084.jpg,C:\Users\Prathach Raj P\.gemini\antigravity\scratch\krishi-marga\dataset_research\KRISHI_MARGA_DATASETS\05_Core_Grains_Vegetables\Paddy_Rice\processed\images\Rice\DS_RICE_02_Rice_brownspot_rotated_084.jpg,KEPT,Valid image passing all automated filters,DS_RICE_02,Paddy_Rice,Rice
C:\Users\Prathach Raj P\.gemini\antigravity\scratch\krishi-marga\dataset_research\KRISHI_MARGA_DATASETS\05_Core_Grains_Vegetables\Paddy_Rice\raw\DS_RICE_02\rice\train\brownspot\brownspot_rotated_085.jpg,C:\Users\Prathach Raj P\.gemini\antigravity\scratch\krishi-marga\dataset_research\KRISHI_MARGA_DATASETS\05_Core_Grains_Vegetables\Paddy_Rice\processed\images\Rice\DS_RICE_02_Rice_brownspot_rotated_085.jpg,KEPT,Valid image passing all automated filters,DS_RICE_02,Paddy_Rice,Rice
C:\Users\Prathach Raj P\.gemini\antigravity\scratch\krishi-marga\dataset_research\KRISHI_MARGA_DATASETS\05_Core_Grains_Vegetables\Paddy_Rice\raw\DS_RICE_02\rice\train\brownspot\brownspot_rotated_086.jpg,C:\Users\Prathach Raj P\.gemini\antigravity\scratch\krishi-marga\dataset_research\KRISHI_MARGA_DATASETS\05_Core_Grains_Vegetables\Paddy_Rice\processed\images\Rice\DS_RICE_02_Rice_brownspot_rotated_086.jpg,KEPT,Valid image passing all automated filters,DS_RICE_02,Paddy_Rice,Rice
C:\Users\Prathach Raj P\.gemini\antigravity\scratch\krishi-marga\dataset_research\KRISHI_MARGA_DATASETS\05_Core_Grains_Vegetables\Paddy_Rice\raw\DS_RICE_02\rice\train\brownspot\brownspot_rotated_087.jpg,C:\Users\Prathach Raj P\.gemini\antigravity\scratch\krishi-marga\dataset_research\KRISHI_MARGA_DATASETS\05_Core_Grains_Vegetables\Paddy_Rice\processed\images\Rice\DS_RICE_02_Rice_brownspot_rotated_087.jpg,KEPT,Valid image passing all automated filters,DS_RICE_02,Paddy_Rice,Rice
C:\Users\Prathach Raj P\.gemini\antigravity\scratch\krishi-marga\dataset_research\KRISHI_MARGA_DATASETS\05_Core_Grains_Vegetables\Paddy_Rice\raw\DS_RICE_02\rice\train\brownspot\brownspot_rotated_088.jpg,C:\Users\Prathach Raj P\.gemini\antigravity\scratch\krishi-marga\dataset_research\KRISHI_MARGA_DATASETS\05_Core_Grains_Vegetables\Paddy_Rice\processed\images\Rice\DS_RICE_02_Rice_brownspot_rotated_088.jpg,KEPT,Valid image passing all automated filters,DS_RICE_02,Paddy_Rice,Rice
C:\Users\Prathach Raj P\.gemini\antigravity\scratch\krishi-marga\dataset_research\KRISHI_MARGA_DATASETS\05_Core_Grains_Vegetables\Paddy_Rice\raw\DS_RICE_02\rice\train\brownspot\brownspot_rotated_089.jpg,C:\Users\Prathach Raj P\.gemini\antigravity\scratch\krishi-marga\dataset_research\KRISHI_MARGA_DATASETS\05_Core_Grains_Vegetables\Paddy_Rice\processed\images\Rice\DS_RICE_02_Rice_brownspot_rotated_089.jpg,KEPT,Valid image passing all automated filters,DS_RICE_02,Paddy_Rice,Rice
C:\Users\Prathach Raj P\.gemini\antigravity\scratch\krishi-marga\dataset_research\KRISHI_MARGA_DATASETS\05_Core_Grains_Vegetables\Paddy_Rice\raw\DS_RICE_02\rice\train\brownspot\brownspot_rotated_090.jpg,C:\Users\Prathach Raj P\.gemini\antigravity\scratch\krishi-marga\dataset_research\KRISHI_MARGA_DATASETS\05_Core_Grains_Vegetables\Paddy_Rice\processed\images\Rice\DS_RICE_02_Rice_brownspot_rotated_090.jpg,KEPT,Valid image passing all automated filters,DS_RICE_02,Paddy_Rice,Rice
C:\Users\Prathach Raj P\.gemini\antigravity\scratch\krishi-marga\dataset_research\KRISHI_MARGA_DATASETS\05_Core_Grains_Vegetables\Paddy_Rice\raw\DS_RICE_02\rice\train\brownspot\brownspot_rotated_091.jpg,C:\Users\Prathach Raj P\.gemini\antigravity\scratch\krishi-marga\dataset_research\KRISHI_MARGA_DATASETS\05_Core_Grains_Vegetables\Paddy_Rice\processed\images\Rice\DS_RICE_02_Rice_brownspot_rotated_091.jpg,KEPT,Valid image passing all automated filters,DS_RICE_02,Paddy_Rice,Rice
C:\Users\Prathach Raj P\.gemini\antigravity\scratch\krishi-marga\dataset_research\KRISHI_MARGA_DATASETS\05_Core_Grains_Vegetables\Paddy_Rice\raw\DS_RICE_02\rice\train\brownspot\brownspot_rotated_092.jpg,C:\Users\Prathach Raj P\.gemini\antigravity\scratch\krishi-marga\dataset_research\KRISHI_MARGA_DATASETS\05_Core_Grains_Vegetables\Paddy_Rice\processed\images\Rice\DS_RICE_02_Rice_brownspot_rotated_092.jpg,KEPT,Valid image passing all automated filters,DS_RICE_02,Paddy_Rice,Rice
C:\Users\Prathach Raj P\.gemini\antigravity\scratch\krishi-marga\dataset_research\KRISHI_MARGA_DATASETS\05_Core_Grains_Vegetables\Paddy_Rice\raw\DS_RICE_02\rice\train\brownspot\brownspot_rotated_093.jpg,C:\Users\Prathach Raj P\.gemini\antigravity\scratch\krishi-marga\dataset_research\KRISHI_MARGA_DATASETS\05_Core_Grains_Vegetables\Paddy_Rice\processed\images\Rice\DS_RICE_02_Rice_brownspot_rotated_093.jpg,KEPT,Valid image passing all automated filters,DS_RICE_02,Paddy_Rice,Rice
C:\Users\Prathach Raj P\.gemini\antigravity\scratch\krishi-marga\dataset_research\KRISHI_MARGA_DATASETS\05_Core_Grains_Vegetables\Paddy_Rice\raw\DS_RICE_02\rice\train\brownspot\brownspot_rotated_094.jpg,C:\Users\Prathach Raj P\.gemini\antigravity\scratch\krishi-marga\dataset_research\KRISHI_MARGA_DATASETS\05_Core_Grains_Vegetables\Paddy_Rice\processed\images\Rice\DS_RICE_02_Rice_brownspot_rotated_094.jpg,KEPT,Valid image passing all automated filters,DS_RICE_02,Paddy_Rice,Rice
C:\Users\Prathach Raj P\.gemini\antigravity\scratch\krishi-marga\dataset_research\KRISHI_MARGA_DATASETS\05_Core_Grains_Vegetables\Paddy_Rice\raw\DS_RICE_02\rice\train\brownspot\brownspot_rotated_095.jpg,C:\Users\Prathach Raj P\.gemini\antigravity\scratch\krishi-marga\dataset_research\KRISHI_MARGA_DATASETS\05_Core_Grains_Vegetables\Paddy_Rice\processed\images\Rice\DS_RICE_02_Rice_brownspot_rotated_095.jpg,KEPT,Valid image passing all automated filters,DS_RICE_02,Paddy_Rice,Rice
C:\Users\Prathach Raj P\.gemini\antigravity\scratch\krishi-marga\dataset_research\KRISHI_MARGA_DATASETS\05_Core_Grains_Vegetables\Paddy_Rice\raw\DS_RICE_02\rice\train\brownspot\brownspot_rotated_096.jpg,C:\Users\Prathach Raj P\.gemini\antigravity\scratch\krishi-marga\dataset_research\KRISHI_MARGA_DATASETS\05_Core_Grains_Vegetables\Paddy_Rice\processed\images\Rice\DS_RICE_02_Rice_brownspot_rotated_096.jpg,KEPT,Valid image passing all automated filters,DS_RICE_02,Paddy_Rice,Rice
C:\Users\Prathach Raj P\.gemini\antigravity\scratch\krishi-marga\dataset_research\KRISHI_MARGA_DATASETS\05_Core_Grains_Vegetables\Paddy_Rice\raw\DS_RICE_02\rice\validation\bacterial_leaf_blight\blight_rotated_001.jpg,C:\Users\Prathach Raj P\.gemini\antigravity\scratch\krishi-marga\dataset_research\KRISHI_MARGA_DATASETS\05_Core_Grains_Vegetables\Paddy_Rice\processed\images\Rice\DS_RICE_02_Rice_blight_rotated_001.jpg,KEPT,Valid image passing all automated filters,DS_RICE_02,Paddy_Rice,Rice
C:\Users\Prathach Raj P\.gemini\antigravity\scratch\krishi-marga\dataset_research\KRISHI_MARGA_DATASETS\05_Core_Grains_Vegetables\Paddy_Rice\raw\DS_RICE_02\rice\validation\bacterial_leaf_blight\blight_rotated_002.png,C:\Users\Prathach Raj P\.gemini\antigravity\scratch\krishi-marga\dataset_research\KRISHI_MARGA_DATASETS\05_Core_Grains_Vegetables\Paddy_Rice\processed\images\Rice\DS_RICE_02_Rice_blight_rotated_002.png,KEPT,Valid image passing all automated filters,DS_RICE_02,Paddy_Rice,Rice
C:\Users\Prathach Raj P\.gemini\antigravity\scratch\krishi-marga\dataset_research\KRISHI_MARGA_DATASETS\05_Core_Grains_Vegetables\Paddy_Rice\raw\DS_RICE_02\rice\validation\bacterial_leaf_blight\blight_rotated_003.jpg,C:\Users\Prathach Raj P\.gemini\antigravity\scratch\krishi-marga\dataset_research\KRISHI_MARGA_DATASETS\05_Core_Grains_Vegetables\Paddy_Rice\processed\images\Rice\DS_RICE_02_Rice_blight_rotated_003.jpg,KEPT,Valid image passing all automated filters,DS_RICE_02,Paddy_Rice,Rice
C:\Users\Prathach Raj P\.gemini\antigravity\scratch\krishi-marga\dataset_research\KRISHI_MARGA_DATASETS\05_Core_Grains_Vegetables\Paddy_Rice\raw\DS_RICE_02\rice\validation\bacterial_leaf_blight\blight_rotated_004.PNG,C:\Users\Prathach Raj P\.gemini\antigravity\scratch\krishi-marga\dataset_research\KRISHI_MARGA_DATASETS\05_Core_Grains_Vegetables\Paddy_Rice\processed\images\Rice\DS_RICE_02_Rice_blight_rotated_004.PNG,KEPT,Valid image passing all automated filters,DS_RICE_02,Paddy_Rice,Rice
C:\Users\Prathach Raj P\.gemini\antigravity\scratch\krishi-marga\dataset_research\KRISHI_MARGA_DATASETS\05_Core_Grains_Vegetables\Paddy_Rice\raw\DS_RICE_02\rice\validation\bacterial_leaf_blight\blight_rotated_005.jpg,C:\Users\Prathach Raj P\.gemini\antigravity\scratch\krishi-marga\dataset_research\KRISHI_MARGA_DATASETS\05_Core_Grains_Vegetables\Paddy_Rice\processed\images\Rice\DS_RICE_02_Rice_blight_rotated_005.jpg,KEPT,Valid image passing all automated filters,DS_RICE_02,Paddy_Rice,Rice
C:\Users\Prathach Raj P\.gemini\antigravity\scratch\krishi-marga\dataset_research\KRISHI_MARGA_DATASETS\05_Core_Grains_Vegetables\Paddy_Rice\raw\DS_RICE_02\rice\validation\bacterial_leaf_blight\blight_rotated_006.PNG,C:\Users\Prathach Raj P\.gemini\antigravity\scratch\krishi-marga\dataset_research\KRISHI_MARGA_DATASETS\05_Core_Grains_Vegetables\Paddy_Rice\processed\images\Rice\DS_RICE_02_Rice_blight_rotated_006.PNG,KEPT,Valid image passing all automated filters,DS_RICE_02,Paddy_Rice,Rice
C:\Users\Prathach Raj P\.gemini\antigravity\scratch\krishi-marga\dataset_research\KRISHI_MARGA_DATASETS\05_Core_Grains_Vegetables\Paddy_Rice\raw\DS_RICE_02\rice\validation\bacterial_leaf_blight\blight_rotated_007.jpg,C:\Users\Prathach Raj P\.gemini\antigravity\scratch\krishi-marga\dataset_research\KRISHI_MARGA_DATASETS\05_Core_Grains_Vegetables\Paddy_Rice\processed\images\Rice\DS_RICE_02_Rice_blight_rotated_007.jpg,KEPT,Valid image passing all automated filters,DS_RICE_02,Paddy_Rice,Rice
C:\Users\Prathach Raj P\.gemini\antigravity\scratch\krishi-marga\dataset_research\KRISHI_MARGA_DATASETS\05_Core_Grains_Vegetables\Paddy_Rice\raw\DS_RICE_02\rice\validation\bacterial_leaf_blight\blight_rotated_008.PNG,C:\Users\Prathach Raj P\.gemini\antigravity\scratch\krishi-marga\dataset_research\KRISHI_MARGA_DATASETS\05_Core_Grains_Vegetables\Paddy_Rice\processed\images\Rice\DS_RICE_02_Rice_blight_rotated_008.PNG,KEPT,Valid image passing all automated filters,DS_RICE_02,Paddy_Rice,Rice
C:\Users\Prathach Raj P\.gemini\antigravity\scratch\krishi-marga\dataset_research\KRISHI_MARGA_DATASETS\05_Core_Grains_Vegetables\Paddy_Rice\raw\DS_RICE_02\rice\validation\bacterial_leaf_blight\blight_rotated_009.JPG,C:\Users\Prathach Raj P\.gemini\antigravity\scratch\krishi-marga\dataset_research\KRISHI_MARGA_DATASETS\05_Core_Grains_Vegetables\Paddy_Rice\processed\images\Rice\DS_RICE_02_Rice_blight_rotated_009.JPG,KEPT,Valid image passing all automated filters,DS_RICE_02,Paddy_Rice,Rice
C:\Users\Prathach Raj P\.gemini\antigravity\scratch\krishi-marga\dataset_research\KRISHI_MARGA_DATASETS\05_Core_Grains_Vegetables\Paddy_Rice\raw\DS_RICE_02\rice\validation\bacterial_leaf_blight\blight_rotated_010.PNG,C:\Users\Prathach Raj P\.gemini\antigravity\scratch\krishi-marga\dataset_research\KRISHI_MARGA_DATASETS\05_Core_Grains_Vegetables\Paddy_Rice\processed\images\Rice\DS_RICE_02_Rice_blight_rotated_010.PNG,KEPT,Valid image passing all automated filters,DS_RICE_02,Paddy_Rice,Rice
C:\Users\Prathach Raj P\.gemini\antigravity\scratch\krishi-marga\dataset_research\KRISHI_MARGA_DATASETS\05_Core_Grains_Vegetables\Paddy_Rice\raw\DS_RICE_02\rice\validation\bacterial_leaf_blight\blight_rotated_011.JPG,C:\Users\Prathach Raj P\.gemini\antigravity\scratch\krishi-marga\dataset_research\KRISHI_MARGA_DATASETS\05_Core_Grains_Vegetables\Paddy_Rice\processed\images\Rice\DS_RICE_02_Rice_blight_rotated_011.JPG,KEPT,Valid image passing all automated filters,DS_RICE_02,Paddy_Rice,Rice
C:\Users\Prathach Raj P\.gemini\antigravity\scratch\krishi-marga\dataset_research\KRISHI_MARGA_DATASETS\05_Core_Grains_Vegetables\Paddy_Rice\raw\DS_RICE_02\rice\validation\bacterial_leaf_blight\blight_rotated_012.png,NONE,EXCLUDED_EXACT_DUPLICATE,Binary identical to C:\Users\Prathach Raj P\.gemini\antigravity\scratch\krishi-marga\dataset_research\KRISHI_MARGA_DATASETS\05_Core_Grains_Vegetables\Paddy_Rice\raw\DS_RICE_02\rice\validation\bacterial_leaf_blight\blight_rotated_002.png,DS_RICE_02,Paddy_Rice,Rice
C:\Users\Prathach Raj P\.gemini\antigravity\scratch\krishi-marga\dataset_research\KRISHI_MARGA_DATASETS\05_Core_Grains_Vegetables\Paddy_Rice\raw\DS_RICE_02\rice\validation\bacterial_leaf_blight\blight_rotated_013.jpg,NONE,EXCLUDED_EXACT_DUPLICATE,Binary identical to C:\Users\Prathach Raj P\.gemini\antigravity\scratch\krishi-marga\dataset_research\KRISHI_MARGA_DATASETS\05_Core_Grains_Vegetables\Paddy_Rice\raw\DS_RICE_02\rice\validation\bacterial_leaf_blight\blight_rotated_001.jpg,DS_RICE_02,Paddy_Rice,Rice
C:\Users\Prathach Raj P\.gemini\antigravity\scratch\krishi-marga\dataset_research\KRISHI_MARGA_DATASETS\05_Core_Grains_Vegetables\Paddy_Rice\raw\DS_RICE_02\rice\validation\bacterial_leaf_blight\blight_rotated_014.png,NONE,EXCLUDED_EXACT_DUPLICATE,Binary identical to C:\Users\Prathach Raj P\.gemini\antigravity\scratch\krishi-marga\dataset_research\KRISHI_MARGA_DATASETS\05_Core_Grains_Vegetables\Paddy_Rice\raw\DS_RICE_02\rice\validation\bacterial_leaf_blight\blight_rotated_002.png,DS_RICE_02,Paddy_Rice,Rice
C:\Users\Prathach Raj P\.gemini\antigravity\scratch\krishi-marga\dataset_research\KRISHI_MARGA_DATASETS\05_Core_Grains_Vegetables\Paddy_Rice\raw\DS_RICE_02\rice\validation\bacterial_leaf_blight\blight_rotated_015.jpg,NONE,EXCLUDED_EXACT_DUPLICATE,Binary identical to C:\Users\Prathach Raj P\.gemini\antigravity\scratch\krishi-marga\dataset_research\KRISHI_MARGA_DATASETS\05_Core_Grains_Vegetables\Paddy_Rice\raw\DS_RICE_02\rice\validation\bacterial_leaf_blight\blight_rotated_003.jpg,DS_RICE_02,Paddy_Rice,Rice
C:\Users\Prathach Raj P\.gemini\antigravity\scratch\krishi-marga\dataset_research\KRISHI_MARGA_DATASETS\05_Core_Grains_Vegetables\Paddy_Rice\raw\DS_RICE_02\rice\validation\bacterial_leaf_blight\blight_rotated_016.png,NONE,EXCLUDED_EXACT_DUPLICATE,Binary identical to C:\Users\Prathach Raj P\.gemini\antigravity\scratch\krishi-marga\dataset_research\KRISHI_MARGA_DATASETS\05_Core_Grains_Vegetables\Paddy_Rice\raw\DS_RICE_02\rice\validation\bacterial_leaf_blight\blight_rotated_002.png,DS_RICE_02,Paddy_Rice,Rice
C:\Users\Prathach Raj P\.gemini\antigravity\scratch\krishi-marga\dataset_research\KRISHI_MARGA_DATASETS\05_Core_Grains_Vegetables\Paddy_Rice\raw\DS_RICE_02\rice\validation\bacterial_leaf_blight\blight_rotated_017.jpg,C:\Users\Prathach Raj P\.gemini\antigravity\scratch\krishi-marga\dataset_research\KRISHI_MARGA_DATASETS\05_Core_Grains_Vegetables\Paddy_Rice\processed\images\Rice\DS_RICE_02_Rice_blight_rotated_017.jpg,KEPT,Valid image passing all automated filters,DS_RICE_02,Paddy_Rice,Rice
C:\Users\Prathach Raj P\.gemini\antigravity\scratch\krishi-marga\dataset_research\KRISHI_MARGA_DATASETS\05_Core_Grains_Vegetables\Paddy_Rice\raw\DS_RICE_02\rice\validation\bacterial_leaf_blight\blight_rotated_018.png,NONE,EXCLUDED_EXACT_DUPLICATE,Binary identical to C:\Users\Prathach Raj P\.gemini\antigravity\scratch\krishi-marga\dataset_research\KRISHI_MARGA_DATASETS\05_Core_Grains_Vegetables\Paddy_Rice\raw\DS_RICE_02\rice\validation\bacterial_leaf_blight\blight_rotated_002.png,DS_RICE_02,Paddy_Rice,Rice
C:\Users\Prathach Raj P\.gemini\antigravity\scratch\krishi-marga\dataset_research\KRISHI_MARGA_DATASETS\05_Core_Grains_Vegetables\Paddy_Rice\raw\DS_RICE_02\rice\validation\bacterial_leaf_blight\blight_rotated_019.jpg,NONE,EXCLUDED_EXACT_DUPLICATE,Binary identical to C:\Users\Prathach Raj P\.gemini\antigravity\scratch\krishi-marga\dataset_research\KRISHI_MARGA_DATASETS\05_Core_Grains_Vegetables\Paddy_Rice\raw\DS_RICE_02\rice\validation\bacterial_leaf_blight\blight_rotated_007.jpg,DS_RICE_02,Paddy_Rice,Rice
C:\Users\Prathach Raj P\.gemini\antigravity\scratch\krishi-marga\dataset_research\KRISHI_MARGA_DATASETS\05_Core_Grains_Vegetables\Paddy_Rice\raw\DS_RICE_02\rice\validation\bacterial_leaf_blight\blight_rotated_020.PNG,C:\Users\Prathach Raj P\.gemini\antigravity\scratch\krishi-marga\dataset_research\KRISHI_MARGA_DATASETS\05_Core_Grains_Vegetables\Paddy_Rice\processed\images\Rice\DS_RICE_02_Rice_blight_rotated_020.PNG,KEPT,Valid image passing all automated filters,DS_RICE_02,Paddy_Rice,Rice
C:\Users\Prathach Raj P\.gemini\antigravity\scratch\krishi-marga\dataset_research\KRISHI_MARGA_DATASETS\05_Core_Grains_Vegetables\Paddy_Rice\raw\DS_RICE_02\rice\validation\bacterial_leaf_blight\blight_rotated_021.jpg,C:\Users\Prathach Raj P\.gemini\antigravity\scratch\krishi-marga\dataset_research\KRISHI_MARGA_DATASETS\05_Core_Grains_Vegetables\Paddy_Rice\processed\images\Rice\DS_RICE_02_Rice_blight_rotated_021.jpg,KEPT,Valid image passing all automated filters,DS_RICE_02,Paddy_Rice,Rice
C:\Users\Prathach Raj P\.gemini\antigravity\scratch\krishi-marga\dataset_research\KRISHI_MARGA_DATASETS\05_Core_Grains_Vegetables\Paddy_Rice\raw\DS_RICE_02\rice\validation\bacterial_leaf_blight\blight_rotated_022.PNG,C:\Users\Prathach Raj P\.gemini\antigravity\scratch\krishi-marga\dataset_research\KRISHI_MARGA_DATASETS\05_Core_Grains_Vegetables\Paddy_Rice\processed\images\Rice\DS_RICE_02_Rice_blight_rotated_022.PNG,KEPT,Valid image passing all automated filters,DS_RICE_02,Paddy_Rice,Rice
C:\Users\Prathach Raj P\.gemini\antigravity\scratch\krishi-marga\dataset_research\KRISHI_MARGA_DATASETS\05_Core_Grains_Vegetables\Paddy_Rice\raw\DS_RICE_02\rice\validation\bacterial_leaf_blight\blight_rotated_023.jpg,C:\Users\Prathach Raj P\.gemini\antigravity\scratch\krishi-marga\dataset_research\KRISHI_MARGA_DATASETS\05_Core_Grains_Vegetables\Paddy_Rice\processed\images\Rice\DS_RICE_02_Rice_blight_rotated_023.jpg,KEPT,Valid image passing all automated filters,DS_RICE_02,Paddy_Rice,Rice
C:\Users\Prathach Raj P\.gemini\antigravity\scratch\krishi-marga\dataset_research\KRISHI_MARGA_DATASETS\05_Core_Grains_Vegetables\Paddy_Rice\raw\DS_RICE_02\rice\validation\bacterial_leaf_blight\blight_rotated_024.PNG,C:\Users\Prathach Raj P\.gemini\antigravity\scratch\krishi-marga\dataset_research\KRISHI_MARGA_DATASETS\05_Core_Grains_Vegetables\Paddy_Rice\processed\images\Rice\DS_RICE_02_Rice_blight_rotated_024.PNG,KEPT,Valid image passing all automated filters,DS_RICE_02,Paddy_Rice,Rice
C:\Users\Prathach Raj P\.gemini\antigravity\scratch\krishi-marga\dataset_research\KRISHI_MARGA_DATASETS\05_Core_Grains_Vegetables\Paddy_Rice\raw\DS_RICE_02\rice\validation\bacterial_leaf_blight\blight_rotated_025.jpg,C:\Users\Prathach Raj P\.gemini\antigravity\scratch\krishi-marga\dataset_research\KRISHI_MARGA_DATASETS\05_Core_Grains_Vegetables\Paddy_Rice\processed\images\Rice\DS_RICE_02_Rice_blight_rotated_025.jpg,KEPT,Valid image passing all automated filters,DS_RICE_02,Paddy_Rice,Rice
C:\Users\Prathach Raj P\.gemini\antigravity\scratch\krishi-marga\dataset_research\KRISHI_MARGA_DATASETS\05_Core_Grains_Vegetables\Paddy_Rice\raw\DS_RICE_02\rice\validation\bacterial_leaf_blight\blight_rotated_026.PNG,C:\Users\Prathach Raj P\.gemini\antigravity\scratch\krishi-marga\dataset_research\KRISHI_MARGA_DATASETS\05_Core_Grains_Vegetables\Paddy_Rice\processed\images\Rice\DS_RICE_02_Rice_blight_rotated_026.PNG,KEPT,Valid image passing all automated filters,DS_RICE_02,Paddy_Rice,Rice
C:\Users\Prathach Raj P\.gemini\antigravity\scratch\krishi-marga\dataset_research\KRISHI_MARGA_DATASETS\05_Core_Grains_Vegetables\Paddy_Rice\raw\DS_RICE_02\rice\validation\bacterial_leaf_blight\blight_rotated_027.jpg,C:\Users\Prathach Raj P\.gemini\antigravity\scratch\krishi-marga\dataset_research\KRISHI_MARGA_DATASETS\05_Core_Grains_Vegetables\Paddy_Rice\processed\images\Rice\DS_RICE_02_Rice_blight_rotated_027.jpg,KEPT,Valid image passing all automated filters,DS_RICE_02,Paddy_Rice,Rice
C:\Users\Prathach Raj P\.gemini\antigravity\scratch\krishi-marga\dataset_research\KRISHI_MARGA_DATASETS\05_Core_Grains_Vegetables\Paddy_Rice\raw\DS_RICE_02\rice\validation\bacterial_leaf_blight\blight_rotated_028.PNG,C:\Users\Prathach Raj P\.gemini\antigravity\scratch\krishi-marga\dataset_research\KRISHI_MARGA_DATASETS\05_Core_Grains_Vegetables\Paddy_Rice\processed\images\Rice\DS_RICE_02_Rice_blight_rotated_028.PNG,KEPT,Valid image passing all automated filters,DS_RICE_02,Paddy_Rice,Rice
C:\Users\Prathach Raj P\.gemini\antigravity\scratch\krishi-marga\dataset_research\KRISHI_MARGA_DATASETS\05_Core_Grains_Vegetables\Paddy_Rice\raw\DS_RICE_02\rice\validation\bacterial_leaf_blight\blight_rotated_029.jpg,C:\Users\Prathach Raj P\.gemini\antigravity\scratch\krishi-marga\dataset_research\KRISHI_MARGA_DATASETS\05_Core_Grains_Vegetables\Paddy_Rice\processed\images\Rice\DS_RICE_02_Rice_blight_rotated_029.jpg,KEPT,Valid image passing all automated filters,DS_RICE_02,Paddy_Rice,Rice
C:\Users\Prathach Raj P\.gemini\antigravity\scratch\krishi-marga\dataset_research\KRISHI_MARGA_DATASETS\05_Core_Grains_Vegetables\Paddy_Rice\raw\DS_RICE_02\rice\validation\bacterial_leaf_blight\blight_rotated_030.jpg,C:\Users\Prathach Raj P\.gemini\antigravity\scratch\krishi-marga\dataset_research\KRISHI_MARGA_DATASETS\05_Core_Grains_Vegetables\Paddy_Rice\processed\images\Rice\DS_RICE_02_Rice_blight_rotated_030.jpg,KEPT,Valid image passing all automated filters,DS_RICE_02,Paddy_Rice,Rice
C:\Users\Prathach Raj P\.gemini\antigravity\scratch\krishi-marga\dataset_research\KRISHI_MARGA_DATASETS\05_Core_Grains_Vegetables\Paddy_Rice\raw\DS_RICE_02\rice\validation\bacterial_leaf_blight\blight_rotated_031.jpg,C:\Users\Prathach Raj P\.gemini\antigravity\scratch\krishi-marga\dataset_research\KRISHI_MARGA_DATASETS\05_Core_Grains_Vegetables\Paddy_Rice\processed\images\Rice\DS_RICE_02_Rice_blight_rotated_031.jpg,KEPT,Valid image passing all automated filters,DS_RICE_02,Paddy_Rice,Rice
C:\Users\Prathach Raj P\.gemini\antigravity\scratch\krishi-marga\dataset_research\KRISHI_MARGA_DATASETS\05_Core_Grains_Vegetables\Paddy_Rice\raw\DS_RICE_02\rice\validation\bacterial_leaf_blight\blight_rotated_032.jpg,C:\Users\Prathach Raj P\.gemini\antigravity\scratch\krishi-marga\dataset_research\KRISHI_MARGA_DATASETS\05_Core_Grains_Vegetables\Paddy_Rice\processed\images\Rice\DS_RICE_02_Rice_blight_rotated_032.jpg,KEPT,Valid image passing all automated filters,DS_RICE_02,Paddy_Rice,Rice
C:\Users\Prathach Raj P\.gemini\antigravity\scratch\krishi-marga\dataset_research\KRISHI_MARGA_DATASETS\05_Core_Grains_Vegetables\Paddy_Rice\raw\DS_RICE_02\rice\validation\bacterial_leaf_blight\blight_rotated_033.jpg,C:\Users\Prathach Raj P\.gemini\antigravity\scratch\krishi-marga\dataset_research\KRISHI_MARGA_DATASETS\05_Core_Grains_Vegetables\Paddy_Rice\processed\images\Rice\DS_RICE_02_Rice_blight_rotated_033.jpg,KEPT,Valid image passing all automated filters,DS_RICE_02,Paddy_Rice,Rice
C:\Users\Prathach Raj P\.gemini\antigravity\scratch\krishi-marga\dataset_research\KRISHI_MARGA_DATASETS\05_Core_Grains_Vegetables\Paddy_Rice\raw\DS_RICE_02\rice\validation\bacterial_leaf_blight\blight_rotated_034.jpg,C:\Users\Prathach Raj P\.gemini\antigravity\scratch\krishi-marga\dataset_research\KRISHI_MARGA_DATASETS\05_Core_Grains_Vegetables\Paddy_Rice\processed\images\Rice\DS_RICE_02_Rice_blight_rotated_034.jpg,KEPT,Valid image passing all automated filters,DS_RICE_02,Paddy_Rice,Rice
C:\Users\Prathach Raj P\.gemini\antigravity\scratch\krishi-marga\dataset_research\KRISHI_MARGA_DATASETS\05_Core_Grains_Vegetables\Paddy_Rice\raw\DS_RICE_02\rice\validation\bacterial_leaf_blight\blight_rotated_035.JPG,C:\Users\Prathach Raj P\.gemini\antigravity\scratch\krishi-marga\dataset_research\KRISHI_MARGA_DATASETS\05_Core_Grains_Vegetables\Paddy_Rice\processed\images\Rice\DS_RICE_02_Rice_blight_rotated_035.JPG,KEPT,Valid image passing all automated filters,DS_RICE_02,Paddy_Rice,Rice
C:\Users\Prathach Raj P\.gemini\antigravity\scratch\krishi-marga\dataset_research\KRISHI_MARGA_DATASETS\05_Core_Grains_Vegetables\Paddy_Rice\raw\DS_RICE_02\rice\validation\bacterial_leaf_blight\blight_rotated_036.JPG,C:\Users\Prathach Raj P\.gemini\antigravity\scratch\krishi-marga\dataset_research\KRISHI_MARGA_DATASETS\05_Core_Grains_Vegetables\Paddy_Rice\processed\images\Rice\DS_RICE_02_Rice_blight_rotated_036.JPG,KEPT,Valid image passing all automated filters,DS_RICE_02,Paddy_Rice,Rice
C:\Users\Prathach Raj P\.gemini\antigravity\scratch\krishi-marga\dataset_research\KRISHI_MARGA_DATASETS\05_Core_Grains_Vegetables\Paddy_Rice\raw\DS_RICE_02\rice\validation\bacterial_leaf_blight\blight_rotated_037.JPG,C:\Users\Prathach Raj P\.gemini\antigravity\scratch\krishi-marga\dataset_research\KRISHI_MARGA_DATASETS\05_Core_Grains_Vegetables\Paddy_Rice\processed\images\Rice\DS_RICE_02_Rice_blight_rotated_037.JPG,KEPT,Valid image passing all automated filters,DS_RICE_02,Paddy_Rice,Rice
C:\Users\Prathach Raj P\.gemini\antigravity\scratch\krishi-marga\dataset_research\KRISHI_MARGA_DATASETS\05_Core_Grains_Vegetables\Paddy_Rice\raw\DS_RICE_02\rice\validation\bacterial_leaf_blight\blight_rotated_038.JPG,C:\Users\Prathach Raj P\.gemini\antigravity\scratch\krishi-marga\dataset_research\KRISHI_MARGA_DATASETS\05_Core_Grains_Vegetables\Paddy_Rice\processed\images\Rice\DS_RICE_02_Rice_blight_rotated_038.JPG,KEPT,Valid image passing all automated filters,DS_RICE_02,Paddy_Rice,Rice
C:\Users\Prathach Raj P\.gemini\antigravity\scratch\krishi-marga\dataset_research\KRISHI_MARGA_DATASETS\05_Core_Grains_Vegetables\Paddy_Rice\raw\DS_RICE_02\rice\validation\bacterial_leaf_blight\blight_rotated_039.jpg,C:\Users\Prathach Raj P\.gemini\antigravity\scratch\krishi-marga\dataset_research\KRISHI_MARGA_DATASETS\05_Core_Grains_Vegetables\Paddy_Rice\processed\images\Rice\DS_RICE_02_Rice_blight_rotated_039.jpg,KEPT,Valid image passing all automated filters,DS_RICE_02,Paddy_Rice,Rice
C:\Users\Prathach Raj P\.gemini\antigravity\scratch\krishi-marga\dataset_research\KRISHI_MARGA_DATASETS\05_Core_Grains_Vegetables\Paddy_Rice\raw\DS_RICE_02\rice\validation\bacterial_leaf_blight\blight_rotated_040.jpg,C:\Users\Prathach Raj P\.gemini\antigravity\scratch\krishi-marga\dataset_research\KRISHI_MARGA_DATASETS\05_Core_Grains_Vegetables\Paddy_Rice\processed\images\Rice\DS_RICE_02_Rice_blight_rotated_040.jpg,KEPT,Valid image passing all automated filters,DS_RICE_02,Paddy_Rice,Rice
C:\Users\Prathach Raj P\.gemini\antigravity\scratch\krishi-marga\dataset_research\KRISHI_MARGA_DATASETS\05_Core_Grains_Vegetables\Paddy_Rice\raw\DS_RICE_02\rice\validation\bacterial_leaf_blight\blight_rotated_041.jpg,C:\Users\Prathach Raj P\.gemini\antigravity\scratch\krishi-marga\dataset_research\KRISHI_MARGA_DATASETS\05_Core_Grains_Vegetables\Paddy_Rice\processed\images\Rice\DS_RICE_02_Rice_blight_rotated_041.jpg,KEPT,Valid image passing all automated filters,DS_RICE_02,Paddy_Rice,Rice
C:\Users\Prathach Raj P\.gemini\antigravity\scratch\krishi-marga\dataset_research\KRISHI_MARGA_DATASETS\05_Core_Grains_Vegetables\Paddy_Rice\raw\DS_RICE_02\rice\validation\bacterial_leaf_blight\blight_rotated_042.jpg,C:\Users\Prathach Raj P\.gemini\antigravity\scratch\krishi-marga\dataset_research\KRISHI_MARGA_DATASETS\05_Core_Grains_Vegetables\Paddy_Rice\processed\images\Rice\DS_RICE_02_Rice_blight_rotated_042.jpg,KEPT,Valid image passing all automated filters,DS_RICE_02,Paddy_Rice,Rice
C:\Users\Prathach Raj P\.gemini\antigravity\scratch\krishi-marga\dataset_research\KRISHI_MARGA_DATASETS\05_Core_Grains_Vegetables\Paddy_Rice\raw\DS_RICE_02\rice\validation\bacterial_leaf_blight\blight_rotated_043.jpg,NONE,EXCLUDED_EXACT_DUPLICATE,Binary identical to C:\Users\Prathach Raj P\.gemini\antigravity\scratch\krishi-marga\dataset_research\KRISHI_MARGA_DATASETS\05_Core_Grains_Vegetables\Paddy_Rice\raw\DS_RICE_02\rice\train\bacterial_leaf_blight\blight_rotated_081.jpg,DS_RICE_02,Paddy_Rice,Rice
C:\Users\Prathach Raj P\.gemini\antigravity\scratch\krishi-marga\dataset_research\KRISHI_MARGA_DATASETS\05_Core_Grains_Vegetables\Paddy_Rice\raw\DS_RICE_02\rice\validation\blast\blast_rotated_001.jpg,C:\Users\Prathach Raj P\.gemini\antigravity\scratch\krishi-marga\dataset_research\KRISHI_MARGA_DATASETS\05_Core_Grains_Vegetables\Paddy_Rice\processed\images\Rice\DS_RICE_02_Rice_blast_rotated_001.jpg,KEPT,Valid image passing all automated filters,DS_RICE_02,Paddy_Rice,Rice
C:\Users\Prathach Raj P\.gemini\antigravity\scratch\krishi-marga\dataset_research\KRISHI_MARGA_DATASETS\05_Core_Grains_Vegetables\Paddy_Rice\raw\DS_RICE_02\rice\validation\blast\blast_rotated_002.png,C:\Users\Prathach Raj P\.gemini\antigravity\scratch\krishi-marga\dataset_research\KRISHI_MARGA_DATASETS\05_Core_Grains_Vegetables\Paddy_Rice\processed\images\Rice\DS_RICE_02_Rice_blast_rotated_002.png,KEPT,Valid image passing all automated filters,DS_RICE_02,Paddy_Rice,Rice
C:\Users\Prathach Raj P\.gemini\antigravity\scratch\krishi-marga\dataset_research\KRISHI_MARGA_DATASETS\05_Core_Grains_Vegetables\Paddy_Rice\raw\DS_RICE_02\rice\validation\blast\blast_rotated_003.jpg,C:\Users\Prathach Raj P\.gemini\antigravity\scratch\krishi-marga\dataset_research\KRISHI_MARGA_DATASETS\05_Core_Grains_Vegetables\Paddy_Rice\processed\images\Rice\DS_RICE_02_Rice_blast_rotated_003.jpg,KEPT,Valid image passing all automated filters,DS_RICE_02,Paddy_Rice,Rice
C:\Users\Prathach Raj P\.gemini\antigravity\scratch\krishi-marga\dataset_research\KRISHI_MARGA_DATASETS\05_Core_Grains_Vegetables\Paddy_Rice\raw\DS_RICE_02\rice\validation\blast\blast_rotated_004.png,C:\Users\Prathach Raj P\.gemini\antigravity\scratch\krishi-marga\dataset_research\KRISHI_MARGA_DATASETS\05_Core_Grains_Vegetables\Paddy_Rice\processed\images\Rice\DS_RICE_02_Rice_blast_rotated_004.png,KEPT,Valid image passing all automated filters,DS_RICE_02,Paddy_Rice,Rice
C:\Users\Prathach Raj P\.gemini\antigravity\scratch\krishi-marga\dataset_research\KRISHI_MARGA_DATASETS\05_Core_Grains_Vegetables\Paddy_Rice\raw\DS_RICE_02\rice\validation\blast\blast_rotated_005.jpg,C:\Users\Prathach Raj P\.gemini\antigravity\scratch\krishi-marga\dataset_research\KRISHI_MARGA_DATASETS\05_Core_Grains_Vegetables\Paddy_Rice\processed\images\Rice\DS_RICE_02_Rice_blast_rotated_005.jpg,KEPT,Valid image passing all automated filters,DS_RICE_02,Paddy_Rice,Rice
C:\Users\Prathach Raj P\.gemini\antigravity\scratch\krishi-marga\dataset_research\KRISHI_MARGA_DATASETS\05_Core_Grains_Vegetables\Paddy_Rice\raw\DS_RICE_02\rice\validation\blast\blast_rotated_006.png,C:\Users\Prathach Raj P\.gemini\antigravity\scratch\krishi-marga\dataset_research\KRISHI_MARGA_DATASETS\05_Core_Grains_Vegetables\Paddy_Rice\processed\images\Rice\DS_RICE_02_Rice_blast_rotated_006.png,KEPT,Valid image passing all automated filters,DS_RICE_02,Paddy_Rice,Rice
C:\Users\Prathach Raj P\.gemini\antigravity\scratch\krishi-marga\dataset_research\KRISHI_MARGA_DATASETS\05_Core_Grains_Vegetables\Paddy_Rice\raw\DS_RICE_02\rice\validation\blast\blast_rotated_007.jpg,C:\Users\Prathach Raj P\.gemini\antigravity\scratch\krishi-marga\dataset_research\KRISHI_MARGA_DATASETS\05_Core_Grains_Vegetables\Paddy_Rice\processed\images\Rice\DS_RICE_02_Rice_blast_rotated_007.jpg,KEPT,Valid image passing all automated filters,DS_RICE_02,Paddy_Rice,Rice
C:\Users\Prathach Raj P\.gemini\antigravity\scratch\krishi-marga\dataset_research\KRISHI_MARGA_DATASETS\05_Core_Grains_Vegetables\Paddy_Rice\raw\DS_RICE_02\rice\validation\blast\blast_rotated_008.png,C:\Users\Prathach Raj P\.gemini\antigravity\scratch\krishi-marga\dataset_research\KRISHI_MARGA_DATASETS\05_Core_Grains_Vegetables\Paddy_Rice\processed\images\Rice\DS_RICE_02_Rice_blast_rotated_008.png,KEPT,Valid image passing all automated filters,DS_RICE_02,Paddy_Rice,Rice
C:\Users\Prathach Raj P\.gemini\antigravity\scratch\krishi-marga\dataset_research\KRISHI_MARGA_DATASETS\05_Core_Grains_Vegetables\Paddy_Rice\raw\DS_RICE_02\rice\validation\blast\blast_rotated_009.jpg,C:\Users\Prathach Raj P\.gemini\antigravity\scratch\krishi-marga\dataset_research\KRISHI_MARGA_DATASETS\05_Core_Grains_Vegetables\Paddy_Rice\processed\images\Rice\DS_RICE_02_Rice_blast_rotated_009.jpg,KEPT,Valid image passing all automated filters,DS_RICE_02,Paddy_Rice,Rice
C:\Users\Prathach Raj P\.gemini\antigravity\scratch\krishi-marga\dataset_research\KRISHI_MARGA_DATASETS\05_Core_Grains_Vegetables\Paddy_Rice\raw\DS_RICE_02\rice\validation\blast\blast_rotated_010.png,C:\Users\Prathach Raj P\.gemini\antigravity\scratch\krishi-marga\dataset_research\KRISHI_MARGA_DATASETS\05_Core_Grains_Vegetables\Paddy_Rice\processed\images\Rice\DS_RICE_02_Rice_blast_rotated_010.png,KEPT,Valid image passing all automated filters,DS_RICE_02,Paddy_Rice,Rice
C:\Users\Prathach Raj P\.gemini\antigravity\scratch\krishi-marga\dataset_research\KRISHI_MARGA_DATASETS\05_Core_Grains_Vegetables\Paddy_Rice\raw\DS_RICE_02\rice\validation\blast\blast_rotated_011.jpg,C:\Users\Prathach Raj P\.gemini\antigravity\scratch\krishi-marga\dataset_research\KRISHI_MARGA_DATASETS\05_Core_Grains_Vegetables\Paddy_Rice\processed\images\Rice\DS_RICE_02_Rice_blast_rotated_011.jpg,KEPT,Valid image passing all automated filters,DS_RICE_02,Paddy_Rice,Rice
C:\Users\Prathach Raj P\.gemini\antigravity\scratch\krishi-marga\dataset_research\KRISHI_MARGA_DATASETS\05_Core_Grains_Vegetables\Paddy_Rice\raw\DS_RICE_02\rice\validation\blast\blast_rotated_012.png,C:\Users\Prathach Raj P\.gemini\antigravity\scratch\krishi-marga\dataset_research\KRISHI_MARGA_DATASETS\05_Core_Grains_Vegetables\Paddy_Rice\processed\images\Rice\DS_RICE_02_Rice_blast_rotated_012.png,KEPT,Valid image passing all automated filters,DS_RICE_02,Paddy_Rice,Rice
C:\Users\Prathach Raj P\.gemini\antigravity\scratch\krishi-marga\dataset_research\KRISHI_MARGA_DATASETS\05_Core_Grains_Vegetables\Paddy_Rice\raw\DS_RICE_02\rice\validation\blast\blast_rotated_013.jpg,C:\Users\Prathach Raj P\.gemini\antigravity\scratch\krishi-marga\dataset_research\KRISHI_MARGA_DATASETS\05_Core_Grains_Vegetables\Paddy_Rice\processed\images\Rice\DS_RICE_02_Rice_blast_rotated_013.jpg,KEPT,Valid image passing all automated filters,DS_RICE_02,Paddy_Rice,Rice
C:\Users\Prathach Raj P\.gemini\antigravity\scratch\krishi-marga\dataset_research\KRISHI_MARGA_DATASETS\05_Core_Grains_Vegetables\Paddy_Rice\raw\DS_RICE_02\rice\validation\blast\blast_rotated_014.png,C:\Users\Prathach Raj P\.gemini\antigravity\scratch\krishi-marga\dataset_research\KRISHI_MARGA_DATASETS\05_Core_Grains_Vegetables\Paddy_Rice\processed\images\Rice\DS_RICE_02_Rice_blast_rotated_014.png,KEPT,Valid image passing all automated filters,DS_RICE_02,Paddy_Rice,Rice
C:\Users\Prathach Raj P\.gemini\antigravity\scratch\krishi-marga\dataset_research\KRISHI_MARGA_DATASETS\05_Core_Grains_Vegetables\Paddy_Rice\raw\DS_RICE_02\rice\validation\blast\blast_rotated_015.jpg,C:\Users\Prathach Raj P\.gemini\antigravity\scratch\krishi-marga\dataset_research\KRISHI_MARGA_DATASETS\05_Core_Grains_Vegetables\Paddy_Rice\processed\images\Rice\DS_RICE_02_Rice_blast_rotated_015.jpg,KEPT,Valid image passing all automated filters,DS_RICE_02,Paddy_Rice,Rice
C:\Users\Prathach Raj P\.gemini\antigravity\scratch\krishi-marga\dataset_research\KRISHI_MARGA_DATASETS\05_Core_Grains_Vegetables\Paddy_Rice\raw\DS_RICE_02\rice\validation\blast\blast_rotated_016.png,C:\Users\Prathach Raj P\.gemini\antigravity\scratch\krishi-marga\dataset_research\KRISHI_MARGA_DATASETS\05_Core_Grains_Vegetables\Paddy_Rice\processed\images\Rice\DS_RICE_02_Rice_blast_rotated_016.png,KEPT,Valid image passing all automated filters,DS_RICE_02,Paddy_Rice,Rice
C:\Users\Prathach Raj P\.gemini\antigravity\scratch\krishi-marga\dataset_research\KRISHI_MARGA_DATASETS\05_Core_Grains_Vegetables\Paddy_Rice\raw\DS_RICE_02\rice\validation\blast\blast_rotated_017.jpg,C:\Users\Prathach Raj P\.gemini\antigravity\scratch\krishi-marga\dataset_research\KRISHI_MARGA_DATASETS\05_Core_Grains_Vegetables\Paddy_Rice\processed\images\Rice\DS_RICE_02_Rice_blast_rotated_017.jpg,KEPT,Valid image passing all automated filters,DS_RICE_02,Paddy_Rice,Rice
C:\Users\Prathach Raj P\.gemini\antigravity\scratch\krishi-marga\dataset_research\KRISHI_MARGA_DATASETS\05_Core_Grains_Vegetables\Paddy_Rice\raw\DS_RICE_02\rice\validation\blast\blast_rotated_018.png,C:\Users\Prathach Raj P\.gemini\antigravity\scratch\krishi-marga\dataset_research\KRISHI_MARGA_DATASETS\05_Core_Grains_Vegetables\Paddy_Rice\processed\images\Rice\DS_RICE_02_Rice_blast_rotated_018.png,KEPT,Valid image passing all automated filters,DS_RICE_02,Paddy_Rice,Rice
C:\Users\Prathach Raj P\.gemini\antigravity\scratch\krishi-marga\dataset_research\KRISHI_MARGA_DATASETS\05_Core_Grains_Vegetables\Paddy_Rice\raw\DS_RICE_02\rice\validation\blast\blast_rotated_019.jpg,C:\Users\Prathach Raj P\.gemini\antigravity\scratch\krishi-marga\dataset_research\KRISHI_MARGA_DATASETS\05_Core_Grains_Vegetables\Paddy_Rice\processed\images\Rice\DS_RICE_02_Rice_blast_rotated_019.jpg,KEPT,Valid image passing all automated filters,DS_RICE_02,Paddy_Rice,Rice
C:\Users\Prathach Raj P\.gemini\antigravity\scratch\krishi-marga\dataset_research\KRISHI_MARGA_DATASETS\05_Core_Grains_Vegetables\Paddy_Rice\raw\DS_RICE_02\rice\validation\blast\blast_rotated_020.png,C:\Users\Prathach Raj P\.gemini\antigravity\scratch\krishi-marga\dataset_research\KRISHI_MARGA_DATASETS\05_Core_Grains_Vegetables\Paddy_Rice\processed\images\Rice\DS_RICE_02_Rice_blast_rotated_020.png,KEPT,Valid image passing all automated filters,DS_RICE_02,Paddy_Rice,Rice
C:\Users\Prathach Raj P\.gemini\antigravity\scratch\krishi-marga\dataset_research\KRISHI_MARGA_DATASETS\05_Core_Grains_Vegetables\Paddy_Rice\raw\DS_RICE_02\rice\validation\blast\blast_rotated_021.jpg,C:\Users\Prathach Raj P\.gemini\antigravity\scratch\krishi-marga\dataset_research\KRISHI_MARGA_DATASETS\05_Core_Grains_Vegetables\Paddy_Rice\processed\images\Rice\DS_RICE_02_Rice_blast_rotated_021.jpg,KEPT,Valid image passing all automated filters,DS_RICE_02,Paddy_Rice,Rice
C:\Users\Prathach Raj P\.gemini\antigravity\scratch\krishi-marga\dataset_research\KRISHI_MARGA_DATASETS\05_Core_Grains_Vegetables\Paddy_Rice\raw\DS_RICE_02\rice\validation\blast\blast_rotated_022.png,C:\Users\Prathach Raj P\.gemini\antigravity\scratch\krishi-marga\dataset_research\KRISHI_MARGA_DATASETS\05_Core_Grains_Vegetables\Paddy_Rice\processed\images\Rice\DS_RICE_02_Rice_blast_rotated_022.png,KEPT,Valid image passing all automated filters,DS_RICE_02,Paddy_Rice,Rice
C:\Users\Prathach Raj P\.gemini\antigravity\scratch\krishi-marga\dataset_research\KRISHI_MARGA_DATASETS\05_Core_Grains_Vegetables\Paddy_Rice\raw\DS_RICE_02\rice\validation\blast\blast_rotated_023.jpg,C:\Users\Prathach Raj P\.gemini\antigravity\scratch\krishi-marga\dataset_research\KRISHI_MARGA_DATASETS\05_Core_Grains_Vegetables\Paddy_Rice\processed\images\Rice\DS_RICE_02_Rice_blast_rotated_023.jpg,KEPT,Valid image passing all automated filters,DS_RICE_02,Paddy_Rice,Rice
C:\Users\Prathach Raj P\.gemini\antigravity\scratch\krishi-marga\dataset_research\KRISHI_MARGA_DATASETS\05_Core_Grains_Vegetables\Paddy_Rice\raw\DS_RICE_02\rice\validation\blast\blast_rotated_024.png,C:\Users\Prathach Raj P\.gemini\antigravity\scratch\krishi-marga\dataset_research\KRISHI_MARGA_DATASETS\05_Core_Grains_Vegetables\Paddy_Rice\processed\images\Rice\DS_RICE_02_Rice_blast_rotated_024.png,KEPT,Valid image passing all automated filters,DS_RICE_02,Paddy_Rice,Rice
C:\Users\Prathach Raj P\.gemini\antigravity\scratch\krishi-marga\dataset_research\KRISHI_MARGA_DATASETS\05_Core_Grains_Vegetables\Paddy_Rice\raw\DS_RICE_02\rice\validation\brownspot\brownspot_rotated_001.jpg,C:\Users\Prathach Raj P\.gemini\antigravity\scratch\krishi-marga\dataset_research\KRISHI_MARGA_DATASETS\05_Core_Grains_Vegetables\Paddy_Rice\processed\images\Rice\DS_RICE_02_Rice_brownspot_rotated_001.jpg,KEPT,Valid image passing all automated filters,DS_RICE_02,Paddy_Rice,Rice
C:\Users\Prathach Raj P\.gemini\antigravity\scratch\krishi-marga\dataset_research\KRISHI_MARGA_DATASETS\05_Core_Grains_Vegetables\Paddy_Rice\raw\DS_RICE_02\rice\validation\brownspot\brownspot_rotated_002.png,C:\Users\Prathach Raj P\.gemini\antigravity\scratch\krishi-marga\dataset_research\KRISHI_MARGA_DATASETS\05_Core_Grains_Vegetables\Paddy_Rice\processed\images\Rice\DS_RICE_02_Rice_brownspot_rotated_002.png,KEPT,Valid image passing all automated filters,DS_RICE_02,Paddy_Rice,Rice
C:\Users\Prathach Raj P\.gemini\antigravity\scratch\krishi-marga\dataset_research\KRISHI_MARGA_DATASETS\05_Core_Grains_Vegetables\Paddy_Rice\raw\DS_RICE_02\rice\validation\brownspot\brownspot_rotated_003.jpg,C:\Users\Prathach Raj P\.gemini\antigravity\scratch\krishi-marga\dataset_research\KRISHI_MARGA_DATASETS\05_Core_Grains_Vegetables\Paddy_Rice\processed\images\Rice\DS_RICE_02_Rice_brownspot_rotated_003.jpg,KEPT,Valid image passing all automated filters,DS_RICE_02,Paddy_Rice,Rice
C:\Users\Prathach Raj P\.gemini\antigravity\scratch\krishi-marga\dataset_research\KRISHI_MARGA_DATASETS\05_Core_Grains_Vegetables\Paddy_Rice\raw\DS_RICE_02\rice\validation\brownspot\brownspot_rotated_004.png,C:\Users\Prathach Raj P\.gemini\antigravity\scratch\krishi-marga\dataset_research\KRISHI_MARGA_DATASETS\05_Core_Grains_Vegetables\Paddy_Rice\processed\images\Rice\DS_RICE_02_Rice_brownspot_rotated_004.png,KEPT,Valid image passing all automated filters,DS_RICE_02,Paddy_Rice,Rice
C:\Users\Prathach Raj P\.gemini\antigravity\scratch\krishi-marga\dataset_research\KRISHI_MARGA_DATASETS\05_Core_Grains_Vegetables\Paddy_Rice\raw\DS_RICE_02\rice\validation\brownspot\brownspot_rotated_005.jpg,C:\Users\Prathach Raj P\.gemini\antigravity\scratch\krishi-marga\dataset_research\KRISHI_MARGA_DATASETS\05_Core_Grains_Vegetables\Paddy_Rice\processed\images\Rice\DS_RICE_02_Rice_brownspot_rotated_005.jpg,KEPT,Valid image passing all automated filters,DS_RICE_02,Paddy_Rice,Rice
C:\Users\Prathach Raj P\.gemini\antigravity\scratch\krishi-marga\dataset_research\KRISHI_MARGA_DATASETS\05_Core_Grains_Vegetables\Paddy_Rice\raw\DS_RICE_02\rice\validation\brownspot\brownspot_rotated_006.png,C:\Users\Prathach Raj P\.gemini\antigravity\scratch\krishi-marga\dataset_research\KRISHI_MARGA_DATASETS\05_Core_Grains_Vegetables\Paddy_Rice\processed\images\Rice\DS_RICE_02_Rice_brownspot_rotated_006.png,KEPT,Valid image passing all automated filters,DS_RICE_02,Paddy_Rice,Rice
C:\Users\Prathach Raj P\.gemini\antigravity\scratch\krishi-marga\dataset_research\KRISHI_MARGA_DATASETS\05_Core_Grains_Vegetables\Paddy_Rice\raw\DS_RICE_02\rice\validation\brownspot\brownspot_rotated_007.jpg,C:\Users\Prathach Raj P\.gemini\antigravity\scratch\krishi-marga\dataset_research\KRISHI_MARGA_DATASETS\05_Core_Grains_Vegetables\Paddy_Rice\processed\images\Rice\DS_RICE_02_Rice_brownspot_rotated_007.jpg,KEPT,Valid image passing all automated filters,DS_RICE_02,Paddy_Rice,Rice
C:\Users\Prathach Raj P\.gemini\antigravity\scratch\krishi-marga\dataset_research\KRISHI_MARGA_DATASETS\05_Core_Grains_Vegetables\Paddy_Rice\raw\DS_RICE_02\rice\validation\brownspot\brownspot_rotated_008.png,C:\Users\Prathach Raj P\.gemini\antigravity\scratch\krishi-marga\dataset_research\KRISHI_MARGA_DATASETS\05_Core_Grains_Vegetables\Paddy_Rice\processed\images\Rice\DS_RICE_02_Rice_brownspot_rotated_008.png,KEPT,Valid image passing all automated filters,DS_RICE_02,Paddy_Rice,Rice
C:\Users\Prathach Raj P\.gemini\antigravity\scratch\krishi-marga\dataset_research\KRISHI_MARGA_DATASETS\05_Core_Grains_Vegetables\Paddy_Rice\raw\DS_RICE_02\rice\validation\brownspot\brownspot_rotated_009.jpg,C:\Users\Prathach Raj P\.gemini\antigravity\scratch\krishi-marga\dataset_research\KRISHI_MARGA_DATASETS\05_Core_Grains_Vegetables\Paddy_Rice\processed\images\Rice\DS_RICE_02_Rice_brownspot_rotated_009.jpg,KEPT,Valid image passing all automated filters,DS_RICE_02,Paddy_Rice,Rice
C:\Users\Prathach Raj P\.gemini\antigravity\scratch\krishi-marga\dataset_research\KRISHI_MARGA_DATASETS\05_Core_Grains_Vegetables\Paddy_Rice\raw\DS_RICE_02\rice\validation\brownspot\brownspot_rotated_010.jpg,C:\Users\Prathach Raj P\.gemini\antigravity\scratch\krishi-marga\dataset_research\KRISHI_MARGA_DATASETS\05_Core_Grains_Vegetables\Paddy_Rice\processed\images\Rice\DS_RICE_02_Rice_brownspot_rotated_010.jpg,KEPT,Valid image passing all automated filters,DS_RICE_02,Paddy_Rice,Rice
C:\Users\Prathach Raj P\.gemini\antigravity\scratch\krishi-marga\dataset_research\KRISHI_MARGA_DATASETS\05_Core_Grains_Vegetables\Paddy_Rice\raw\DS_RICE_02\rice\validation\brownspot\brownspot_rotated_011.jpg,C:\Users\Prathach Raj P\.gemini\antigravity\scratch\krishi-marga\dataset_research\KRISHI_MARGA_DATASETS\05_Core_Grains_Vegetables\Paddy_Rice\processed\images\Rice\DS_RICE_02_Rice_brownspot_rotated_011.jpg,KEPT,Valid image passing all automated filters,DS_RICE_02,Paddy_Rice,Rice
C:\Users\Prathach Raj P\.gemini\antigravity\scratch\krishi-marga\dataset_research\KRISHI_MARGA_DATASETS\05_Core_Grains_Vegetables\Paddy_Rice\raw\DS_RICE_02\rice\validation\brownspot\brownspot_rotated_012.jpg,C:\Users\Prathach Raj P\.gemini\antigravity\scratch\krishi-marga\dataset_research\KRISHI_MARGA_DATASETS\05_Core_Grains_Vegetables\Paddy_Rice\processed\images\Rice\DS_RICE_02_Rice_brownspot_rotated_012.jpg,KEPT,Valid image passing all automated filters,DS_RICE_02,Paddy_Rice,Rice
C:\Users\Prathach Raj P\.gemini\antigravity\scratch\krishi-marga\dataset_research\KRISHI_MARGA_DATASETS\05_Core_Grains_Vegetables\Paddy_Rice\raw\DS_RICE_02\rice\validation\brownspot\brownspot_rotated_013.jpg,C:\Users\Prathach Raj P\.gemini\antigravity\scratch\krishi-marga\dataset_research\KRISHI_MARGA_DATASETS\05_Core_Grains_Vegetables\Paddy_Rice\processed\images\Rice\DS_RICE_02_Rice_brownspot_rotated_013.jpg,KEPT,Valid image passing all automated filters,DS_RICE_02,Paddy_Rice,Rice
C:\Users\Prathach Raj P\.gemini\antigravity\scratch\krishi-marga\dataset_research\KRISHI_MARGA_DATASETS\05_Core_Grains_Vegetables\Paddy_Rice\raw\DS_RICE_02\rice\validation\brownspot\brownspot_rotated_014.jpg,C:\Users\Prathach Raj P\.gemini\antigravity\scratch\krishi-marga\dataset_research\KRISHI_MARGA_DATASETS\05_Core_Grains_Vegetables\Paddy_Rice\processed\images\Rice\DS_RICE_02_Rice_brownspot_rotated_014.jpg,KEPT,Valid image passing all automated filters,DS_RICE_02,Paddy_Rice,Rice
C:\Users\Prathach Raj P\.gemini\antigravity\scratch\krishi-marga\dataset_research\KRISHI_MARGA_DATASETS\05_Core_Grains_Vegetables\Paddy_Rice\raw\DS_RICE_02\rice\validation\brownspot\brownspot_rotated_015.jpg,C:\Users\Prathach Raj P\.gemini\antigravity\scratch\krishi-marga\dataset_research\KRISHI_MARGA_DATASETS\05_Core_Grains_Vegetables\Paddy_Rice\processed\images\Rice\DS_RICE_02_Rice_brownspot_rotated_015.jpg,KEPT,Valid image passing all automated filters,DS_RICE_02,Paddy_Rice,Rice
C:\Users\Prathach Raj P\.gemini\antigravity\scratch\krishi-marga\dataset_research\KRISHI_MARGA_DATASETS\05_Core_Grains_Vegetables\Paddy_Rice\raw\DS_RICE_02\rice\validation\brownspot\brownspot_rotated_016.jpg,C:\Users\Prathach Raj P\.gemini\antigravity\scratch\krishi-marga\dataset_research\KRISHI_MARGA_DATASETS\05_Core_Grains_Vegetables\Paddy_Rice\processed\images\Rice\DS_RICE_02_Rice_brownspot_rotated_016.jpg,KEPT,Valid image passing all automated filters,DS_RICE_02,Paddy_Rice,Rice
C:\Users\Prathach Raj P\.gemini\antigravity\scratch\krishi-marga\dataset_research\KRISHI_MARGA_DATASETS\05_Core_Grains_Vegetables\Paddy_Rice\raw\DS_RICE_02\rice\validation\brownspot\brownspot_rotated_017.jpg,C:\Users\Prathach Raj P\.gemini\antigravity\scratch\krishi-marga\dataset_research\KRISHI_MARGA_DATASETS\05_Core_Grains_Vegetables\Paddy_Rice\processed\images\Rice\DS_RICE_02_Rice_brownspot_rotated_017.jpg,KEPT,Valid image passing all automated filters,DS_RICE_02,Paddy_Rice,Rice
C:\Users\Prathach Raj P\.gemini\antigravity\scratch\krishi-marga\dataset_research\KRISHI_MARGA_DATASETS\02_Cash_Industrial\Cotton\raw\DS_COTTON_03\Cotton-Leaf-Disease-Detection-main\static\uploads\dd (513).jpg,C:\Users\Prathach Raj P\.gemini\antigravity\scratch\krishi-marga\dataset_research\KRISHI_MARGA_DATASETS\02_Cash_Industrial\Cotton\processed\images\Cotton-Leaf-Disease-Detection-Main\DS_COTTON_03_Cotton-Leaf-Disease-Detection-Main_dd (513).jpg,KEPT,Valid image passing all automated filters,DS_COTTON_03,Cotton,Cotton-Leaf-Disease-Detection-Main
C:\Users\Prathach Raj P\.gemini\antigravity\scratch\krishi-marga\dataset_research\KRISHI_MARGA_DATASETS\02_Cash_Industrial\Cotton\raw\DS_COTTON_03\Cotton-Leaf-Disease-Detection-main\static\uploads\dd_328.jpg,C:\Users\Prathach Raj P\.gemini\antigravity\scratch\krishi-marga\dataset_research\KRISHI_MARGA_DATASETS\02_Cash_Industrial\Cotton\processed\images\Cotton-Leaf-Disease-Detection-Main\DS_COTTON_03_Cotton-Leaf-Disease-Detection-Main_dd_328.jpg,KEPT,Valid image passing all automated filters,DS_COTTON_03,Cotton,Cotton-Leaf-Disease-Detection-Main
C:\Users\Prathach Raj P\.gemini\antigravity\scratch\krishi-marga\dataset_research\KRISHI_MARGA_DATASETS\02_Cash_Industrial\Cotton\raw\DS_COTTON_03\Cotton-Leaf-Disease-Detection-main\static\uploads\dis_leaf (1)_iaip.jpg,C:\Users\Prathach Raj P\.gemini\antigravity\scratch\krishi-marga\dataset_research\KRISHI_MARGA_DATASETS\02_Cash_Industrial\Cotton\processed\images\Cotton-Leaf-Disease-Detection-Main\DS_COTTON_03_Cotton-Leaf-Disease-Detection-Main_dis_leaf (1)_iaip.jpg,KEPT,Valid image passing all automated filters,DS_COTTON_03,Cotton,Cotton-Leaf-Disease-Detection-Main
C:\Users\Prathach Raj P\.gemini\antigravity\scratch\krishi-marga\dataset_research\KRISHI_MARGA_DATASETS\02_Cash_Industrial\Cotton\raw\DS_COTTON_03\Cotton-Leaf-Disease-Detection-main\static\uploads\dis_leaf_1_iaip.jpg,NONE,EXCLUDED_EXACT_DUPLICATE,Binary identical to C:\Users\Prathach Raj P\.gemini\antigravity\scratch\krishi-marga\dataset_research\KRISHI_MARGA_DATASETS\02_Cash_Industrial\Cotton\raw\DS_COTTON_03\Cotton-Leaf-Disease-Detection-main\static\uploads\dis_leaf (1)_iaip.jpg,DS_COTTON_03,Cotton,Cotton-Leaf-Disease-Detection-Main
C:\Users\Prathach Raj P\.gemini\antigravity\scratch\krishi-marga\dataset_research\KRISHI_MARGA_DATASETS\02_Cash_Industrial\Cotton\raw\DS_COTTON_03\Cotton-Leaf-Disease-Detection-main\static\uploads\dis_leaf_324_iaip.jpg,C:\Users\Prathach Raj P\.gemini\antigravity\scratch\krishi-marga\dataset_research\KRISHI_MARGA_DATASETS\02_Cash_Industrial\Cotton\processed\images\Cotton-Leaf-Disease-Detection-Main\DS_COTTON_03_Cotton-Leaf-Disease-Detection-Main_dis_leaf_324_iaip.jpg,KEPT,Valid image passing all automated filters,DS_COTTON_03,Cotton,Cotton-Leaf-Disease-Detection-Main
C:\Users\Prathach Raj P\.gemini\antigravity\scratch\krishi-marga\dataset_research\KRISHI_MARGA_DATASETS\02_Cash_Industrial\Cotton\raw\DS_COTTON_03\Cotton-Leaf-Disease-Detection-main\static\uploads\dis_leaf_328_iaip.jpg,C:\Users\Prathach Raj P\.gemini\antigravity\scratch\krishi-marga\dataset_research\KRISHI_MARGA_DATASETS\02_Cash_Industrial\Cotton\processed\images\Cotton-Leaf-Disease-Detection-Main\DS_COTTON_03_Cotton-Leaf-Disease-Detection-Main_dis_leaf_328_iaip.jpg,KEPT,Valid image passing all automated filters,DS_COTTON_03,Cotton,Cotton-Leaf-Disease-Detection-Main
C:\Users\Prathach Raj P\.gemini\antigravity\scratch\krishi-marga\dataset_research\KRISHI_MARGA_DATASETS\02_Cash_Industrial\Cotton\raw\DS_COTTON_03\Cotton-Leaf-Disease-Detection-main\static\uploads\download_1.jpg,C:\Users\Prathach Raj P\.gemini\antigravity\scratch\krishi-marga\dataset_research\KRISHI_MARGA_DATASETS\02_Cash_Industrial\Cotton\processed\images\Cotton-Leaf-Disease-Detection-Main\DS_COTTON_03_Cotton-Leaf-Disease-Detection-Main_download_1.jpg,KEPT,Valid image passing all automated filters,DS_COTTON_03,Cotton,Cotton-Leaf-Disease-Detection-Main
C:\Users\Prathach Raj P\.gemini\antigravity\scratch\krishi-marga\dataset_research\KRISHI_MARGA_DATASETS\02_Cash_Industrial\Cotton\raw\DS_COTTON_03\Cotton-Leaf-Disease-Detection-main\static\uploads\dsd (1)_iaip.jpg,C:\Users\Prathach Raj P\.gemini\antigravity\scratch\krishi-marga\dataset_research\KRISHI_MARGA_DATASETS\02_Cash_Industrial\Cotton\processed\images\Cotton-Leaf-Disease-Detection-Main\DS_COTTON_03_Cotton-Leaf-Disease-Detection-Main_dsd (1)_iaip.jpg,KEPT,Valid image passing all automated filters,DS_COTTON_03,Cotton,Cotton-Leaf-Disease-Detection-Main
C:\Users\Prathach Raj P\.gemini\antigravity\scratch\krishi-marga\dataset_research\KRISHI_MARGA_DATASETS\02_Cash_Industrial\Cotton\raw\DS_COTTON_03\Cotton-Leaf-Disease-Detection-main\static\uploads\dsd (149)_iaip.jpg,C:\Users\Prathach Raj P\.gemini\antigravity\scratch\krishi-marga\dataset_research\KRISHI_MARGA_DATASETS\02_Cash_Industrial\Cotton\processed\images\Cotton-Leaf-Disease-Detection-Main\DS_COTTON_03_Cotton-Leaf-Disease-Detection-Main_dsd (149)_iaip.jpg,KEPT,Valid image passing all automated filters,DS_COTTON_03,Cotton,Cotton-Leaf-Disease-Detection-Main
C:\Users\Prathach Raj P\.gemini\antigravity\scratch\krishi-marga\dataset_research\KRISHI_MARGA_DATASETS\02_Cash_Industrial\Cotton\raw\DS_COTTON_03\Cotton-Leaf-Disease-Detection-main\static\uploads\dsd (173)_iaip.jpg,C:\Users\Prathach Raj P\.gemini\antigravity\scratch\krishi-marga\dataset_research\KRISHI_MARGA_DATASETS\02_Cash_Industrial\Cotton\processed\images\Cotton-Leaf-Disease-Detection-Main\DS_COTTON_03_Cotton-Leaf-Disease-Detection-Main_dsd (173)_iaip.jpg,KEPT,Valid image passing all automated filters,DS_COTTON_03,Cotton,Cotton-Leaf-Disease-Detection-Main
C:\Users\Prathach Raj P\.gemini\antigravity\scratch\krishi-marga\dataset_research\KRISHI_MARGA_DATASETS\02_Cash_Industrial\Cotton\raw\DS_COTTON_03\Cotton-Leaf-Disease-Detection-main\static\uploads\dsd_149_iaip.jpg,NONE,EXCLUDED_EXACT_DUPLICATE,Binary identical to C:\Users\Prathach Raj P\.gemini\antigravity\scratch\krishi-marga\dataset_research\KRISHI_MARGA_DATASETS\02_Cash_Industrial\Cotton\raw\DS_COTTON_03\Cotton-Leaf-Disease-Detection-main\static\uploads\dsd (149)_iaip.jpg,DS_COTTON_03,Cotton,Cotton-Leaf-Disease-Detection-Main
C:\Users\Prathach Raj P\.gemini\antigravity\scratch\krishi-marga\dataset_research\KRISHI_MARGA_DATASETS\02_Cash_Industrial\Cotton\raw\DS_COTTON_03\Cotton-Leaf-Disease-Detection-main\static\uploads\dsd_173_iaip.jpg,NONE,EXCLUDED_EXACT_DUPLICATE,Binary identical to C:\Users\Prathach Raj P\.gemini\antigravity\scratch\krishi-marga\dataset_research\KRISHI_MARGA_DATASETS\02_Cash_Industrial\Cotton\raw\DS_COTTON_03\Cotton-Leaf-Disease-Detection-main\static\uploads\dsd (173)_iaip.jpg,DS_COTTON_03,Cotton,Cotton-Leaf-Disease-Detection-Main
C:\Users\Prathach Raj P\.gemini\antigravity\scratch\krishi-marga\dataset_research\KRISHI_MARGA_DATASETS\02_Cash_Industrial\Cotton\raw\DS_COTTON_03\Cotton-Leaf-Disease-Detection-main\static\uploads\dsd_1_iaip.jpg,NONE,EXCLUDED_EXACT_DUPLICATE,Binary identical to C:\Users\Prathach Raj P\.gemini\antigravity\scratch\krishi-marga\dataset_research\KRISHI_MARGA_DATASETS\02_Cash_Industrial\Cotton\raw\DS_COTTON_03\Cotton-Leaf-Disease-Detection-main\static\uploads\dsd (1)_iaip.jpg,DS_COTTON_03,Cotton,Cotton-Leaf-Disease-Detection-Main
C:\Users\Prathach Raj P\.gemini\antigravity\scratch\krishi-marga\dataset_research\KRISHI_MARGA_DATASETS\02_Cash_Industrial\Cotton\raw\DS_COTTON_03\Cotton-Leaf-Disease-Detection-main\static\uploads\dsd_222_iaip.jpg,C:\Users\Prathach Raj P\.gemini\antigravity\scratch\krishi-marga\dataset_research\KRISHI_MARGA_DATASETS\02_Cash_Industrial\Cotton\processed\images\Cotton-Leaf-Disease-Detection-Main\DS_COTTON_03_Cotton-Leaf-Disease-Detection-Main_dsd_222_iaip.jpg,KEPT,Valid image passing all automated filters,DS_COTTON_03,Cotton,Cotton-Leaf-Disease-Detection-Main
C:\Users\Prathach Raj P\.gemini\antigravity\scratch\krishi-marga\dataset_research\KRISHI_MARGA_DATASETS\02_Cash_Industrial\Cotton\raw\DS_COTTON_03\Cotton-Leaf-Disease-Detection-main\Utils\accur.png,C:\Users\Prathach Raj P\.gemini\antigravity\scratch\krishi-marga\dataset_research\KRISHI_MARGA_DATASETS\02_Cash_Industrial\Cotton\processed\images\Cotton-Leaf-Disease-Detection-Main\DS_COTTON_03_Cotton-Leaf-Disease-Detection-Main_accur.png,KEPT,Valid image passing all automated filters,DS_COTTON_03,Cotton,Cotton-Leaf-Disease-Detection-Main
C:\Users\Prathach Raj P\.gemini\antigravity\scratch\krishi-marga\dataset_research\KRISHI_MARGA_DATASETS\02_Cash_Industrial\Cotton\raw\DS_COTTON_03\Cotton-Leaf-Disease-Detection-main\Utils\cotton.jpg,C:\Users\Prathach Raj P\.gemini\antigravity\scratch\krishi-marga\dataset_research\KRISHI_MARGA_DATASETS\02_Cash_Industrial\Cotton\processed\images\Cotton-Leaf-Disease-Detection-Main\DS_COTTON_03_Cotton-Leaf-Disease-Detection-Main_cotton.jpg,KEPT,Valid image passing all automated filters,DS_COTTON_03,Cotton,Cotton-Leaf-Disease-Detection-Main
C:\Users\Prathach Raj P\.gemini\antigravity\scratch\krishi-marga\dataset_research\KRISHI_MARGA_DATASETS\02_Cash_Industrial\Cotton\raw\DS_COTTON_03\Cotton-Leaf-Disease-Detection-main\Utils\download.png,C:\Users\Prathach Raj P\.gemini\antigravity\scratch\krishi-marga\dataset_research\KRISHI_MARGA_DATASETS\02_Cash_Industrial\Cotton\processed\images\Cotton-Leaf-Disease-Detection-Main\DS_COTTON_03_Cotton-Leaf-Disease-Detection-Main_download.png,KEPT,Valid image passing all automated filters,DS_COTTON_03,Cotton,Cotton-Leaf-Disease-Detection-Main
C:\Users\Prathach Raj P\.gemini\antigravity\scratch\krishi-marga\dataset_research\KRISHI_MARGA_DATASETS\02_Cash_Industrial\Cotton\raw\DS_COTTON_03\Cotton-Leaf-Disease-Detection-main\Utils\DSC_1119.jpg,C:\Users\Prathach Raj P\.gemini\antigravity\scratch\krishi-marga\dataset_research\KRISHI_MARGA_DATASETS\02_Cash_Industrial\Cotton\processed\images\Cotton-Leaf-Disease-Detection-Main\DS_COTTON_03_Cotton-Leaf-Disease-Detection-Main_DSC_1119.jpg,KEPT,Valid image passing all automated filters,DS_COTTON_03,Cotton,Cotton-Leaf-Disease-Detection-Main
C:\Users\Prathach Raj P\.gemini\antigravity\scratch\krishi-marga\dataset_research\KRISHI_MARGA_DATASETS\02_Cash_Industrial\Cotton\raw\DS_COTTON_03\Cotton-Leaf-Disease-Detection-main\Utils\Flask.png,C:\Users\Prathach Raj P\.gemini\antigravity\scratch\krishi-marga\dataset_research\KRISHI_MARGA_DATASETS\02_Cash_Industrial\Cotton\processed\images\Cotton-Leaf-Disease-Detection-Main\DS_COTTON_03_Cotton-Leaf-Disease-Detection-Main_Flask.png,KEPT,Valid image passing all automated filters,DS_COTTON_03,Cotton,Cotton-Leaf-Disease-Detection-Main
C:\Users\Prathach Raj P\.gemini\antigravity\scratch\krishi-marga\dataset_research\KRISHI_MARGA_DATASETS\02_Cash_Industrial\Cotton\raw\DS_COTTON_03\Cotton-Leaf-Disease-Detection-main\Utils\InceptionV3.png,C:\Users\Prathach Raj P\.gemini\antigravity\scratch\krishi-marga\dataset_research\KRISHI_MARGA_DATASETS\02_Cash_Industrial\Cotton\processed\images\Cotton-Leaf-Disease-Detection-Main\DS_COTTON_03_Cotton-Leaf-Disease-Detection-Main_InceptionV3.png,KEPT,Valid image passing all automated filters,DS_COTTON_03,Cotton,Cotton-Leaf-Disease-Detection-Main
C:\Users\Prathach Raj P\.gemini\antigravity\scratch\krishi-marga\dataset_research\KRISHI_MARGA_DATASETS\02_Cash_Industrial\Cotton\raw\DS_COTTON_03\Cotton-Leaf-Disease-Detection-main\Utils\resnet50.png,C:\Users\Prathach Raj P\.gemini\antigravity\scratch\krishi-marga\dataset_research\KRISHI_MARGA_DATASETS\02_Cash_Industrial\Cotton\processed\images\Cotton-Leaf-Disease-Detection-Main\DS_COTTON_03_Cotton-Leaf-Disease-Detection-Main_resnet50.png,KEPT,Valid image passing all automated filters,DS_COTTON_03,Cotton,Cotton-Leaf-Disease-Detection-Main
C:\Users\Prathach Raj P\.gemini\antigravity\scratch\krishi-marga\dataset_research\KRISHI_MARGA_DATASETS\02_Cash_Industrial\Cotton\raw\DS_COTTON_03\Cotton-Leaf-Disease-Detection-main\Utils\resnetacc.png,C:\Users\Prathach Raj P\.gemini\antigravity\scratch\krishi-marga\dataset_research\KRISHI_MARGA_DATASETS\02_Cash_Industrial\Cotton\processed\images\Cotton-Leaf-Disease-Detection-Main\DS_COTTON_03_Cotton-Leaf-Disease-Detection-Main_resnetacc.png,KEPT,Valid image passing all automated filters,DS_COTTON_03,Cotton,Cotton-Leaf-Disease-Detection-Main
C:\Users\Prathach Raj P\.gemini\antigravity\scratch\krishi-marga\dataset_research\KRISHI_MARGA_DATASETS\02_Cash_Industrial\Cotton\raw\DS_COTTON_03\Cotton-Leaf-Disease-Detection-main\Utils\resnetv2.png,C:\Users\Prathach Raj P\.gemini\antigravity\scratch\krishi-marga\dataset_research\KRISHI_MARGA_DATASETS\02_Cash_Industrial\Cotton\processed\images\Cotton-Leaf-Disease-Detection-Main\DS_COTTON_03_Cotton-Leaf-Disease-Detection-Main_resnetv2.png,KEPT,Valid image passing all automated filters,DS_COTTON_03,Cotton,Cotton-Leaf-Disease-Detection-Main
C:\Users\Prathach Raj P\.gemini\antigravity\scratch\krishi-marga\dataset_research\KRISHI_MARGA_DATASETS\02_Cash_Industrial\Cotton\raw\DS_COTTON_03\Cotton-Leaf-Disease-Detection-main\Utils\streamlit.png,C:\Users\Prathach Raj P\.gemini\antigravity\scratch\krishi-marga\dataset_research\KRISHI_MARGA_DATASETS\02_Cash_Industrial\Cotton\processed\images\Cotton-Leaf-Disease-Detection-Main\DS_COTTON_03_Cotton-Leaf-Disease-Detection-Main_streamlit.png,KEPT,Valid image passing all automated filters,DS_COTTON_03,Cotton,Cotton-Leaf-Disease-Detection-Main
C:\Users\Prathach Raj P\.gemini\antigravity\scratch\krishi-marga\dataset_research\KRISHI_MARGA_DATASETS\01_Plantation_Beverage\Coffee\raw\DS_COFFEE_04\Coffee_Recognize-master\resources\icon.png,C:\Users\Prathach Raj P\.gemini\antigravity\scratch\krishi-marga\dataset_research\KRISHI_MARGA_DATASETS\01_Plantation_Beverage\Coffee\processed\images\Coffee_Recognize-Master\DS_COFFEE_04_Coffee_Recognize-Master_icon.png,KEPT,Valid image passing all automated filters,DS_COFFEE_04,Coffee,Coffee_Recognize-Master
C:\Users\Prathach Raj P\.gemini\antigravity\scratch\krishi-marga\dataset_research\KRISHI_MARGA_DATASETS\01_Plantation_Beverage\Coffee\raw\DS_COFFEE_04\Coffee_Recognize-master\resources\splash.png,C:\Users\Prathach Raj P\.gemini\antigravity\scratch\krishi-marga\dataset_research\KRISHI_MARGA_DATASETS\01_Plantation_Beverage\Coffee\processed\images\Coffee_Recognize-Master\DS_COFFEE_04_Coffee_Recognize-Master_splash.png,KEPT,Valid image passing all automated filters,DS_COFFEE_04,Coffee,Coffee_Recognize-Master
C:\Users\Prathach Raj P\.gemini\antigravity\scratch\krishi-marga\dataset_research\KRISHI_MARGA_DATASETS\01_Plantation_Beverage\Coffee\raw\DS_COFFEE_04\Coffee_Recognize-master\resources\android\icon\drawable-hdpi-icon.png,C:\Users\Prathach Raj P\.gemini\antigravity\scratch\krishi-marga\dataset_research\KRISHI_MARGA_DATASETS\01_Plantation_Beverage\Coffee\processed\images\Coffee_Recognize-Master\DS_COFFEE_04_Coffee_Recognize-Master_drawable-hdpi-icon.png,KEPT,Valid image passing all automated filters,DS_COFFEE_04,Coffee,Coffee_Recognize-Master
C:\Users\Prathach Raj P\.gemini\antigravity\scratch\krishi-marga\dataset_research\KRISHI_MARGA_DATASETS\01_Plantation_Beverage\Coffee\raw\DS_COFFEE_04\Coffee_Recognize-master\resources\android\icon\drawable-ldpi-icon.png,C:\Users\Prathach Raj P\.gemini\antigravity\scratch\krishi-marga\dataset_research\KRISHI_MARGA_DATASETS\01_Plantation_Beverage\Coffee\processed\images\Coffee_Recognize-Master\DS_COFFEE_04_Coffee_Recognize-Master_drawable-ldpi-icon.png,KEPT,Valid image passing all automated filters,DS_COFFEE_04,Coffee,Coffee_Recognize-Master
C:\Users\Prathach Raj P\.gemini\antigravity\scratch\krishi-marga\dataset_research\KRISHI_MARGA_DATASETS\01_Plantation_Beverage\Coffee\raw\DS_COFFEE_04\Coffee_Recognize-master\resources\android\icon\drawable-mdpi-icon.png,C:\Users\Prathach Raj P\.gemini\antigravity\scratch\krishi-marga\dataset_research\KRISHI_MARGA_DATASETS\01_Plantation_Beverage\Coffee\processed\images\Coffee_Recognize-Master\DS_COFFEE_04_Coffee_Recognize-Master_drawable-mdpi-icon.png,KEPT,Valid image passing all automated filters,DS_COFFEE_04,Coffee,Coffee_Recognize-Master
C:\Users\Prathach Raj P\.gemini\antigravity\scratch\krishi-marga\dataset_research\KRISHI_MARGA_DATASETS\01_Plantation_Beverage\Coffee\raw\DS_COFFEE_04\Coffee_Recognize-master\resources\android\icon\drawable-xhdpi-icon.png,C:\Users\Prathach Raj P\.gemini\antigravity\scratch\krishi-marga\dataset_research\KRISHI_MARGA_DATASETS\01_Plantation_Beverage\Coffee\processed\images\Coffee_Recognize-Master\DS_COFFEE_04_Coffee_Recognize-Master_drawable-xhdpi-icon.png,KEPT,Valid image passing all automated filters,DS_COFFEE_04,Coffee,Coffee_Recognize-Master
C:\Users\Prathach Raj P\.gemini\antigravity\scratch\krishi-marga\dataset_research\KRISHI_MARGA_DATASETS\01_Plantation_Beverage\Coffee\raw\DS_COFFEE_04\Coffee_Recognize-master\resources\android\icon\drawable-xxhdpi-icon.png,C:\Users\Prathach Raj P\.gemini\antigravity\scratch\krishi-marga\dataset_research\KRISHI_MARGA_DATASETS\01_Plantation_Beverage\Coffee\processed\images\Coffee_Recognize-Master\DS_COFFEE_04_Coffee_Recognize-Master_drawable-xxhdpi-icon.png,KEPT,Valid image passing all automated filters,DS_COFFEE_04,Coffee,Coffee_Recognize-Master
C:\Users\Prathach Raj P\.gemini\antigravity\scratch\krishi-marga\dataset_research\KRISHI_MARGA_DATASETS\01_Plantation_Beverage\Coffee\raw\DS_COFFEE_04\Coffee_Recognize-master\resources\android\icon\drawable-xxxhdpi-icon.png,C:\Users\Prathach Raj P\.gemini\antigravity\scratch\krishi-marga\dataset_research\KRISHI_MARGA_DATASETS\01_Plantation_Beverage\Coffee\processed\images\Coffee_Recognize-Master\DS_COFFEE_04_Coffee_Recognize-Master_drawable-xxxhdpi-icon.png,KEPT,Valid image passing all automated filters,DS_COFFEE_04,Coffee,Coffee_Recognize-Master
C:\Users\Prathach Raj P\.gemini\antigravity\scratch\krishi-marga\dataset_research\KRISHI_MARGA_DATASETS\01_Plantation_Beverage\Coffee\raw\DS_COFFEE_04\Coffee_Recognize-master\resources\android\splash\drawable-land-hdpi-screen.png,C:\Users\Prathach Raj P\.gemini\antigravity\scratch\krishi-marga\dataset_research\KRISHI_MARGA_DATASETS\01_Plantation_Beverage\Coffee\processed\images\Coffee_Recognize-Master\DS_COFFEE_04_Coffee_Recognize-Master_drawable-land-hdpi-screen.png,KEPT,Valid image passing all automated filters,DS_COFFEE_04,Coffee,Coffee_Recognize-Master
C:\Users\Prathach Raj P\.gemini\antigravity\scratch\krishi-marga\dataset_research\KRISHI_MARGA_DATASETS\01_Plantation_Beverage\Coffee\raw\DS_COFFEE_04\Coffee_Recognize-master\resources\android\splash\drawable-land-ldpi-screen.png,C:\Users\Prathach Raj P\.gemini\antigravity\scratch\krishi-marga\dataset_research\KRISHI_MARGA_DATASETS\01_Plantation_Beverage\Coffee\processed\images\Coffee_Recognize-Master\DS_COFFEE_04_Coffee_Recognize-Master_drawable-land-ldpi-screen.png,KEPT,Valid image passing all automated filters,DS_COFFEE_04,Coffee,Coffee_Recognize-Master
C:\Users\Prathach Raj P\.gemini\antigravity\scratch\krishi-marga\dataset_research\KRISHI_MARGA_DATASETS\01_Plantation_Beverage\Coffee\raw\DS_COFFEE_04\Coffee_Recognize-master\resources\android\splash\drawable-land-mdpi-screen.png,C:\Users\Prathach Raj P\.gemini\antigravity\scratch\krishi-marga\dataset_research\KRISHI_MARGA_DATASETS\01_Plantation_Beverage\Coffee\processed\images\Coffee_Recognize-Master\DS_COFFEE_04_Coffee_Recognize-Master_drawable-land-mdpi-screen.png,KEPT,Valid image passing all automated filters,DS_COFFEE_04,Coffee,Coffee_Recognize-Master
C:\Users\Prathach Raj P\.gemini\antigravity\scratch\krishi-marga\dataset_research\KRISHI_MARGA_DATASETS\01_Plantation_Beverage\Coffee\raw\DS_COFFEE_04\Coffee_Recognize-master\resources\android\splash\drawable-land-xhdpi-screen.png,C:\Users\Prathach Raj P\.gemini\antigravity\scratch\krishi-marga\dataset_research\KRISHI_MARGA_DATASETS\01_Plantation_Beverage\Coffee\processed\images\Coffee_Recognize-Master\DS_COFFEE_04_Coffee_Recognize-Master_drawable-land-xhdpi-screen.png,KEPT,Valid image passing all automated filters,DS_COFFEE_04,Coffee,Coffee_Recognize-Master
C:\Users\Prathach Raj P\.gemini\antigravity\scratch\krishi-marga\dataset_research\KRISHI_MARGA_DATASETS\01_Plantation_Beverage\Coffee\raw\DS_COFFEE_04\Coffee_Recognize-master\resources\android\splash\drawable-land-xxhdpi-screen.png,C:\Users\Prathach Raj P\.gemini\antigravity\scratch\krishi-marga\dataset_research\KRISHI_MARGA_DATASETS\01_Plantation_Beverage\Coffee\processed\images\Coffee_Recognize-Master\DS_COFFEE_04_Coffee_Recognize-Master_drawable-land-xxhdpi-screen.png,KEPT,Valid image passing all automated filters,DS_COFFEE_04,Coffee,Coffee_Recognize-Master
C:\Users\Prathach Raj P\.gemini\antigravity\scratch\krishi-marga\dataset_research\KRISHI_MARGA_DATASETS\01_Plantation_Beverage\Coffee\raw\DS_COFFEE_04\Coffee_Recognize-master\resources\android\splash\drawable-land-xxxhdpi-screen.png,C:\Users\Prathach Raj P\.gemini\antigravity\scratch\krishi-marga\dataset_research\KRISHI_MARGA_DATASETS\01_Plantation_Beverage\Coffee\processed\images\Coffee_Recognize-Master\DS_COFFEE_04_Coffee_Recognize-Master_drawable-land-xxxhdpi-screen.png,KEPT,Valid image passing all automated filters,DS_COFFEE_04,Coffee,Coffee_Recognize-Master
C:\Users\Prathach Raj P\.gemini\antigravity\scratch\krishi-marga\dataset_research\KRISHI_MARGA_DATASETS\01_Plantation_Beverage\Coffee\raw\DS_COFFEE_04\Coffee_Recognize-master\resources\android\splash\drawable-port-hdpi-screen.png,C:\Users\Prathach Raj P\.gemini\antigravity\scratch\krishi-marga\dataset_research\KRISHI_MARGA_DATASETS\01_Plantation_Beverage\Coffee\processed\images\Coffee_Recognize-Master\DS_COFFEE_04_Coffee_Recognize-Master_drawable-port-hdpi-screen.png,KEPT,Valid image passing all automated filters,DS_COFFEE_04,Coffee,Coffee_Recognize-Master
C:\Users\Prathach Raj P\.gemini\antigravity\scratch\krishi-marga\dataset_research\KRISHI_MARGA_DATASETS\01_Plantation_Beverage\Coffee\raw\DS_COFFEE_04\Coffee_Recognize-master\resources\android\splash\drawable-port-ldpi-screen.png,C:\Users\Prathach Raj P\.gemini\antigravity\scratch\krishi-marga\dataset_research\KRISHI_MARGA_DATASETS\01_Plantation_Beverage\Coffee\processed\images\Coffee_Recognize-Master\DS_COFFEE_04_Coffee_Recognize-Master_drawable-port-ldpi-screen.png,KEPT,Valid image passing all automated filters,DS_COFFEE_04,Coffee,Coffee_Recognize-Master
C:\Users\Prathach Raj P\.gemini\antigravity\scratch\krishi-marga\dataset_research\KRISHI_MARGA_DATASETS\01_Plantation_Beverage\Coffee\raw\DS_COFFEE_04\Coffee_Recognize-master\resources\android\splash\drawable-port-mdpi-screen.png,C:\Users\Prathach Raj P\.gemini\antigravity\scratch\krishi-marga\dataset_research\KRISHI_MARGA_DATASETS\01_Plantation_Beverage\Coffee\processed\images\Coffee_Recognize-Master\DS_COFFEE_04_Coffee_Recognize-Master_drawable-port-mdpi-screen.png,KEPT,Valid image passing all automated filters,DS_COFFEE_04,Coffee,Coffee_Recognize-Master
C:\Users\Prathach Raj P\.gemini\antigravity\scratch\krishi-marga\dataset_research\KRISHI_MARGA_DATASETS\01_Plantation_Beverage\Coffee\raw\DS_COFFEE_04\Coffee_Recognize-master\resources\android\splash\drawable-port-xhdpi-screen.png,C:\Users\Prathach Raj P\.gemini\antigravity\scratch\krishi-marga\dataset_research\KRISHI_MARGA_DATASETS\01_Plantation_Beverage\Coffee\processed\images\Coffee_Recognize-Master\DS_COFFEE_04_Coffee_Recognize-Master_drawable-port-xhdpi-screen.png,KEPT,Valid image passing all automated filters,DS_COFFEE_04,Coffee,Coffee_Recognize-Master
C:\Users\Prathach Raj P\.gemini\antigravity\scratch\krishi-marga\dataset_research\KRISHI_MARGA_DATASETS\01_Plantation_Beverage\Coffee\raw\DS_COFFEE_04\Coffee_Recognize-master\resources\android\splash\drawable-port-xxhdpi-screen.png,C:\Users\Prathach Raj P\.gemini\antigravity\scratch\krishi-marga\dataset_research\KRISHI_MARGA_DATASETS\01_Plantation_Beverage\Coffee\processed\images\Coffee_Recognize-Master\DS_COFFEE_04_Coffee_Recognize-Master_drawable-port-xxhdpi-screen.png,KEPT,Valid image passing all automated filters,DS_COFFEE_04,Coffee,Coffee_Recognize-Master
C:\Users\Prathach Raj P\.gemini\antigravity\scratch\krishi-marga\dataset_research\KRISHI_MARGA_DATASETS\01_Plantation_Beverage\Coffee\raw\DS_COFFEE_04\Coffee_Recognize-master\resources\android\splash\drawable-port-xxxhdpi-screen.png,C:\Users\Prathach Raj P\.gemini\antigravity\scratch\krishi-marga\dataset_research\KRISHI_MARGA_DATASETS\01_Plantation_Beverage\Coffee\processed\images\Coffee_Recognize-Master\DS_COFFEE_04_Coffee_Recognize-Master_drawable-port-xxxhdpi-screen.png,KEPT,Valid image passing all automated filters,DS_COFFEE_04,Coffee,Coffee_Recognize-Master
C:\Users\Prathach Raj P\.gemini\antigravity\scratch\krishi-marga\dataset_research\KRISHI_MARGA_DATASETS\01_Plantation_Beverage\Coffee\raw\DS_COFFEE_04\Coffee_Recognize-master\resources\ios\icon\icon-1024.png,C:\Users\Prathach Raj P\.gemini\antigravity\scratch\krishi-marga\dataset_research\KRISHI_MARGA_DATASETS\01_Plantation_Beverage\Coffee\processed\images\Coffee_Recognize-Master\DS_COFFEE_04_Coffee_Recognize-Master_icon-1024.png,KEPT,Valid image passing all automated filters,DS_COFFEE_04,Coffee,Coffee_Recognize-Master
C:\Users\Prathach Raj P\.gemini\antigravity\scratch\krishi-marga\dataset_research\KRISHI_MARGA_DATASETS\01_Plantation_Beverage\Coffee\raw\DS_COFFEE_04\Coffee_Recognize-master\resources\ios\icon\icon-20.png,C:\Users\Prathach Raj P\.gemini\antigravity\scratch\krishi-marga\dataset_research\KRISHI_MARGA_DATASETS\01_Plantation_Beverage\Coffee\processed\images\Coffee_Recognize-Master\DS_COFFEE_04_Coffee_Recognize-Master_icon-20.png,KEPT,Valid image passing all automated filters,DS_COFFEE_04,Coffee,Coffee_Recognize-Master
C:\Users\Prathach Raj P\.gemini\antigravity\scratch\krishi-marga\dataset_research\KRISHI_MARGA_DATASETS\01_Plantation_Beverage\Coffee\raw\DS_COFFEE_04\Coffee_Recognize-master\resources\ios\icon\icon-20@2x.png,C:\Users\Prathach Raj P\.gemini\antigravity\scratch\krishi-marga\dataset_research\KRISHI_MARGA_DATASETS\01_Plantation_Beverage\Coffee\processed\images\Coffee_Recognize-Master\DS_COFFEE_04_Coffee_Recognize-Master_icon-20@2x.png,KEPT,Valid image passing all automated filters,DS_COFFEE_04,Coffee,Coffee_Recognize-Master
C:\Users\Prathach Raj P\.gemini\antigravity\scratch\krishi-marga\dataset_research\KRISHI_MARGA_DATASETS\01_Plantation_Beverage\Coffee\raw\DS_COFFEE_04\Coffee_Recognize-master\resources\ios\icon\icon-20@3x.png,C:\Users\Prathach Raj P\.gemini\antigravity\scratch\krishi-marga\dataset_research\KRISHI_MARGA_DATASETS\01_Plantation_Beverage\Coffee\processed\images\Coffee_Recognize-Master\DS_COFFEE_04_Coffee_Recognize-Master_icon-20@3x.png,KEPT,Valid image passing all automated filters,DS_COFFEE_04,Coffee,Coffee_Recognize-Master
C:\Users\Prathach Raj P\.gemini\antigravity\scratch\krishi-marga\dataset_research\KRISHI_MARGA_DATASETS\01_Plantation_Beverage\Coffee\raw\DS_COFFEE_04\Coffee_Recognize-master\resources\ios\icon\icon-24@2x.png,NONE,EXCLUDED_EXACT_DUPLICATE,Binary identical to C:\Users\Prathach Raj P\.gemini\antigravity\scratch\krishi-marga\dataset_research\KRISHI_MARGA_DATASETS\01_Plantation_Beverage\Coffee\raw\DS_COFFEE_04\Coffee_Recognize-master\resources\android\icon\drawable-mdpi-icon.png,DS_COFFEE_04,Coffee,Coffee_Recognize-Master
C:\Users\Prathach Raj P\.gemini\antigravity\scratch\krishi-marga\dataset_research\KRISHI_MARGA_DATASETS\01_Plantation_Beverage\Coffee\raw\DS_COFFEE_04\Coffee_Recognize-master\resources\ios\icon\icon-27.5@2x.png,C:\Users\Prathach Raj P\.gemini\antigravity\scratch\krishi-marga\dataset_research\KRISHI_MARGA_DATASETS\01_Plantation_Beverage\Coffee\processed\images\Coffee_Recognize-Master\DS_COFFEE_04_Coffee_Recognize-Master_icon-27.5@2x.png,KEPT,Valid image passing all automated filters,DS_COFFEE_04,Coffee,Coffee_Recognize-Master
C:\Users\Prathach Raj P\.gemini\antigravity\scratch\krishi-marga\dataset_research\KRISHI_MARGA_DATASETS\01_Plantation_Beverage\Coffee\raw\DS_COFFEE_04\Coffee_Recognize-master\resources\ios\icon\icon-29.png,C:\Users\Prathach Raj P\.gemini\antigravity\scratch\krishi-marga\dataset_research\KRISHI_MARGA_DATASETS\01_Plantation_Beverage\Coffee\processed\images\Coffee_Recognize-Master\DS_COFFEE_04_Coffee_Recognize-Master_icon-29.png,KEPT,Valid image passing all automated filters,DS_COFFEE_04,Coffee,Coffee_Recognize-Master
C:\Users\Prathach Raj P\.gemini\antigravity\scratch\krishi-marga\dataset_research\KRISHI_MARGA_DATASETS\01_Plantation_Beverage\Coffee\raw\DS_COFFEE_04\Coffee_Recognize-master\resources\ios\icon\icon-29@2x.png,C:\Users\Prathach Raj P\.gemini\antigravity\scratch\krishi-marga\dataset_research\KRISHI_MARGA_DATASETS\01_Plantation_Beverage\Coffee\processed\images\Coffee_Recognize-Master\DS_COFFEE_04_Coffee_Recognize-Master_icon-29@2x.png,KEPT,Valid image passing all automated filters,DS_COFFEE_04,Coffee,Coffee_Recognize-Master
C:\Users\Prathach Raj P\.gemini\antigravity\scratch\krishi-marga\dataset_research\KRISHI_MARGA_DATASETS\01_Plantation_Beverage\Coffee\raw\DS_COFFEE_04\Coffee_Recognize-master\resources\ios\icon\icon-29@3x.png,C:\Users\Prathach Raj P\.gemini\antigravity\scratch\krishi-marga\dataset_research\KRISHI_MARGA_DATASETS\01_Plantation_Beverage\Coffee\processed\images\Coffee_Recognize-Master\DS_COFFEE_04_Coffee_Recognize-Master_icon-29@3x.png,KEPT,Valid image passing all automated filters,DS_COFFEE_04,Coffee,Coffee_Recognize-Master
C:\Users\Prathach Raj P\.gemini\antigravity\scratch\krishi-marga\dataset_research\KRISHI_MARGA_DATASETS\01_Plantation_Beverage\Coffee\raw\DS_COFFEE_04\Coffee_Recognize-master\resources\ios\icon\icon-40.png,NONE,EXCLUDED_EXACT_DUPLICATE,Binary identical to C:\Users\Prathach Raj P\.gemini\antigravity\scratch\krishi-marga\dataset_research\KRISHI_MARGA_DATASETS\01_Plantation_Beverage\Coffee\raw\DS_COFFEE_04\Coffee_Recognize-master\resources\ios\icon\icon-20@2x.png,DS_COFFEE_04,Coffee,Coffee_Recognize-Master
C:\Users\Prathach Raj P\.gemini\antigravity\scratch\krishi-marga\dataset_research\KRISHI_MARGA_DATASETS\01_Plantation_Beverage\Coffee\raw\DS_COFFEE_04\Coffee_Recognize-master\resources\ios\icon\icon-40@2x.png,C:\Users\Prathach Raj P\.gemini\antigravity\scratch\krishi-marga\dataset_research\KRISHI_MARGA_DATASETS\01_Plantation_Beverage\Coffee\processed\images\Coffee_Recognize-Master\DS_COFFEE_04_Coffee_Recognize-Master_icon-40@2x.png,KEPT,Valid image passing all automated filters,DS_COFFEE_04,Coffee,Coffee_Recognize-Master
C:\Users\Prathach Raj P\.gemini\antigravity\scratch\krishi-marga\dataset_research\KRISHI_MARGA_DATASETS\01_Plantation_Beverage\Coffee\raw\DS_COFFEE_04\Coffee_Recognize-master\resources\ios\icon\icon-40@3x.png,C:\Users\Prathach Raj P\.gemini\antigravity\scratch\krishi-marga\dataset_research\KRISHI_MARGA_DATASETS\01_Plantation_Beverage\Coffee\processed\images\Coffee_Recognize-Master\DS_COFFEE_04_Coffee_Recognize-Master_icon-40@3x.png,KEPT,Valid image passing all automated filters,DS_COFFEE_04,Coffee,Coffee_Recognize-Master
C:\Users\Prathach Raj P\.gemini\antigravity\scratch\krishi-marga\dataset_research\KRISHI_MARGA_DATASETS\01_Plantation_Beverage\Coffee\raw\DS_COFFEE_04\Coffee_Recognize-master\resources\ios\icon\icon-44@2x.png,C:\Users\Prathach Raj P\.gemini\antigravity\scratch\krishi-marga\dataset_research\KRISHI_MARGA_DATASETS\01_Plantation_Beverage\Coffee\processed\images\Coffee_Recognize-Master\DS_COFFEE_04_Coffee_Recognize-Master_icon-44@2x.png,KEPT,Valid image passing all automated filters,DS_COFFEE_04,Coffee,Coffee_Recognize-Master
C:\Users\Prathach Raj P\.gemini\antigravity\scratch\krishi-marga\dataset_research\KRISHI_MARGA_DATASETS\01_Plantation_Beverage\Coffee\raw\DS_COFFEE_04\Coffee_Recognize-master\resources\ios\icon\icon-50.png,C:\Users\Prathach Raj P\.gemini\antigravity\scratch\krishi-marga\dataset_research\KRISHI_MARGA_DATASETS\01_Plantation_Beverage\Coffee\processed\images\Coffee_Recognize-Master\DS_COFFEE_04_Coffee_Recognize-Master_icon-50.png,KEPT,Valid image passing all automated filters,DS_COFFEE_04,Coffee,Coffee_Recognize-Master
C:\Users\Prathach Raj P\.gemini\antigravity\scratch\krishi-marga\dataset_research\KRISHI_MARGA_DATASETS\01_Plantation_Beverage\Coffee\raw\DS_COFFEE_04\Coffee_Recognize-master\resources\ios\icon\icon-50@2x.png,C:\Users\Prathach Raj P\.gemini\antigravity\scratch\krishi-marga\dataset_research\KRISHI_MARGA_DATASETS\01_Plantation_Beverage\Coffee\processed\images\Coffee_Recognize-Master\DS_COFFEE_04_Coffee_Recognize-Master_icon-50@2x.png,KEPT,Valid image passing all automated filters,DS_COFFEE_04,Coffee,Coffee_Recognize-Master
C:\Users\Prathach Raj P\.gemini\antigravity\scratch\krishi-marga\dataset_research\KRISHI_MARGA_DATASETS\01_Plantation_Beverage\Coffee\raw\DS_COFFEE_04\Coffee_Recognize-master\resources\ios\icon\icon-60.png,NONE,EXCLUDED_EXACT_DUPLICATE,Binary identical to C:\Users\Prathach Raj P\.gemini\antigravity\scratch\krishi-marga\dataset_research\KRISHI_MARGA_DATASETS\01_Plantation_Beverage\Coffee\raw\DS_COFFEE_04\Coffee_Recognize-master\resources\ios\icon\icon-20@3x.png,DS_COFFEE_04,Coffee,Coffee_Recognize-Master
C:\Users\Prathach Raj P\.gemini\antigravity\scratch\krishi-marga\dataset_research\KRISHI_MARGA_DATASETS\01_Plantation_Beverage\Coffee\raw\DS_COFFEE_04\Coffee_Recognize-master\resources\ios\icon\icon-60@2x.png,NONE,EXCLUDED_EXACT_DUPLICATE,Binary identical to C:\Users\Prathach Raj P\.gemini\antigravity\scratch\krishi-marga\dataset_research\KRISHI_MARGA_DATASETS\01_Plantation_Beverage\Coffee\raw\DS_COFFEE_04\Coffee_Recognize-master\resources\ios\icon\icon-40@3x.png,DS_COFFEE_04,Coffee,Coffee_Recognize-Master
C:\Users\Prathach Raj P\.gemini\antigravity\scratch\krishi-marga\dataset_research\KRISHI_MARGA_DATASETS\01_Plantation_Beverage\Coffee\raw\DS_COFFEE_04\Coffee_Recognize-master\resources\ios\icon\icon-60@3x.png,C:\Users\Prathach Raj P\.gemini\antigravity\scratch\krishi-marga\dataset_research\KRISHI_MARGA_DATASETS\01_Plantation_Beverage\Coffee\processed\images\Coffee_Recognize-Master\DS_COFFEE_04_Coffee_Recognize-Master_icon-60@3x.png,KEPT,Valid image passing all automated filters,DS_COFFEE_04,Coffee,Coffee_Recognize-Master
C:\Users\Prathach Raj P\.gemini\antigravity\scratch\krishi-marga\dataset_research\KRISHI_MARGA_DATASETS\01_Plantation_Beverage\Coffee\raw\DS_COFFEE_04\Coffee_Recognize-master\resources\ios\icon\icon-72.png,NONE,EXCLUDED_EXACT_DUPLICATE,Binary identical to C:\Users\Prathach Raj P\.gemini\antigravity\scratch\krishi-marga\dataset_research\KRISHI_MARGA_DATASETS\01_Plantation_Beverage\Coffee\raw\DS_COFFEE_04\Coffee_Recognize-master\resources\android\icon\drawable-hdpi-icon.png,DS_COFFEE_04,Coffee,Coffee_Recognize-Master
C:\Users\Prathach Raj P\.gemini\antigravity\scratch\krishi-marga\dataset_research\KRISHI_MARGA_DATASETS\01_Plantation_Beverage\Coffee\raw\DS_COFFEE_04\Coffee_Recognize-master\resources\ios\icon\icon-72@2x.png,NONE,EXCLUDED_EXACT_DUPLICATE,Binary identical to C:\Users\Prathach Raj P\.gemini\antigravity\scratch\krishi-marga\dataset_research\KRISHI_MARGA_DATASETS\01_Plantation_Beverage\Coffee\raw\DS_COFFEE_04\Coffee_Recognize-master\resources\android\icon\drawable-xxhdpi-icon.png,DS_COFFEE_04,Coffee,Coffee_Recognize-Master
C:\Users\Prathach Raj P\.gemini\antigravity\scratch\krishi-marga\dataset_research\KRISHI_MARGA_DATASETS\01_Plantation_Beverage\Coffee\raw\DS_COFFEE_04\Coffee_Recognize-master\resources\ios\icon\icon-76.png,C:\Users\Prathach Raj P\.gemini\antigravity\scratch\krishi-marga\dataset_research\KRISHI_MARGA_DATASETS\01_Plantation_Beverage\Coffee\processed\images\Coffee_Recognize-Master\DS_COFFEE_04_Coffee_Recognize-Master_icon-76.png,KEPT,Valid image passing all automated filters,DS_COFFEE_04,Coffee,Coffee_Recognize-Master
C:\Users\Prathach Raj P\.gemini\antigravity\scratch\krishi-marga\dataset_research\KRISHI_MARGA_DATASETS\01_Plantation_Beverage\Coffee\raw\DS_COFFEE_04\Coffee_Recognize-master\resources\ios\icon\icon-76@2x.png,C:\Users\Prathach Raj P\.gemini\antigravity\scratch\krishi-marga\dataset_research\KRISHI_MARGA_DATASETS\01_Plantation_Beverage\Coffee\processed\images\Coffee_Recognize-Master\DS_COFFEE_04_Coffee_Recognize-Master_icon-76@2x.png,KEPT,Valid image passing all automated filters,DS_COFFEE_04,Coffee,Coffee_Recognize-Master
C:\Users\Prathach Raj P\.gemini\antigravity\scratch\krishi-marga\dataset_research\KRISHI_MARGA_DATASETS\01_Plantation_Beverage\Coffee\raw\DS_COFFEE_04\Coffee_Recognize-master\resources\ios\icon\icon-83.5@2x.png,C:\Users\Prathach Raj P\.gemini\antigravity\scratch\krishi-marga\dataset_research\KRISHI_MARGA_DATASETS\01_Plantation_Beverage\Coffee\processed\images\Coffee_Recognize-Master\DS_COFFEE_04_Coffee_Recognize-Master_icon-83.5@2x.png,KEPT,Valid image passing all automated filters,DS_COFFEE_04,Coffee,Coffee_Recognize-Master
C:\Users\Prathach Raj P\.gemini\antigravity\scratch\krishi-marga\dataset_research\KRISHI_MARGA_DATASETS\01_Plantation_Beverage\Coffee\raw\DS_COFFEE_04\Coffee_Recognize-master\resources\ios\icon\icon-86@2x.png,C:\Users\Prathach Raj P\.gemini\antigravity\scratch\krishi-marga\dataset_research\KRISHI_MARGA_DATASETS\01_Plantation_Beverage\Coffee\processed\images\Coffee_Recognize-Master\DS_COFFEE_04_Coffee_Recognize-Master_icon-86@2x.png,KEPT,Valid image passing all automated filters,DS_COFFEE_04,Coffee,Coffee_Recognize-Master
C:\Users\Prathach Raj P\.gemini\antigravity\scratch\krishi-marga\dataset_research\KRISHI_MARGA_DATASETS\01_Plantation_Beverage\Coffee\raw\DS_COFFEE_04\Coffee_Recognize-master\resources\ios\icon\icon-98@2x.png,C:\Users\Prathach Raj P\.gemini\antigravity\scratch\krishi-marga\dataset_research\KRISHI_MARGA_DATASETS\01_Plantation_Beverage\Coffee\processed\images\Coffee_Recognize-Master\DS_COFFEE_04_Coffee_Recognize-Master_icon-98@2x.png,KEPT,Valid image passing all automated filters,DS_COFFEE_04,Coffee,Coffee_Recognize-Master
C:\Users\Prathach Raj P\.gemini\antigravity\scratch\krishi-marga\dataset_research\KRISHI_MARGA_DATASETS\01_Plantation_Beverage\Coffee\raw\DS_COFFEE_04\Coffee_Recognize-master\resources\ios\icon\icon-small.png,NONE,EXCLUDED_EXACT_DUPLICATE,Binary identical to C:\Users\Prathach Raj P\.gemini\antigravity\scratch\krishi-marga\dataset_research\KRISHI_MARGA_DATASETS\01_Plantation_Beverage\Coffee\raw\DS_COFFEE_04\Coffee_Recognize-master\resources\ios\icon\icon-29.png,DS_COFFEE_04,Coffee,Coffee_Recognize-Master
C:\Users\Prathach Raj P\.gemini\antigravity\scratch\krishi-marga\dataset_research\KRISHI_MARGA_DATASETS\01_Plantation_Beverage\Coffee\raw\DS_COFFEE_04\Coffee_Recognize-master\resources\ios\icon\icon-small@2x.png,NONE,EXCLUDED_EXACT_DUPLICATE,Binary identical to C:\Users\Prathach Raj P\.gemini\antigravity\scratch\krishi-marga\dataset_research\KRISHI_MARGA_DATASETS\01_Plantation_Beverage\Coffee\raw\DS_COFFEE_04\Coffee_Recognize-master\resources\ios\icon\icon-29@2x.png,DS_COFFEE_04,Coffee,Coffee_Recognize-Master
C:\Users\Prathach Raj P\.gemini\antigravity\scratch\krishi-marga\dataset_research\KRISHI_MARGA_DATASETS\01_Plantation_Beverage\Coffee\raw\DS_COFFEE_04\Coffee_Recognize-master\resources\ios\icon\icon-small@3x.png,NONE,EXCLUDED_EXACT_DUPLICATE,Binary identical to C:\Users\Prathach Raj P\.gemini\antigravity\scratch\krishi-marga\dataset_research\KRISHI_MARGA_DATASETS\01_Plantation_Beverage\Coffee\raw\DS_COFFEE_04\Coffee_Recognize-master\resources\ios\icon\icon-29@3x.png,DS_COFFEE_04,Coffee,Coffee_Recognize-Master
C:\Users\Prathach Raj P\.gemini\antigravity\scratch\krishi-marga\dataset_research\KRISHI_MARGA_DATASETS\01_Plantation_Beverage\Coffee\raw\DS_COFFEE_04\Coffee_Recognize-master\resources\ios\icon\icon.png,C:\Users\Prathach Raj P\.gemini\antigravity\scratch\krishi-marga\dataset_research\KRISHI_MARGA_DATASETS\01_Plantation_Beverage\Coffee\processed\images\Coffee_Recognize-Master\DS_COFFEE_04_Coffee_Recognize-Master_icon.png,KEPT,Valid image passing all automated filters,DS_COFFEE_04,Coffee,Coffee_Recognize-Master
C:\Users\Prathach Raj P\.gemini\antigravity\scratch\krishi-marga\dataset_research\KRISHI_MARGA_DATASETS\01_Plantation_Beverage\Coffee\raw\DS_COFFEE_04\Coffee_Recognize-master\resources\ios\icon\icon@2x.png,C:\Users\Prathach Raj P\.gemini\antigravity\scratch\krishi-marga\dataset_research\KRISHI_MARGA_DATASETS\01_Plantation_Beverage\Coffee\processed\images\Coffee_Recognize-Master\DS_COFFEE_04_Coffee_Recognize-Master_icon@2x.png,KEPT,Valid image passing all automated filters,DS_COFFEE_04,Coffee,Coffee_Recognize-Master
C:\Users\Prathach Raj P\.gemini\antigravity\scratch\krishi-marga\dataset_research\KRISHI_MARGA_DATASETS\01_Plantation_Beverage\Coffee\raw\DS_COFFEE_04\Coffee_Recognize-master\resources\ios\splash\Default-2436h.png,C:\Users\Prathach Raj P\.gemini\antigravity\scratch\krishi-marga\dataset_research\KRISHI_MARGA_DATASETS\01_Plantation_Beverage\Coffee\processed\images\Coffee_Recognize-Master\DS_COFFEE_04_Coffee_Recognize-Master_Default-2436h.png,KEPT,Valid image passing all automated filters,DS_COFFEE_04,Coffee,Coffee_Recognize-Master
C:\Users\Prathach Raj P\.gemini\antigravity\scratch\krishi-marga\dataset_research\KRISHI_MARGA_DATASETS\01_Plantation_Beverage\Coffee\raw\DS_COFFEE_04\Coffee_Recognize-master\resources\ios\splash\Default-568h@2x~iphone.png,C:\Users\Prathach Raj P\.gemini\antigravity\scratch\krishi-marga\dataset_research\KRISHI_MARGA_DATASETS\01_Plantation_Beverage\Coffee\processed\images\Coffee_Recognize-Master\DS_COFFEE_04_Coffee_Recognize-Master_Default-568h@2x~iphone.png,KEPT,Valid image passing all automated filters,DS_COFFEE_04,Coffee,Coffee_Recognize-Master
C:\Users\Prathach Raj P\.gemini\antigravity\scratch\krishi-marga\dataset_research\KRISHI_MARGA_DATASETS\01_Plantation_Beverage\Coffee\raw\DS_COFFEE_04\Coffee_Recognize-master\resources\ios\splash\Default-667h.png,C:\Users\Prathach Raj P\.gemini\antigravity\scratch\krishi-marga\dataset_research\KRISHI_MARGA_DATASETS\01_Plantation_Beverage\Coffee\processed\images\Coffee_Recognize-Master\DS_COFFEE_04_Coffee_Recognize-Master_Default-667h.png,KEPT,Valid image passing all automated filters,DS_COFFEE_04,Coffee,Coffee_Recognize-Master
C:\Users\Prathach Raj P\.gemini\antigravity\scratch\krishi-marga\dataset_research\KRISHI_MARGA_DATASETS\01_Plantation_Beverage\Coffee\raw\DS_COFFEE_04\Coffee_Recognize-master\resources\ios\splash\Default-736h.png,C:\Users\Prathach Raj P\.gemini\antigravity\scratch\krishi-marga\dataset_research\KRISHI_MARGA_DATASETS\01_Plantation_Beverage\Coffee\processed\images\Coffee_Recognize-Master\DS_COFFEE_04_Coffee_Recognize-Master_Default-736h.png,KEPT,Valid image passing all automated filters,DS_COFFEE_04,Coffee,Coffee_Recognize-Master
C:\Users\Prathach Raj P\.gemini\antigravity\scratch\krishi-marga\dataset_research\KRISHI_MARGA_DATASETS\01_Plantation_Beverage\Coffee\raw\DS_COFFEE_04\Coffee_Recognize-master\resources\ios\splash\Default-Landscape-2436h.png,C:\Users\Prathach Raj P\.gemini\antigravity\scratch\krishi-marga\dataset_research\KRISHI_MARGA_DATASETS\01_Plantation_Beverage\Coffee\processed\images\Coffee_Recognize-Master\DS_COFFEE_04_Coffee_Recognize-Master_Default-Landscape-2436h.png,KEPT,Valid image passing all automated filters,DS_COFFEE_04,Coffee,Coffee_Recognize-Master
C:\Users\Prathach Raj P\.gemini\antigravity\scratch\krishi-marga\dataset_research\KRISHI_MARGA_DATASETS\01_Plantation_Beverage\Coffee\raw\DS_COFFEE_04\Coffee_Recognize-master\resources\ios\splash\Default-Landscape-736h.png,C:\Users\Prathach Raj P\.gemini\antigravity\scratch\krishi-marga\dataset_research\KRISHI_MARGA_DATASETS\01_Plantation_Beverage\Coffee\processed\images\Coffee_Recognize-Master\DS_COFFEE_04_Coffee_Recognize-Master_Default-Landscape-736h.png,KEPT,Valid image passing all automated filters,DS_COFFEE_04,Coffee,Coffee_Recognize-Master
C:\Users\Prathach Raj P\.gemini\antigravity\scratch\krishi-marga\dataset_research\KRISHI_MARGA_DATASETS\01_Plantation_Beverage\Coffee\raw\DS_COFFEE_04\Coffee_Recognize-master\resources\ios\splash\Default-Landscape@2x~ipad.png,C:\Users\Prathach Raj P\.gemini\antigravity\scratch\krishi-marga\dataset_research\KRISHI_MARGA_DATASETS\01_Plantation_Beverage\Coffee\processed\images\Coffee_Recognize-Master\DS_COFFEE_04_Coffee_Recognize-Master_Default-Landscape@2x~ipad.png,KEPT,Valid image passing all automated filters,DS_COFFEE_04,Coffee,Coffee_Recognize-Master
C:\Users\Prathach Raj P\.gemini\antigravity\scratch\krishi-marga\dataset_research\KRISHI_MARGA_DATASETS\01_Plantation_Beverage\Coffee\raw\DS_COFFEE_04\Coffee_Recognize-master\resources\ios\splash\Default-Landscape@~ipadpro.png,C:\Users\Prathach Raj P\.gemini\antigravity\scratch\krishi-marga\dataset_research\KRISHI_MARGA_DATASETS\01_Plantation_Beverage\Coffee\processed\images\Coffee_Recognize-Master\DS_COFFEE_04_Coffee_Recognize-Master_Default-Landscape@~ipadpro.png,KEPT,Valid image passing all automated filters,DS_COFFEE_04,Coffee,Coffee_Recognize-Master
C:\Users\Prathach Raj P\.gemini\antigravity\scratch\krishi-marga\dataset_research\KRISHI_MARGA_DATASETS\01_Plantation_Beverage\Coffee\raw\DS_COFFEE_04\Coffee_Recognize-master\resources\ios\splash\Default-Landscape~ipad.png,C:\Users\Prathach Raj P\.gemini\antigravity\scratch\krishi-marga\dataset_research\KRISHI_MARGA_DATASETS\01_Plantation_Beverage\Coffee\processed\images\Coffee_Recognize-Master\DS_COFFEE_04_Coffee_Recognize-Master_Default-Landscape~ipad.png,KEPT,Valid image passing all automated filters,DS_COFFEE_04,Coffee,Coffee_Recognize-Master
C:\Users\Prathach Raj P\.gemini\antigravity\scratch\krishi-marga\dataset_research\KRISHI_MARGA_DATASETS\01_Plantation_Beverage\Coffee\raw\DS_COFFEE_04\Coffee_Recognize-master\resources\ios\splash\Default-Portrait@2x~ipad.png,C:\Users\Prathach Raj P\.gemini\antigravity\scratch\krishi-marga\dataset_research\KRISHI_MARGA_DATASETS\01_Plantation_Beverage\Coffee\processed\images\Coffee_Recognize-Master\DS_COFFEE_04_Coffee_Recognize-Master_Default-Portrait@2x~ipad.png,KEPT,Valid image passing all automated filters,DS_COFFEE_04,Coffee,Coffee_Recognize-Master
C:\Users\Prathach Raj P\.gemini\antigravity\scratch\krishi-marga\dataset_research\KRISHI_MARGA_DATASETS\01_Plantation_Beverage\Coffee\raw\DS_COFFEE_04\Coffee_Recognize-master\resources\ios\splash\Default-Portrait@~ipadpro.png,C:\Users\Prathach Raj P\.gemini\antigravity\scratch\krishi-marga\dataset_research\KRISHI_MARGA_DATASETS\01_Plantation_Beverage\Coffee\processed\images\Coffee_Recognize-Master\DS_COFFEE_04_Coffee_Recognize-Master_Default-Portrait@~ipadpro.png,KEPT,Valid image passing all automated filters,DS_COFFEE_04,Coffee,Coffee_Recognize-Master
C:\Users\Prathach Raj P\.gemini\antigravity\scratch\krishi-marga\dataset_research\KRISHI_MARGA_DATASETS\01_Plantation_Beverage\Coffee\raw\DS_COFFEE_04\Coffee_Recognize-master\resources\ios\splash\Default-Portrait~ipad.png,C:\Users\Prathach Raj P\.gemini\antigravity\scratch\krishi-marga\dataset_research\KRISHI_MARGA_DATASETS\01_Plantation_Beverage\Coffee\processed\images\Coffee_Recognize-Master\DS_COFFEE_04_Coffee_Recognize-Master_Default-Portrait~ipad.png,KEPT,Valid image passing all automated filters,DS_COFFEE_04,Coffee,Coffee_Recognize-Master
C:\Users\Prathach Raj P\.gemini\antigravity\scratch\krishi-marga\dataset_research\KRISHI_MARGA_DATASETS\01_Plantation_Beverage\Coffee\raw\DS_COFFEE_04\Coffee_Recognize-master\resources\ios\splash\Default@2x~iphone.png,C:\Users\Prathach Raj P\.gemini\antigravity\scratch\krishi-marga\dataset_research\KRISHI_MARGA_DATASETS\01_Plantation_Beverage\Coffee\processed\images\Coffee_Recognize-Master\DS_COFFEE_04_Coffee_Recognize-Master_Default@2x~iphone.png,KEPT,Valid image passing all automated filters,DS_COFFEE_04,Coffee,Coffee_Recognize-Master
C:\Users\Prathach Raj P\.gemini\antigravity\scratch\krishi-marga\dataset_research\KRISHI_MARGA_DATASETS\01_Plantation_Beverage\Coffee\raw\DS_COFFEE_04\Coffee_Recognize-master\resources\ios\splash\Default@2x~universal~anyany.png,C:\Users\Prathach Raj P\.gemini\antigravity\scratch\krishi-marga\dataset_research\KRISHI_MARGA_DATASETS\01_Plantation_Beverage\Coffee\processed\images\Coffee_Recognize-Master\DS_COFFEE_04_Coffee_Recognize-Master_Default@2x~universal~anyany.png,KEPT,Valid image passing all automated filters,DS_COFFEE_04,Coffee,Coffee_Recognize-Master
C:\Users\Prathach Raj P\.gemini\antigravity\scratch\krishi-marga\dataset_research\KRISHI_MARGA_DATASETS\01_Plantation_Beverage\Coffee\raw\DS_COFFEE_04\Coffee_Recognize-master\resources\ios\splash\Default~iphone.png,NONE,EXCLUDED_EXACT_DUPLICATE,Binary identical to C:\Users\Prathach Raj P\.gemini\antigravity\scratch\krishi-marga\dataset_research\KRISHI_MARGA_DATASETS\01_Plantation_Beverage\Coffee\raw\DS_COFFEE_04\Coffee_Recognize-master\resources\android\splash\drawable-port-mdpi-screen.png,DS_COFFEE_04,Coffee,Coffee_Recognize-Master
C:\Users\Prathach Raj P\.gemini\antigravity\scratch\krishi-marga\dataset_research\KRISHI_MARGA_DATASETS\01_Plantation_Beverage\Coffee\raw\DS_COFFEE_04\Coffee_Recognize-master\src\assets\icon\favicon.png,C:\Users\Prathach Raj P\.gemini\antigravity\scratch\krishi-marga\dataset_research\KRISHI_MARGA_DATASETS\01_Plantation_Beverage\Coffee\processed\images\Coffee_Recognize-Master\DS_COFFEE_04_Coffee_Recognize-Master_favicon.png,KEPT,Valid image passing all automated filters,DS_COFFEE_04,Coffee,Coffee_Recognize-Master
C:\Users\Prathach Raj P\.gemini\antigravity\scratch\krishi-marga\dataset_research\KRISHI_MARGA_DATASETS\01_Plantation_Beverage\Coffee\raw\DS_COFFEE_04\Coffee_Recognize-master\src\assets\imagens\alvaro.png,C:\Users\Prathach Raj P\.gemini\antigravity\scratch\krishi-marga\dataset_research\KRISHI_MARGA_DATASETS\01_Plantation_Beverage\Coffee\processed\images\Coffee_Recognize-Master\DS_COFFEE_04_Coffee_Recognize-Master_alvaro.png,KEPT,Valid image passing all automated filters,DS_COFFEE_04,Coffee,Coffee_Recognize-Master
C:\Users\Prathach Raj P\.gemini\antigravity\scratch\krishi-marga\dataset_research\KRISHI_MARGA_DATASETS\01_Plantation_Beverage\Coffee\raw\DS_COFFEE_04\Coffee_Recognize-master\src\assets\imagens\brito.jpg,C:\Users\Prathach Raj P\.gemini\antigravity\scratch\krishi-marga\dataset_research\KRISHI_MARGA_DATASETS\01_Plantation_Beverage\Coffee\processed\images\Coffee_Recognize-Master\DS_COFFEE_04_Coffee_Recognize-Master_brito.jpg,KEPT,Valid image passing all automated filters,DS_COFFEE_04,Coffee,Coffee_Recognize-Master
C:\Users\Prathach Raj P\.gemini\antigravity\scratch\krishi-marga\dataset_research\KRISHI_MARGA_DATASETS\01_Plantation_Beverage\Coffee\raw\DS_COFFEE_04\Coffee_Recognize-master\src\assets\imagens\contorno_cafe.png,C:\Users\Prathach Raj P\.gemini\antigravity\scratch\krishi-marga\dataset_research\KRISHI_MARGA_DATASETS\01_Plantation_Beverage\Coffee\processed\images\Coffee_Recognize-Master\DS_COFFEE_04_Coffee_Recognize-Master_contorno_cafe.png,KEPT,Valid image passing all automated filters,DS_COFFEE_04,Coffee,Coffee_Recognize-Master
C:\Users\Prathach Raj P\.gemini\antigravity\scratch\krishi-marga\dataset_research\KRISHI_MARGA_DATASETS\01_Plantation_Beverage\Coffee\raw\DS_COFFEE_04\Coffee_Recognize-master\src\assets\imagens\leaf-recognition-share.jpg,C:\Users\Prathach Raj P\.gemini\antigravity\scratch\krishi-marga\dataset_research\KRISHI_MARGA_DATASETS\01_Plantation_Beverage\Coffee\processed\images\Coffee_Recognize-Master\DS_COFFEE_04_Coffee_Recognize-Master_leaf-recognition-share.jpg,KEPT,Valid image passing all automated filters,DS_COFFEE_04,Coffee,Coffee_Recognize-Master
C:\Users\Prathach Raj P\.gemini\antigravity\scratch\krishi-marga\dataset_research\KRISHI_MARGA_DATASETS\01_Plantation_Beverage\Coffee\raw\DS_COFFEE_04\Coffee_Recognize-master\src\assets\imagens\leaf-recognition.png,C:\Users\Prathach Raj P\.gemini\antigravity\scratch\krishi-marga\dataset_research\KRISHI_MARGA_DATASETS\01_Plantation_Beverage\Coffee\processed\images\Coffee_Recognize-Master\DS_COFFEE_04_Coffee_Recognize-Master_leaf-recognition.png,KEPT,Valid image passing all automated filters,DS_COFFEE_04,Coffee,Coffee_Recognize-Master
C:\Users\Prathach Raj P\.gemini\antigravity\scratch\krishi-marga\dataset_research\KRISHI_MARGA_DATASETS\01_Plantation_Beverage\Coffee\raw\DS_COFFEE_04\Coffee_Recognize-master\src\assets\imagens\operation.png,C:\Users\Prathach Raj P\.gemini\antigravity\scratch\krishi-marga\dataset_research\KRISHI_MARGA_DATASETS\01_Plantation_Beverage\Coffee\processed\images\Coffee_Recognize-Master\DS_COFFEE_04_Coffee_Recognize-Master_operation.png,KEPT,Valid image passing all automated filters,DS_COFFEE_04,Coffee,Coffee_Recognize-Master
C:\Users\Prathach Raj P\.gemini\antigravity\scratch\krishi-marga\dataset_research\KRISHI_MARGA_DATASETS\01_Plantation_Beverage\Tea\raw\DS_TEA_03\Tea-Leaf-Disease-Detection-main\documentation\assets\images\compare_page.png,C:\Users\Prathach Raj P\.gemini\antigravity\scratch\krishi-marga\dataset_research\KRISHI_MARGA_DATASETS\01_Plantation_Beverage\Tea\processed\images\Tea-Leaf-Disease-Detection-Main\DS_TEA_03_Tea-Leaf-Disease-Detection-Main_compare_page.png,KEPT,Valid image passing all automated filters,DS_TEA_03,Tea,Tea-Leaf-Disease-Detection-Main
C:\Users\Prathach Raj P\.gemini\antigravity\scratch\krishi-marga\dataset_research\KRISHI_MARGA_DATASETS\01_Plantation_Beverage\Tea\raw\DS_TEA_03\Tea-Leaf-Disease-Detection-main\documentation\assets\images\home_page.png,C:\Users\Prathach Raj P\.gemini\antigravity\scratch\krishi-marga\dataset_research\KRISHI_MARGA_DATASETS\01_Plantation_Beverage\Tea\processed\images\Tea-Leaf-Disease-Detection-Main\DS_TEA_03_Tea-Leaf-Disease-Detection-Main_home_page.png,KEPT,Valid image passing all automated filters,DS_TEA_03,Tea,Tea-Leaf-Disease-Detection-Main
C:\Users\Prathach Raj P\.gemini\antigravity\scratch\krishi-marga\dataset_research\KRISHI_MARGA_DATASETS\01_Plantation_Beverage\Tea\raw\DS_TEA_03\Tea-Leaf-Disease-Detection-main\documentation\assets\images\predict_page.png,C:\Users\Prathach Raj P\.gemini\antigravity\scratch\krishi-marga\dataset_research\KRISHI_MARGA_DATASETS\01_Plantation_Beverage\Tea\processed\images\Tea-Leaf-Disease-Detection-Main\DS_TEA_03_Tea-Leaf-Disease-Detection-Main_predict_page.png,KEPT,Valid image passing all automated filters,DS_TEA_03,Tea,Tea-Leaf-Disease-Detection-Main
C:\Users\Prathach Raj P\.gemini\antigravity\scratch\krishi-marga\dataset_research\KRISHI_MARGA_DATASETS\01_Plantation_Beverage\Tea\raw\DS_TEA_03\Tea-Leaf-Disease-Detection-main\documentation\assets\images\results_page.png,C:\Users\Prathach Raj P\.gemini\antigravity\scratch\krishi-marga\dataset_research\KRISHI_MARGA_DATASETS\01_Plantation_Beverage\Tea\processed\images\Tea-Leaf-Disease-Detection-Main\DS_TEA_03_Tea-Leaf-Disease-Detection-Main_results_page.png,KEPT,Valid image passing all automated filters,DS_TEA_03,Tea,Tea-Leaf-Disease-Detection-Main
C:\Users\Prathach Raj P\.gemini\antigravity\scratch\krishi-marga\dataset_research\KRISHI_MARGA_DATASETS\01_Plantation_Beverage\Tea\raw\DS_TEA_03\Tea-Leaf-Disease-Detection-main\web_application\static\bg.jpg,C:\Users\Prathach Raj P\.gemini\antigravity\scratch\krishi-marga\dataset_research\KRISHI_MARGA_DATASETS\01_Plantation_Beverage\Tea\processed\images\Tea-Leaf-Disease-Detection-Main\DS_TEA_03_Tea-Leaf-Disease-Detection-Main_bg.jpg,KEPT,Valid image passing all automated filters,DS_TEA_03,Tea,Tea-Leaf-Disease-Detection-Main
C:\Users\Prathach Raj P\.gemini\antigravity\scratch\krishi-marga\dataset_research\KRISHI_MARGA_DATASETS\01_Plantation_Beverage\Tea\raw\DS_TEA_03\Tea-Leaf-Disease-Detection-main\web_application\static\comparison_graph.png,C:\Users\Prathach Raj P\.gemini\antigravity\scratch\krishi-marga\dataset_research\KRISHI_MARGA_DATASETS\01_Plantation_Beverage\Tea\processed\images\Tea-Leaf-Disease-Detection-Main\DS_TEA_03_Tea-Leaf-Disease-Detection-Main_comparison_graph.png,KEPT,Valid image passing all automated filters,DS_TEA_03,Tea,Tea-Leaf-Disease-Detection-Main
C:\Users\Prathach Raj P\.gemini\antigravity\scratch\krishi-marga\dataset_research\KRISHI_MARGA_DATASETS\01_Plantation_Beverage\Tea\raw\DS_TEA_03\Tea-Leaf-Disease-Detection-main\web_application\static\temp\UNADJUSTEDNONRAW_thumb_1d.jpg,C:\Users\Prathach Raj P\.gemini\antigravity\scratch\krishi-marga\dataset_research\KRISHI_MARGA_DATASETS\01_Plantation_Beverage\Tea\processed\images\Tea-Leaf-Disease-Detection-Main\DS_TEA_03_Tea-Leaf-Disease-Detection-Main_UNADJUSTEDNONRAW_thumb_1d.jpg,KEPT,Valid image passing all automated filters,DS_TEA_03,Tea,Tea-Leaf-Disease-Detection-Main
C:\Users\Prathach Raj P\.gemini\antigravity\scratch\krishi-marga\dataset_research\KRISHI_MARGA_DATASETS\01_Plantation_Beverage\Tea\raw\DS_TEA_03\Tea-Leaf-Disease-Detection-main\web_application\templates\bg.jpg,NONE,EXCLUDED_EXACT_DUPLICATE,Binary identical to C:\Users\Prathach Raj P\.gemini\antigravity\scratch\krishi-marga\dataset_research\KRISHI_MARGA_DATASETS\01_Plantation_Beverage\Tea\raw\DS_TEA_03\Tea-Leaf-Disease-Detection-main\web_application\static\bg.jpg,DS_TEA_03,Tea,Tea-Leaf-Disease-Detection-Main
C:\Users\Prathach Raj P\.gemini\antigravity\scratch\krishi-marga\dataset_research\KRISHI_MARGA_DATASETS\05_Core_Grains_Vegetables\Tomato\raw\DS_TOMATO_03\Tomato-Leaf-Disease-Detection-main\Images\acc.png,C:\Users\Prathach Raj P\.gemini\antigravity\scratch\krishi-marga\dataset_research\KRISHI_MARGA_DATASETS\05_Core_Grains_Vegetables\Tomato\processed\images\Tomato-Leaf-Disease-Detection-Main\DS_TOMATO_03_Tomato-Leaf-Disease-Detection-Main_acc.png,KEPT,Valid image passing all automated filters,DS_TOMATO_03,Tomato,Tomato-Leaf-Disease-Detection-Main
C:\Users\Prathach Raj P\.gemini\antigravity\scratch\krishi-marga\dataset_research\KRISHI_MARGA_DATASETS\05_Core_Grains_Vegetables\Tomato\raw\DS_TOMATO_03\Tomato-Leaf-Disease-Detection-main\Images\CM.png,C:\Users\Prathach Raj P\.gemini\antigravity\scratch\krishi-marga\dataset_research\KRISHI_MARGA_DATASETS\05_Core_Grains_Vegetables\Tomato\processed\images\Tomato-Leaf-Disease-Detection-Main\DS_TOMATO_03_Tomato-Leaf-Disease-Detection-Main_CM.png,KEPT,Valid image passing all automated filters,DS_TOMATO_03,Tomato,Tomato-Leaf-Disease-Detection-Main
C:\Users\Prathach Raj P\.gemini\antigravity\scratch\krishi-marga\dataset_research\KRISHI_MARGA_DATASETS\05_Core_Grains_Vegetables\Tomato\raw\DS_TOMATO_03\Tomato-Leaf-Disease-Detection-main\Images\CM_small.PNG,C:\Users\Prathach Raj P\.gemini\antigravity\scratch\krishi-marga\dataset_research\KRISHI_MARGA_DATASETS\05_Core_Grains_Vegetables\Tomato\processed\images\Tomato-Leaf-Disease-Detection-Main\DS_TOMATO_03_Tomato-Leaf-Disease-Detection-Main_CM_small.PNG,KEPT,Valid image passing all automated filters,DS_TOMATO_03,Tomato,Tomato-Leaf-Disease-Detection-Main
C:\Users\Prathach Raj P\.gemini\antigravity\scratch\krishi-marga\dataset_research\KRISHI_MARGA_DATASETS\05_Core_Grains_Vegetables\Tomato\raw\DS_TOMATO_03\Tomato-Leaf-Disease-Detection-main\Images\loss.png,C:\Users\Prathach Raj P\.gemini\antigravity\scratch\krishi-marga\dataset_research\KRISHI_MARGA_DATASETS\05_Core_Grains_Vegetables\Tomato\processed\images\Tomato-Leaf-Disease-Detection-Main\DS_TOMATO_03_Tomato-Leaf-Disease-Detection-Main_loss.png,KEPT,Valid image passing all automated filters,DS_TOMATO_03,Tomato,Tomato-Leaf-Disease-Detection-Main
C:\Users\Prathach Raj P\.gemini\antigravity\scratch\krishi-marga\dataset_research\KRISHI_MARGA_DATASETS\05_Core_Grains_Vegetables\Tomato\raw\DS_TOMATO_03\Tomato-Leaf-Disease-Detection-main\Images\model.PNG,C:\Users\Prathach Raj P\.gemini\antigravity\scratch\krishi-marga\dataset_research\KRISHI_MARGA_DATASETS\05_Core_Grains_Vegetables\Tomato\processed\images\Tomato-Leaf-Disease-Detection-Main\DS_TOMATO_03_Tomato-Leaf-Disease-Detection-Main_model.PNG,KEPT,Valid image passing all automated filters,DS_TOMATO_03,Tomato,Tomato-Leaf-Disease-Detection-Main
C:\Users\Prathach Raj P\.gemini\antigravity\scratch\krishi-marga\dataset_research\KRISHI_MARGA_DATASETS\05_Core_Grains_Vegetables\Tomato\raw\DS_TOMATO_03\Tomato-Leaf-Disease-Detection-main\Images\ROC.png,C:\Users\Prathach Raj P\.gemini\antigravity\scratch\krishi-marga\dataset_research\KRISHI_MARGA_DATASETS\05_Core_Grains_Vegetables\Tomato\processed\images\Tomato-Leaf-Disease-Detection-Main\DS_TOMATO_03_Tomato-Leaf-Disease-Detection-Main_ROC.png,KEPT,Valid image passing all automated filters,DS_TOMATO_03,Tomato,Tomato-Leaf-Disease-Detection-Main
C:\Users\Prathach Raj P\.gemini\antigravity\scratch\krishi-marga\dataset_research\KRISHI_MARGA_DATASETS\05_Core_Grains_Vegetables\Tomato\raw\DS_TOMATO_03\Tomato-Leaf-Disease-Detection-main\Images\test_count.png,C:\Users\Prathach Raj P\.gemini\antigravity\scratch\krishi-marga\dataset_research\KRISHI_MARGA_DATASETS\05_Core_Grains_Vegetables\Tomato\processed\images\Tomato-Leaf-Disease-Detection-Main\DS_TOMATO_03_Tomato-Leaf-Disease-Detection-Main_test_count.png,KEPT,Valid image passing all automated filters,DS_TOMATO_03,Tomato,Tomato-Leaf-Disease-Detection-Main
C:\Users\Prathach Raj P\.gemini\antigravity\scratch\krishi-marga\dataset_research\KRISHI_MARGA_DATASETS\05_Core_Grains_Vegetables\Tomato\raw\DS_TOMATO_03\Tomato-Leaf-Disease-Detection-main\Images\train_count.png,C:\Users\Prathach Raj P\.gemini\antigravity\scratch\krishi-marga\dataset_research\KRISHI_MARGA_DATASETS\05_Core_Grains_Vegetables\Tomato\processed\images\Tomato-Leaf-Disease-Detection-Main\DS_TOMATO_03_Tomato-Leaf-Disease-Detection-Main_train_count.png,KEPT,Valid image passing all automated filters,DS_TOMATO_03,Tomato,Tomato-Leaf-Disease-Detection-Main
