crop,duplicate_file,original_file,sha256,action
Tomato,F:/SIH_DATASET/processed/tomato\train\Early_blight\EB_(100).JPG,F:/SIH_DATASET/processed/tomato\train\Early_blight\4a063384-a4c0-4acc-a787-8236eb40a54e___RS_Erly.B 8281.JPG,e7599eb3a3afef4ca3f4976f3045824c1340f0182629bbff72368524a8cfc2d0,DEDUPLICATED
Tomato,F:/SIH_DATASET/processed/tomato\train\Early_blight\EB_(101).JPG,F:/SIH_DATASET/processed/tomato\train\Early_blight\4a352896-5a0f-4e42-aba1-f06045d5b531___RS_Erly.B 7765.JPG,4981df489f77b557ac5665a44948b345c873e3f0447266d660862fc980c6d3f5,DEDUPLICATED
Tomato,F:/SIH_DATASET/processed/tomato\train\Early_blight\EB_(102).JPG,F:/SIH_DATASET/processed/tomato\train\Early_blight\4aa63e45-c531-40e2-86ca-a788e74d4f18___RS_Erly.B 7549.JPG,40a05537d6752086270eb98897131eae67e6cd1302bdebe30d63f3106ec593b2,DEDUPLICATED
Tomato,F:/SIH_DATASET/processed/tomato\train\Early_blight\EB_(103).JPG,F:/SIH_DATASET/processed/tomato\train\Early_blight\4b8821ef-8364-4a04-9549-58d58ffe0411___RS_Erly.B 7704.JPG,60b827113f11237fa25a30cc7f08dcd98591f0f664bcfcb742873bffce95b557,DEDUPLICATED
Tomato,F:/SIH_DATASET/processed/tomato\train\Early_blight\EB_(104).JPG,F:/SIH_DATASET/processed/tomato\train\Early_blight\4c5f5a51-0ea2-477b-a0bf-e0d511f53e87___RS_Erly.B 6397.JPG,e117c619a338a284c1dc846fa142f3b9392d8d9d2f5e3cafc8932731088d0091,DEDUPLICATED
Tomato,F:/SIH_DATASET/processed/tomato\train\Early_blight\EB_(109).JPG,F:/SIH_DATASET/processed/tomato\train\Early_blight\4ce52d04-06f4-4b35-af47-804fdabed996___RS_Erly.B 8254.JPG,acf4d24347b160ba56055a9aa7e98dc51c92e168fc74d81dca943ba9343a88d1,DEDUPLICATED
Tomato,F:/SIH_DATASET/processed/tomato\train\Early_blight\EB_(114).JPG,F:/SIH_DATASET/processed/tomato\train\Early_blight\4d88d7a6-b49c-4927-81de-60b6b807c839___RS_Erly.B 7655.JPG,962e3a6b6a7fef0e91be725817f848430fad91537902f2c59e65d2b4b9b3f4a4,DEDUPLICATED
Tomato,F:/SIH_DATASET/processed/tomato\train\Early_blight\EB_(115).JPG,F:/SIH_DATASET/processed/tomato\train\Early_blight\4deeae7f-b339-4d5b-969c-b69ea27c1636___RS_Erly.B 7736.JPG,b427ab023a5ff60b4fdd8152b2861d56ec3c082b9c7ffae0d0109059c24f54bb,DEDUPLICATED
Tomato,F:/SIH_DATASET/processed/tomato\train\Early_blight\EB_(119).JPG,F:/SIH_DATASET/processed/tomato\train\Early_blight\4e8e92ba-46f4-4e49-850b-71019f6c8640___RS_Erly.B 6346.JPG,3db5f860cf3cf06257540865b48c6bad8cf5099f29facb4d91a87ce4761a15f0,DEDUPLICATED
Tomato,F:/SIH_DATASET/processed/tomato\train\Early_blight\EB_(120).JPG,F:/SIH_DATASET/processed/tomato\train\Early_blight\4e24576f-00c2-494f-b47b-b2b3885b4749___RS_Erly.B 8279.JPG,34996a85c11fba755e8d068313e9d2ce3d573e4c0e01ebf8235e167ce8585ad5,DEDUPLICATED
Tomato,F:/SIH_DATASET/processed/tomato\train\Early_blight\EB_(122).JPG,F:/SIH_DATASET/processed/tomato\train\Early_blight\4eccde8f-4b47-4e5e-b0aa-9eaa67b20126___RS_Erly.B 8417.JPG,c2d90843598b28895ac075fa62c86162541f7bd720185530cc0ba7d46cf2ceb9,DEDUPLICATED
Tomato,F:/SIH_DATASET/processed/tomato\train\Early_blight\EB_(124).JPG,F:/SIH_DATASET/processed/tomato\train\Early_blight\4f4ef45f-80b4-4fde-b052-f932d2b5a9f3___RS_Erly.B 9410.JPG,de9a39230ab5950fd0202ee5a793b8c65690a61fef96c9c5acf832f3f693cc3e,DEDUPLICATED
Tomato,F:/SIH_DATASET/processed/tomato\train\Early_blight\EB_(125).JPG,F:/SIH_DATASET/processed/tomato\train\Early_blight\4f6876e9-7226-49d5-aef8-cec3d8e6fbc9___RS_Erly.B 9452.JPG,43cd6e1ea866f07c28bdc87534fd4d36d540eea7301dce39a0bbd8a18d3d9548,DEDUPLICATED
Tomato,F:/SIH_DATASET/processed/tomato\train\Early_blight\EB_(127).JPG,F:/SIH_DATASET/processed/tomato\train\Early_blight\05fab431-cc13-4d6d-b4e1-912e0059c7c1___RS_Erly.B 8349.JPG,b1f05921191310b3057b7fb77f6dbe07bb4513ceb1b857f73b42cf196b1bf52d,DEDUPLICATED
Tomato,F:/SIH_DATASET/processed/tomato\train\Early_blight\EB_(128).JPG,F:/SIH_DATASET/processed/tomato\train\Early_blight\5a0ff573-924f-48c8-a3ef-ed82995ed145___RS_Erly.B 6478.JPG,fc226561c8768986a2eaa6ce63a656464312ed5a082706949c2658b9a0bb8d5d,DEDUPLICATED
Tomato,F:/SIH_DATASET/processed/tomato\train\Early_blight\EB_(129).JPG,F:/SIH_DATASET/processed/tomato\train\Early_blight\5a05e4e9-74d1-40a8-aca2-dc3500ef5fbc___RS_Erly.B 9489.JPG,4c2e8629b4f18d3a0b58e57709e3f0da2e9493479f60ce9e4d3f79537fdf1ca7,DEDUPLICATED
Tomato,F:/SIH_DATASET/processed/tomato\train\Early_blight\EB_(130).JPG,F:/SIH_DATASET/processed/tomato\train\Early_blight\5a50d734-271b-43f8-991f-b6e6f264b686___RS_Erly.B 6488.JPG,eb98f98e6e02f8a5745499b7c1ddd9b7a6b3bf6002044f9f7de1bb009922f245,DEDUPLICATED
Tomato,F:/SIH_DATASET/processed/tomato\train\Early_blight\EB_(131).JPG,F:/SIH_DATASET/processed/tomato\train\Early_blight\5a62e38f-8042-4ca8-8df6-2bdeed7e9a7b___RS_Erly.B 9493.JPG,18a411ddc5ff078f26f4709fc4689a30a089d1fc7ab49206f546ff68ec113ac9,DEDUPLICATED
Tomato,F:/SIH_DATASET/processed/tomato\train\Early_blight\EB_(133).JPG,F:/SIH_DATASET/processed/tomato\train\Early_blight\5ac465b8-86c9-469a-a656-add4ab1f14e4___RS_Erly.B 6473.JPG,3ebfa28c809d432c88b4fc2d0baf0c8c918082356b72037a31b8ad808cc6b98a,DEDUPLICATED
Tomato,F:/SIH_DATASET/processed/tomato\train\Early_blight\EB_(138).JPG,F:/SIH_DATASET/processed/tomato\train\Early_blight\5ba2c9ec-1d6f-4870-933d-6c9d05833d47___RS_Erly.B 6337.JPG,33fbcf150bac62e76047c7f5bacff99485f4944b99f387a86c2fc9e57caa31fd,DEDUPLICATED
Tomato,F:/SIH_DATASET/processed/tomato\train\Early_blight\EB_(139).JPG,F:/SIH_DATASET/processed/tomato\train\Early_blight\5bb67c87-9449-4365-aad2-0763164a608b___RS_Erly.B 7460.JPG,9dccd2f78d91d149dc07da3c5dff51438db16fd0cbd84a0e39e767173a31326e,DEDUPLICATED
Tomato,F:/SIH_DATASET/processed/tomato\train\Early_blight\EB_(142).JPG,F:/SIH_DATASET/processed/tomato\train\Early_blight\5bd6338a-0f10-457b-a7bd-69f2ee7c6504___RS_Erly.B 9534.JPG,f2aa7765475c17466bcdb0d089e11a657804d5a85ceddfd30c1699041d9c4fbe,DEDUPLICATED
Tomato,F:/SIH_DATASET/processed/tomato\train\Early_blight\EB_(143).JPG,F:/SIH_DATASET/processed/tomato\train\Early_blight\5c8ced5b-fa5c-41d4-8ad9-a3c7c4891355___RS_Erly.B 6350.JPG,f6e12806df8e97d37445b52a5b9229a38399a3dd927636e8e2f50adbb55e0d24,DEDUPLICATED
Tomato,F:/SIH_DATASET/processed/tomato\train\Early_blight\EB_(144).JPG,F:/SIH_DATASET/processed/tomato\train\Early_blight\5c81bfc2-d377-4fc8-9f51-ff26a997c20b___RS_Erly.B 6345.JPG,fb86949041138f0ef125a9853aeee61b7c127ac75c2d0d4bdf05f891c0ca3dea,DEDUPLICATED
Tomato,F:/SIH_DATASET/processed/tomato\train\Early_blight\EB_(145).JPG,F:/SIH_DATASET/processed/tomato\train\Early_blight\5c498e4e-e9b8-4380-828e-53dfd9beb683___RS_Erly.B 7788.JPG,5dcb3ae4afd5457a169a5f42ec5e240830ccd69047b641cc9ff9b5c69a1686b3,DEDUPLICATED
Tomato,F:/SIH_DATASET/processed/tomato\train\Early_blight\EB_(146).JPG,F:/SIH_DATASET/processed/tomato\train\Early_blight\5d0f4647-6f88-4c84-bacf-d6bc4d469c4d___RS_Erly.B 8411.JPG,71ba09a56a1b5d1836a11360c0f8c1e858ccdb8b3cc79e44ca13c33dda93b284,DEDUPLICATED
Tomato,F:/SIH_DATASET/processed/tomato\train\Early_blight\EB_(147).JPG,F:/SIH_DATASET/processed/tomato\train\Early_blight\5d5d73a4-b480-4479-a5a5-8d6ba6909eac___RS_Erly.B 9409.JPG,356b7ed365d9464036c946b5cd7314ab64f6ddf63271409e4e45aa7497ea657a,DEDUPLICATED
Tomato,F:/SIH_DATASET/processed/tomato\train\Early_blight\EB_(148).JPG,F:/SIH_DATASET/processed/tomato\train\Early_blight\5d45c117-439e-454a-bc77-93a27ce98761___RS_Erly.B 7546.JPG,81026b0007bc1d0aa83d6b7bfffde15304f076b148952b9b44ca92a01f93397a,DEDUPLICATED
Tomato,F:/SIH_DATASET/processed/tomato\train\Early_blight\EB_(149).JPG,F:/SIH_DATASET/processed/tomato\train\Early_blight\5d89c2ab-31d9-4f0a-bd00-2c2475b2a037___RS_Erly.B 9377.JPG,a9e7fec504439daac7333c6f67f36159ab60d31ceef6412342b4d2f98527d48b,DEDUPLICATED
Tomato,F:/SIH_DATASET/processed/tomato\train\Early_blight\EB_(150).JPG,F:/SIH_DATASET/processed/tomato\train\Early_blight\5d998134-578b-481e-9b88-df0134eb567b___RS_Erly.B 7626.JPG,4eab4904ad35a802bc9adb4ade635f95c03d989eb789ab0a0f57d8f8b7ef1d0f,DEDUPLICATED
Tomato,F:/SIH_DATASET/processed/tomato\train\Early_blight\EB_(151).JPG,F:/SIH_DATASET/processed/tomato\train\Early_blight\5daba301-b6f9-4fc4-8be7-a918d3a7554c___RS_Erly.B 8282.JPG,ae213a2d53461297bb7e629ef4839cc334972a475e716a5b84b0a077883c0a9c,DEDUPLICATED
Tomato,F:/SIH_DATASET/processed/tomato\train\Early_blight\EB_(152).JPG,F:/SIH_DATASET/processed/tomato\train\Early_blight\5e10503d-8b4e-4215-9128-b92b48fce53d___RS_Erly.B 7559.JPG,afcfa318180731b75d98c1ad3109149d2511d88b5655dd6fe445d1ba10ae2854,DEDUPLICATED
Tomato,F:/SIH_DATASET/processed/tomato\train\Early_blight\EB_(153).JPG,F:/SIH_DATASET/processed/tomato\train\Early_blight\5f96c793-8015-458b-b3fe-7e718b673b1b___RS_Erly.B 7813.JPG,42c21beae17599708a056df2c05d79f74447e45e3dbebae4e25061a3df007329,DEDUPLICATED
Tomato,F:/SIH_DATASET/processed/tomato\train\Early_blight\EB_(154).JPG,F:/SIH_DATASET/processed/tomato\train\Early_blight\5fc7639c-d04d-40bc-bbd3-68bf11183ed9___RS_Erly.B 7745.JPG,a9d9583bddf61b9d018ebb33c851d3626b57fe1cadfbf0658efe2fa4182c1606,DEDUPLICATED
Tomato,F:/SIH_DATASET/processed/tomato\train\Early_blight\EB_(155).JPG,F:/SIH_DATASET/processed/tomato\train\Early_blight\5fdc3c4f-b88a-4aef-8a56-87336f220ff4___RS_Erly.B 6376.JPG,99d9988391265af0e99b6d90059ae2b2a7ca6e32384798bfac2bfdbe00f037bf,DEDUPLICATED
Tomato,F:/SIH_DATASET/processed/tomato\train\Early_blight\EB_(156).JPG,F:/SIH_DATASET/processed/tomato\train\Early_blight\5fef7edb-3b8a-4f74-b980-493366ead004___RS_Erly.B 6476.JPG,502c5a48bb794cab57cf884445ed9a810232e0d49a1561bf313027a6cce2bd16,DEDUPLICATED
Tomato,F:/SIH_DATASET/processed/tomato\train\Early_blight\EB_(157).JPG,F:/SIH_DATASET/processed/tomato\train\Early_blight\06d6d114-8d26-43eb-b79f-44218bbfa0d1___RS_Erly.B 9441.JPG,7bb0b772319d7cdee0faca47135e272d8ef93c9ee2a5e3c0d2987c2b87c1f706,DEDUPLICATED
Tomato,F:/SIH_DATASET/processed/tomato\train\Early_blight\EB_(158).JPG,F:/SIH_DATASET/processed/tomato\train\Early_blight\06d0298e-18e5-4bf5-8d33-8feef6600f15___RS_Erly.B 7573.JPG,d387ea001c0bf07c37f6ac49d8c9e60554f1c90036a19cea8e0368bf7884f40f,DEDUPLICATED
Tomato,F:/SIH_DATASET/processed/tomato\train\Early_blight\EB_(159).JPG,F:/SIH_DATASET/processed/tomato\train\Early_blight\6a6f1594-62fa-487a-a51f-38b86e7483cf___RS_Erly.B 6360.JPG,5be078db7104b575d4f836bb8bd3f8e412c302e774a51f528d86beee84d2d5aa,DEDUPLICATED
Tomato,F:/SIH_DATASET/processed/tomato\train\Early_blight\EB_(160).JPG,F:/SIH_DATASET/processed/tomato\train\Early_blight\6b9b4ddb-9ac0-4da5-9176-24c325bd6037___RS_Erly.B 7392.JPG,19fa032e3b4fe8b6b8543e4ed27265814b3f45512db6b2339cf90e1b267aefc5,DEDUPLICATED
Tomato,F:/SIH_DATASET/processed/tomato\train\Early_blight\EB_(161).JPG,F:/SIH_DATASET/processed/tomato\train\Early_blight\6b52f204-547d-47aa-926c-b9508a5e6cbc___RS_Erly.B 7434.JPG,d6970273446094a2d7ad2401abd3d2522f201b71e7389b76359ebba17a469845,DEDUPLICATED
Tomato,F:/SIH_DATASET/processed/tomato\train\Early_blight\EB_(162).JPG,F:/SIH_DATASET/processed/tomato\train\Early_blight\6c3feee9-23a8-46c4-8ded-5b0ef2e49ff5___RS_Erly.B 9370.JPG,e717ce51dc583a2c971040b6ac2efdd1ec7137a1bfd85214da5abf00ba3c991d,DEDUPLICATED
Tomato,F:/SIH_DATASET/processed/tomato\train\Early_blight\EB_(164).JPG,F:/SIH_DATASET/processed/tomato\train\Early_blight\6c124f22-619b-44fc-a3d1-231286d4bfda___RS_Erly.B 6403.JPG,b7d35de54c996d4597393d9ca703dff87256ca951bc85a1a74d1a68afe087094,DEDUPLICATED
Tomato,F:/SIH_DATASET/processed/tomato\train\Early_blight\EB_(165).JPG,F:/SIH_DATASET/processed/tomato\train\Early_blight\6ccc0cdb-d420-4bc6-9a1a-d195a0521c19___RS_Erly.B 9437.JPG,5a5eadbccd6e99ad622327af762b1743906266dcb18863f48fc2e7f54a4a4439,DEDUPLICATED
Tomato,F:/SIH_DATASET/processed/tomato\train\Early_blight\EB_(166).JPG,F:/SIH_DATASET/processed/tomato\train\Early_blight\6cd7bfa5-f336-4227-b8cf-3461dedc3b43___RS_Erly.B 7346.JPG,5ec85c016a7f0764176c7de2007bf36e8c1183766d98e12d5702a8f6ebbe1c25,DEDUPLICATED
Tomato,F:/SIH_DATASET/processed/tomato\train\Early_blight\EB_(167).JPG,F:/SIH_DATASET/processed/tomato\train\Early_blight\6ceca8a9-a257-4238-a779-bdb0dccc528e___RS_Erly.B 7604.JPG,ae47222702a4fde93cea0e924fb550136b60303f252dc0c07eee86183f811230,DEDUPLICATED
Tomato,F:/SIH_DATASET/processed/tomato\train\Early_blight\EB_(168).JPG,F:/SIH_DATASET/processed/tomato\train\Early_blight\6e673a0a-ad79-489d-bd0a-d96479fd81b5___RS_Erly.B 7441.JPG,7d2b45ab5b13bdfc22e9cbe8739df668c785a2be9e6e7e02f8cb29a9f38a8752,DEDUPLICATED
Tomato,F:/SIH_DATASET/processed/tomato\train\Early_blight\EB_(169).JPG,F:/SIH_DATASET/processed/tomato\train\Early_blight\6efab540-3bb1-47fd-b55f-ed447305f500___RS_Erly.B 7397.JPG,fcc8b5c31ee8b15a2c51b6edda6c58131e26d94bba61335b6aec46af3e4d0aee,DEDUPLICATED
Tomato,F:/SIH_DATASET/processed/tomato\train\Early_blight\EB_(171).JPG,F:/SIH_DATASET/processed/tomato\train\Early_blight\6f8046e5-2fc8-4243-a887-b4e99d16397d___RS_Erly.B 6471.JPG,fafba9238b9839139fa22dd3c216a99217daad06f36bbeee78d659299ddfdade,DEDUPLICATED
Tomato,F:/SIH_DATASET/processed/tomato\train\Early_blight\EB_(172).JPG,F:/SIH_DATASET/processed/tomato\train\Early_blight\6fbefe16-4635-4a03-b245-65594ded39cf___RS_Erly.B 7654.JPG,d8b87ad7eb619cba086a217f7278c6ceceb0c25c91e3c478adde550d114c8234,DEDUPLICATED
Tomato,F:/SIH_DATASET/processed/tomato\train\Early_blight\EB_(173).JPG,F:/SIH_DATASET/processed/tomato\train\Early_blight\7a5ff9e1-b55d-490c-ac89-8b5003e407d9___RS_Erly.B 8231.JPG,7088c2328d76617191e3128a0e73c84c72f433b0c98e6db236510fa8e3d40518,DEDUPLICATED
Tomato,F:/SIH_DATASET/processed/tomato\train\Early_blight\EB_(175).JPG,F:/SIH_DATASET/processed/tomato\train\Early_blight\7a259d3d-cca4-4041-88ec-d3140cd96f25___RS_Erly.B 7415.JPG,e61fad9fd83e73f9077aec2b1b308183cc8a7ef15c8bb858adb3c8831ba47e06,DEDUPLICATED
Tomato,F:/SIH_DATASET/processed/tomato\train\Early_blight\EB_(176).JPG,F:/SIH_DATASET/processed/tomato\train\Early_blight\7b2a8123-3905-48d9-be99-b5e749b5ba45___RS_Erly.B 6472.JPG,3b6e832bfcc9b179f3fd6325352a38ca200e03327a63d1aace466f6dd4d3fbb0,DEDUPLICATED
Tomato,F:/SIH_DATASET/processed/tomato\train\Early_blight\EB_(179).JPG,F:/SIH_DATASET/processed/tomato\train\Early_blight\7b085d56-6867-4946-8208-5823afeba034___RS_Erly.B 7384.JPG,6fcf159fbf44e21b6f968f6cb90803d70041dcba2586a02daa6aab02dca6354f,DEDUPLICATED
Tomato,F:/SIH_DATASET/processed/tomato\train\Early_blight\EB_(180).JPG,F:/SIH_DATASET/processed/tomato\train\Early_blight\7b377a4c-886c-46c5-8a57-a636cc47c9a8___RS_Erly.B 6475.JPG,f6a5124e54c5c10d0c674d99af299bcd3682abe290992c2977b2a42712432220,DEDUPLICATED
Tomato,F:/SIH_DATASET/processed/tomato\train\Early_blight\EB_(181).JPG,F:/SIH_DATASET/processed/tomato\train\Early_blight\7b962f23-1e0e-4c28-b741-d21c51ab6d4b___RS_Erly.B 7835.JPG,9a95dfabb93d218b88b99021952baab53f9e51469921aa1ccb6d4a1281964631,DEDUPLICATED
Tomato,F:/SIH_DATASET/processed/tomato\train\Early_blight\EB_(183).JPG,F:/SIH_DATASET/processed/tomato\train\Early_blight\7bab9b53-f608-4f3f-8325-d730d846b3d9___RS_Erly.B 7695.JPG,19401a74f88dc0d0ae6d9a8ca9fb3f68d529cc4a603a0ff5d8197eb107601d2f,DEDUPLICATED
Tomato,F:/SIH_DATASET/processed/tomato\train\Early_blight\EB_(186).JPG,F:/SIH_DATASET/processed/tomato\train\Early_blight\7c4ba770-64bf-4cd5-82ea-c5e2a16d81f3___RS_Erly.B 9556.JPG,d1975fb20082bf6d9bb28da7d7141206253d6cf52af61d94942f66d5c445a59e,DEDUPLICATED
Tomato,F:/SIH_DATASET/processed/tomato\train\Early_blight\EB_(187).JPG,F:/SIH_DATASET/processed/tomato\train\Early_blight\7c691a49-8a56-49d2-856f-6c20c34e257b___RS_Erly.B 9586.JPG,049e17049c90f823ce4d06f224d00ab27cb056434702b6edf18782d1ab9e1042,DEDUPLICATED
Tomato,F:/SIH_DATASET/processed/tomato\train\Early_blight\EB_(188).JPG,F:/SIH_DATASET/processed/tomato\train\Early_blight\7cd27862-7a89-4ffc-bc08-7dfbb24f76d9___RS_Erly.B 7560.JPG,8d965906c58aa28262471809826e03a46153ae10328f38502f074a512136afc3,DEDUPLICATED
Tomato,F:/SIH_DATASET/processed/tomato\train\Early_blight\EB_(189).JPG,F:/SIH_DATASET/processed/tomato\train\Early_blight\7d8a95e9-ea83-44f4-9f7c-ad4692b1ce1f___RS_Erly.B 7534.JPG,75492978f5937eeb53088dfb36370ec4ae64772fae65f7883e00da30806c5d9d,DEDUPLICATED
Tomato,F:/SIH_DATASET/processed/tomato\train\Early_blight\EB_(190).JPG,F:/SIH_DATASET/processed/tomato\train\Early_blight\7dc08826-98ed-4885-abfe-85beedbd8cab___RS_Erly.B 9498.JPG,c3ab5257b5c6af7e8e4580e464de5915d8a0fa5360e8d37680cdeef85f45b6e2,DEDUPLICATED
Tomato,F:/SIH_DATASET/processed/tomato\train\Early_blight\EB_(192).JPG,F:/SIH_DATASET/processed/tomato\train\Early_blight\7e236dc3-40e2-4ff9-8356-4fb7a3fcc0ff___RS_Erly.B 6426.JPG,7cfab4d70fc777f8ff5da7fdf1508d98bd8fadf92ea027e7e74c32435f917e14,DEDUPLICATED
Tomato,F:/SIH_DATASET/processed/tomato\train\Early_blight\EB_(194).JPG,F:/SIH_DATASET/processed/tomato\train\Early_blight\7ecb4521-70ac-4f49-ab74-2678cc4eab2a___RS_Erly.B 7690.JPG,981f0965b218512e5e042591b32ed60c09df44d759f4345c27011aa290871bb9,DEDUPLICATED
Tomato,F:/SIH_DATASET/processed/tomato\train\Early_blight\EB_(195).JPG,F:/SIH_DATASET/processed/tomato\train\Early_blight\7fe26a53-b4d8-4069-bb0a-1c6d19cbc4e1___RS_Erly.B 7810.JPG,ccb45623ca88a45a786bcb52b1ec17ea1c0833e452f9a5ef550292ac8b94effd,DEDUPLICATED
Tomato,F:/SIH_DATASET/processed/tomato\train\Early_blight\EB_(198).JPG,F:/SIH_DATASET/processed/tomato\train\Early_blight\8a13da5b-4bc2-485a-962d-df8c6634ea00___RS_Erly.B 7519.JPG,a7378541cc74d9f68396805c091019105c27556bb094222ac6baaa425e7a69a3,DEDUPLICATED
Tomato,F:/SIH_DATASET/processed/tomato\train\Early_blight\EB_(199).JPG,F:/SIH_DATASET/processed/tomato\train\Early_blight\8a089fe7-9e6a-4db7-b0e8-9792e4abc326___RS_Erly.B 7466.JPG,eaa603bc59960df25f7b5d8f65b0399a6d152e90ff2a739aec7fddae775bba03,DEDUPLICATED
Tomato,F:/SIH_DATASET/processed/tomato\train\Early_blight\EB_(200).JPG,F:/SIH_DATASET/processed/tomato\train\Early_blight\8ac21e2c-f953-4e96-8d43-e82dae24017e___RS_Erly.B 7459.JPG,9afb505d6d445a6fa0192b47abd9f283e858fe4dc7492f4045b9305913f02161,DEDUPLICATED
Tomato,F:/SIH_DATASET/processed/tomato\train\Early_blight\EB_(201).JPG,F:/SIH_DATASET/processed/tomato\train\Early_blight\8b2de2f4-1f12-46a7-ae3c-85fe9bd6ab6e___RS_Erly.B 7574.JPG,57e8c0fa749761956e56a820715dd3908fbec151102f182ee1d838b15e708e9b,DEDUPLICATED
Tomato,F:/SIH_DATASET/processed/tomato\train\Early_blight\EB_(204).JPG,F:/SIH_DATASET/processed/tomato\train\Early_blight\8c9b351b-520c-46f9-960f-8850386e54ab___RS_Erly.B 7677.JPG,69d77d7d83aea0c6a16391770d57f9f7ae9954eaa61840e00df5fd3cf0bfb1b2,DEDUPLICATED
Tomato,F:/SIH_DATASET/processed/tomato\train\Early_blight\EB_(206).JPG,F:/SIH_DATASET/processed/tomato\train\Early_blight\8d4ae220-8a79-4ca0-886c-92e90fc7efb2___RS_Erly.B 7625.JPG,7ddeb873e27d92b050eef18b1ecb5d3b725c139988e10a82d9a07bff8567cf08,DEDUPLICATED
Tomato,F:/SIH_DATASET/processed/tomato\train\Early_blight\EB_(208).JPG,F:/SIH_DATASET/processed/tomato\train\Early_blight\8e1c8815-49e0-4be6-a3a5-a426ab6b2445___RS_Erly.B 7822.JPG,f63a6acbba5168211947736848c3b075dd1de09e2c9606d2c7d747c63a9b23a6,DEDUPLICATED
Tomato,F:/SIH_DATASET/processed/tomato\train\Early_blight\EB_(210).JPG,F:/SIH_DATASET/processed/tomato\train\Early_blight\8eba4e89-f5bf-45d4-be9b-30dfde83f538___RS_Erly.B 7586.JPG,84094d969cdbe5c031381e59526bac96027b2f13a635bbc8ddda36609d919ccb,DEDUPLICATED
Tomato,F:/SIH_DATASET/processed/tomato\train\Early_blight\EB_(212).JPG,F:/SIH_DATASET/processed/tomato\train\Early_blight\8f9b3d86-42dd-4932-b638-8376529afcaa___RS_Erly.B 9575.JPG,b14417c688fe4dc492cea11d29683f5df6e8531bd22040af856e0832a94c2a36,DEDUPLICATED
Tomato,F:/SIH_DATASET/processed/tomato\train\Early_blight\EB_(213).JPG,F:/SIH_DATASET/processed/tomato\train\Early_blight\8f92a1b1-c99e-48b4-8cd2-d0bd09bc6a6b___RS_Erly.B 9479.JPG,16b3122113dce247dd635dd0804433e3971171300d82be874a4d78e2208b7275,DEDUPLICATED
Tomato,F:/SIH_DATASET/processed/tomato\train\Early_blight\EB_(214).JPG,F:/SIH_DATASET/processed/tomato\train\Early_blight\8f709c55-ee65-4bb0-9291-6d5d79033c3f___RS_Erly.B 9603.JPG,2a94edd3e3333fb485a4fa469f59a773e6f7f177bd894e6251c07c57cb5c2754,DEDUPLICATED
Tomato,F:/SIH_DATASET/processed/tomato\train\Early_blight\EB_(215).JPG,F:/SIH_DATASET/processed/tomato\train\Early_blight\8f6562ec-69b1-4d97-85be-844034c98c4d___RS_Erly.B 7569.JPG,7971e39126c9e1ffd6dd7d39ed1fd5ec54d2ef8cf8d3a9de109e54b2b0bc9ec4,DEDUPLICATED
Tomato,F:/SIH_DATASET/processed/tomato\train\Early_blight\EB_(260).JPG,F:/SIH_DATASET/processed/tomato\train\Early_blight\21ad39db-c205-4220-a7e6-566042e70007___RS_Erly.B 7633.JPG,572770bf481b9aff1b136a93a9f9f2bfca44bf35aab649f9abd5df08d830347e,DEDUPLICATED
Tomato,F:/SIH_DATASET/processed/tomato\train\Early_blight\EB_(262).JPG,F:/SIH_DATASET/processed/tomato\train\Early_blight\21f9a0a5-b145-40e7-8884-df2bb52eb592___RS_Erly.B 7391.JPG,374cfbb555120c06a2ce248dda337abd4c096cf75596afbcac110ea55686fb4b,DEDUPLICATED
Tomato,F:/SIH_DATASET/processed/tomato\train\Early_blight\EB_(263).JPG,F:/SIH_DATASET/processed/tomato\train\Early_blight\21ffaf6b-7ad0-45bf-bd7e-7d697413ebbd___RS_Erly.B 9500.JPG,b95ecf3372f47a7860ce11eecada11db07f24d0289c733e654f33d9e22c47b64,DEDUPLICATED
Tomato,F:/SIH_DATASET/processed/tomato\train\Early_blight\EB_(264).JPG,F:/SIH_DATASET/processed/tomato\train\Early_blight\22b8de0e-636d-4407-a270-ef3614c33227___RS_Erly.B 8257.JPG,17263be861587b2a93c7178ea3d94251341f4bb8c0773891e6f1cad5c27ccb70,DEDUPLICATED
Tomato,F:/SIH_DATASET/processed/tomato\train\Early_blight\EB_(265).JPG,F:/SIH_DATASET/processed/tomato\train\Early_blight\22b653c4-9e15-4081-8ece-9b5950a94120___RS_Erly.B 7814.JPG,392d1dc9d9f5202814e01c940856a5fd7ce499a4301c829ac406f78cda63ea45,DEDUPLICATED
Tomato,F:/SIH_DATASET/processed/tomato\train\Early_blight\EB_(267).JPG,F:/SIH_DATASET/processed/tomato\train\Early_blight\023fe2d4-6e1d-40ce-99ae-85ba90f436ff___RS_Erly.B 6354.JPG,e68c8c82f72f0979f46a1990ebe889adca39febcb31602b498e39fca9db277d0,DEDUPLICATED
Tomato,F:/SIH_DATASET/processed/tomato\train\Early_blight\EB_(270).JPG,F:/SIH_DATASET/processed/tomato\train\Early_blight\25b96058-36c9-4213-bb16-088e76cb30b1___RS_Erly.B 9417.JPG,863e45cf5de53abc5ce3d4937e7993e371b21a4370b7602e9ecd1bc7fc217e6c,DEDUPLICATED
Tomato,F:/SIH_DATASET/processed/tomato\train\Early_blight\EB_(271).JPG,F:/SIH_DATASET/processed/tomato\train\Early_blight\25cc64d3-0ea1-4082-9b2a-bcaee3056580___RS_Erly.B 9602.JPG,ab4576550310e426ce458e700c02bd10f3076b337ea1ab460e2906d9a677966c,DEDUPLICATED
Tomato,F:/SIH_DATASET/processed/tomato\train\Early_blight\EB_(274).JPG,F:/SIH_DATASET/processed/tomato\train\Early_blight\27ba7432-8547-436c-9b97-adf3cbe15575___RS_Erly.B 7544.JPG,1381fea1304fef6084ddac8001c7057d77453addf864b25ed5f569bf0e255961,DEDUPLICATED
Tomato,F:/SIH_DATASET/processed/tomato\train\Early_blight\EB_(276).JPG,F:/SIH_DATASET/processed/tomato\train\Early_blight\43e84adf-0897-47dc-97a4-94ef0e83eef5___RS_Erly.B 6399.JPG,f81a164096cc6cacc1cceb3c0a8decea49ec709ed659caf8ac1eca453cc3f00d,DEDUPLICATED
Tomato,F:/SIH_DATASET/processed/tomato\train\Early_blight\EB_(277).JPG,F:/SIH_DATASET/processed/tomato\train\Early_blight\45a51377-1fd4-45f3-bfdb-02d9d0953ab2___RS_Erly.B 9471.JPG,aed492a79c50d7d7dfb16c27d456323a9cb3237f3ad6ac74ae2f5acced25ff98,DEDUPLICATED
Tomato,F:/SIH_DATASET/processed/tomato\train\Early_blight\EB_(278).JPG,F:/SIH_DATASET/processed/tomato\train\Early_blight\48dd3efc-400d-4b81-a569-13a51083df58___RS_Erly.B 7718.JPG,6f319beb0d6b35b42facfd45752117127c1ff7ab54b5c4c8922856720cba8d0f,DEDUPLICATED
Tomato,F:/SIH_DATASET/processed/tomato\train\Early_blight\EB_(279).JPG,F:/SIH_DATASET/processed/tomato\train\Early_blight\49c8f57f-3418-45db-b807-6192c20dfc6a___RS_Erly.B 7784.JPG,d9163d9966c255e4248d38d145a4c20ee522c77d2cc41bc7e088435b758ed624,DEDUPLICATED
Tomato,F:/SIH_DATASET/processed/tomato\train\Early_blight\EB_(288).JPG,F:/SIH_DATASET/processed/tomato\train\Early_blight\055ae8d8-09e1-4b27-b385-9ff8a3e0eaae___RS_Erly.B 8247.JPG,d9b6e6a906f843d3fd5a825ecd6091284cc307cb071051c13e85ff3d9ce9c30d,DEDUPLICATED
Tomato,F:/SIH_DATASET/processed/tomato\train\Early_blight\EB_(291).JPG,F:/SIH_DATASET/processed/tomato\train\Early_blight\56f361f0-4a14-4fc1-acc4-798e6614f8fb___RS_Erly.B 8313.JPG,a397263c3d7f31257fce63b6f1acfa3d1852ac86062e6d36e3822bff8898bb99,DEDUPLICATED
Tomato,F:/SIH_DATASET/processed/tomato\train\Early_blight\EB_(292).JPG,F:/SIH_DATASET/processed/tomato\train\Early_blight\57ff9c36-2345-4401-986e-d9c06a784c15___RS_Erly.B 9515.JPG,64745aa268a96703c0c831e931c30e6ae557871fbd685a21848b74c21bf13333,DEDUPLICATED
Tomato,F:/SIH_DATASET/processed/tomato\train\Early_blight\EB_(293).JPG,F:/SIH_DATASET/processed/tomato\train\Early_blight\59cbcb57-16e3-4e35-a1d6-8672678c9d8d___RS_Erly.B 6489.JPG,f2fa0d32a77a2c0dbf5c1fd879540d1218c1800fa0011b93007054b3d71ac36a,DEDUPLICATED
Tomato,F:/SIH_DATASET/processed/tomato\train\Early_blight\EB_(295).JPG,F:/SIH_DATASET/processed/tomato\train\Early_blight\59fbd532-f75e-4c09-be68-3707d1323868___RS_Erly.B 7863.JPG,c601a95841379eb418d7ff8416602ba50a0b7298991ad13583bc8249be40ebaf,DEDUPLICATED
Tomato,F:/SIH_DATASET/processed/tomato\train\Early_blight\EB_(298).JPG,F:/SIH_DATASET/processed/tomato\train\Early_blight\62b8d81a-906b-4885-8b2d-e317d7bdd705___RS_Erly.B 7832.JPG,fd76886c87541eed66a434fef310a1e218e353f2933bfa420e95cb7f6a2ad282,DEDUPLICATED
Tomato,F:/SIH_DATASET/processed/tomato\train\Early_blight\EB_(299).JPG,F:/SIH_DATASET/processed/tomato\train\Early_blight\62ce29f9-81ea-4616-8562-22a5830b3286___RS_Erly.B 7436.JPG,76fda7e4c18222a7d89ea53c474eb46f21ab0658d300cf7075f482378b428922,DEDUPLICATED
Tomato,F:/SIH_DATASET/processed/tomato\train\Early_blight\EB_(304).JPG,F:/SIH_DATASET/processed/tomato\train\Early_blight\64fd8cac-b985-45c1-9a5d-5f2f49381047___RS_Erly.B 9494.JPG,637377e98f1deb62e80562cce3a7e60f89d7d42d296bd8a66e5f4904a17a54c3,DEDUPLICATED
Tomato,F:/SIH_DATASET/processed/tomato\train\Early_blight\EB_(305).JPG,F:/SIH_DATASET/processed/tomato\train\Early_blight\65bc0e3e-39a0-4fde-a9b3-65d2dd7dd63e___RS_Erly.B 7485.JPG,7601aff3f3ff6d62d073930ce6612eff907d9746f1c2a70367414fd8bfedbabe,DEDUPLICATED
Tomato,F:/SIH_DATASET/processed/tomato\train\Early_blight\EB_(307).JPG,F:/SIH_DATASET/processed/tomato\train\Early_blight\65e02ee3-6760-4416-b1a5-9556bea43d0b___RS_Erly.B 7772.JPG,e4a71a0fa30fc8eb6dca6ca0a0b38249a2e386695d3fd8dbff15459c583d03b4,DEDUPLICATED
Tomato,F:/SIH_DATASET/processed/tomato\train\Early_blight\EB_(311).JPG,F:/SIH_DATASET/processed/tomato\train\Early_blight\68d12608-22a0-4b11-ab99-37cb4cd6fdce___RS_Erly.B 6392.JPG,a6589481427e860db29e65444010f61aae33d204b980956facded32eb5928112,DEDUPLICATED
Tomato,F:/SIH_DATASET/processed/tomato\train\Early_blight\EB_(312).JPG,F:/SIH_DATASET/processed/tomato\train\Early_blight\68f9f67d-e84a-4551-871c-7b56aab9defc___RS_Erly.B 7693.JPG,76dee6b594ba961aef87ffeadb76ff1024829a97c8c51f52de6eb0ba006d2cc8,DEDUPLICATED
Tomato,F:/SIH_DATASET/processed/tomato\train\Early_blight\EB_(314).JPG,F:/SIH_DATASET/processed/tomato\train\Early_blight\69eba018-9404-4e15-ad5f-75830ea4cbc9___RS_Erly.B 7691.JPG,f2aa92f218fbd0b41b0b0c774245a06893780cd25daf3225429a150a3b0333d0,DEDUPLICATED
Tomato,F:/SIH_DATASET/processed/tomato\train\Early_blight\EB_(315).JPG,F:/SIH_DATASET/processed/tomato\train\Early_blight\69ec13bc-48bf-4a91-adc0-acb4386979ac___RS_Erly.B 7732.JPG,babfb36656800b9c66af34ff3f3b5e6f1120c6590c68d3ae4d8a47bbccc921cd,DEDUPLICATED
Tomato,F:/SIH_DATASET/processed/tomato\train\Early_blight\EB_(316).JPG,F:/SIH_DATASET/processed/tomato\train\Early_blight\70d0d259-85a6-4be5-8d47-dba059c5c259___RS_Erly.B 7539.JPG,34b8a4bb95b27ec90b41e46481355c3253cbd7fecd26386becb191b2bce7653f,DEDUPLICATED
Tomato,F:/SIH_DATASET/processed/tomato\train\Early_blight\EB_(317).JPG,F:/SIH_DATASET/processed/tomato\train\Early_blight\70de9ac6-f90f-441f-a51f-217f55213234___RS_Erly.B 9568.JPG,5234fef63ddb5da381232e53e70b736d5c78c63dbd41eb80bd07eae382b492ef,DEDUPLICATED
Tomato,F:/SIH_DATASET/processed/tomato\train\Early_blight\EB_(318).JPG,F:/SIH_DATASET/processed/tomato\train\Early_blight\70ef2f0f-3070-443d-b94f-983b87b41791___RS_Erly.B 9385.JPG,2c245e69ea98fa86b4dadf9a2325903376ca76ee89a90cc55e359c6e543d550f,DEDUPLICATED
Tomato,F:/SIH_DATASET/processed/tomato\train\Early_blight\EB_(319).JPG,F:/SIH_DATASET/processed/tomato\train\Early_blight\70ef7eee-0584-44fc-9c5d-95b504554266___RS_Erly.B 7709.JPG,f508ec08432c0139a2e7a104c70089ba2faca55c30624665beed0e2115f61edc,DEDUPLICATED
Tomato,F:/SIH_DATASET/processed/tomato\train\Early_blight\EB_(323).JPG,F:/SIH_DATASET/processed/tomato\train\Early_blight\72c6a88e-87d8-45cb-8001-3dd67f90d46c___RS_Erly.B 8245.JPG,1441d3ea3631005037598944accff6f9ee744bef3ba2e976394884fa9b431025,DEDUPLICATED
Tomato,F:/SIH_DATASET/processed/tomato\train\Early_blight\EB_(325).JPG,F:/SIH_DATASET/processed/tomato\train\Early_blight\73bbd57a-8733-4b2a-a38d-f304ea890c62___RS_Erly.B 9548.JPG,7a95a130bdec63e2cd44d31a626c2de7f8d2d893809b759aff0b3456adcd570c,DEDUPLICATED
Tomato,F:/SIH_DATASET/processed/tomato\train\Early_blight\EB_(328).JPG,F:/SIH_DATASET/processed/tomato\train\Early_blight\074bc781-f586-46b0-bef5-0237e3bf5043___RS_Erly.B 8375.JPG,9a445d2012e007074fb1cd79e3e9c2163452ef85aa852d1de04982aeb6d2eff7,DEDUPLICATED
Tomato,F:/SIH_DATASET/processed/tomato\train\Early_blight\EB_(330).JPG,F:/SIH_DATASET/processed/tomato\train\Early_blight\74c0d66d-a12d-4b9d-9f24-e283b8273a7e___RS_Erly.B 8302.JPG,fab0d035a9c831696c1137e4e41b422f422d83915261edf3ba7625198f20b53f,DEDUPLICATED
Tomato,F:/SIH_DATASET/processed/tomato\train\Early_blight\EB_(334).JPG,F:/SIH_DATASET/processed/tomato\train\Early_blight\77ac0ab9-bc81-4de6-8f4d-72d15974d227___RS_Erly.B 7773.JPG,9fef86c24c3720c4bb4cc102baa0c6ae0267bd5256046d1fcac97de1cbfa8af5,DEDUPLICATED
Tomato,F:/SIH_DATASET/processed/tomato\train\Early_blight\EB_(335).JPG,F:/SIH_DATASET/processed/tomato\train\Early_blight\77b824b4-8d93-44cf-8e8d-b6433fea90b7___RS_Erly.B 6459.JPG,c85fa805314f84db8fc8e7644be028bbab093b62fd8843bc944e20ab2ba7e174,DEDUPLICATED
Tomato,F:/SIH_DATASET/processed/tomato\train\Early_blight\EB_(336).JPG,F:/SIH_DATASET/processed/tomato\train\Early_blight\77bd1b85-eaed-41f8-97b0-d6e91b6f953d___RS_Erly.B 8212.JPG,0c9c4d1b2a689aa29159b4c64090b7ffdde7ffcf7df48ceba15a89ac0ced1d85,DEDUPLICATED
Tomato,F:/SIH_DATASET/processed/tomato\train\Early_blight\EB_(338).JPG,F:/SIH_DATASET/processed/tomato\train\Early_blight\079e0d43-e9d2-4217-b8e8-2f3b989cdab2___RS_Erly.B 7588.JPG,4461e4ca740b332e596f2d72795d065192f93ed4404725e7298b7aba32347181,DEDUPLICATED
Tomato,F:/SIH_DATASET/processed/tomato\train\Early_blight\EB_(339).JPG,F:/SIH_DATASET/processed/tomato\train\Early_blight\79b737a7-eca5-4eb9-b30e-dd3e85640e55___RS_Erly.B 9492.JPG,5abe57a6ba8283275fd5391c2ea0d47c9bdd0e1fc4f5982462d36f3a9c191c7c,DEDUPLICATED
Tomato,F:/SIH_DATASET/processed/tomato\train\Early_blight\EB_(340).JPG,F:/SIH_DATASET/processed/tomato\train\Early_blight\79c34498-d83f-4afd-a339-074b4dbb20bd___RS_Erly.B 8450.JPG,79978a3df586a57e010b6b6a141139a69a174a1c71b5f863007b5c970dc96588,DEDUPLICATED
Tomato,F:/SIH_DATASET/processed/tomato\train\Early_blight\EB_(343).JPG,F:/SIH_DATASET/processed/tomato\train\Early_blight\81c427f2-5e52-43e2-a000-0a2a973e18f6___RS_Erly.B 7769.JPG,95ce7f4a43eb8d033cba58a30f0b10deea3450f845c46fba020eda70f62094e0,DEDUPLICATED
Tomato,F:/SIH_DATASET/processed/tomato\train\Early_blight\EB_(344).JPG,F:/SIH_DATASET/processed/tomato\train\Early_blight\82b12772-f0ea-4d47-9e1e-8f03bb1c20c5___RS_Erly.B 7429.JPG,2d2aedc62f081edd0ecf35d3d12cd88196dc7dade110571eb2490d51dfe9b28f,DEDUPLICATED
Tomato,F:/SIH_DATASET/processed/tomato\train\Early_blight\EB_(349).JPG,F:/SIH_DATASET/processed/tomato\train\Early_blight\89e0c6b5-8812-4a16-92eb-e63401b50051___RS_Erly.B 9589.JPG,e5e17f7846337906bfb05534b73c1c5aa2d9047ff2c107d08b4cbafc847aac89,DEDUPLICATED
Tomato,F:/SIH_DATASET/processed/tomato\train\Early_blight\EB_(350).JPG,F:/SIH_DATASET/processed/tomato\train\Early_blight\89e7a492-7347-4659-ac0b-2df664ed4c80___RS_Erly.B 8438.JPG,aa971b5bd221fbe35757c64f7b8f4cddfeaaaf61e0d20e066f7dc462df01db6f,DEDUPLICATED
Tomato,F:/SIH_DATASET/processed/tomato\train\Early_blight\EB_(352).JPG,F:/SIH_DATASET/processed/tomato\train\Early_blight\90b9c783-480b-4f9b-a97a-d632f60a8f24___RS_Erly.B 9566.JPG,e917f8d0b7ef2e2afcdb8975b7785a4315787f326c2d4c6eb5e9b2beee0c1c0d,DEDUPLICATED
Tomato,F:/SIH_DATASET/processed/tomato\train\Early_blight\EB_(353).JPG,F:/SIH_DATASET/processed/tomato\train\Early_blight\90c69e4c-c526-4f72-b0b0-4127fc6acb0a___RS_Erly.B 7782.JPG,97c9a0fed46b15a01d9e5ecbac98f22977bbbae325b082a3116e2e26f9a5cff2,DEDUPLICATED
Tomato,F:/SIH_DATASET/processed/tomato\train\Early_blight\EB_(354).JPG,F:/SIH_DATASET/processed/tomato\train\Early_blight\90ede7d6-c45b-4a97-8e77-9e8f66206418___RS_Erly.B 9581.JPG,d3bb95ab77dcfc359a8079262e8ae4f65b2f01008d60269b5dff951695d19cca,DEDUPLICATED
Tomato,F:/SIH_DATASET/processed/tomato\train\Early_blight\EB_(355).JPG,F:/SIH_DATASET/processed/tomato\train\Early_blight\90fd6e55-0c2c-4c8e-8742-5a87bc669633___RS_Erly.B 7356.JPG,3da22ebb06449201796b6270d798ffd512fb905cbd40ffe857908b74506c66e6,DEDUPLICATED
Tomato,F:/SIH_DATASET/processed/tomato\train\Early_blight\EB_(359).JPG,F:/SIH_DATASET/processed/tomato\train\Early_blight\95f5cf16-3e2d-4b96-9f3d-732cf1c60d6e___RS_Erly.B 7564.JPG,0adbd1067a48f9c4271134efe54ee45bd9a83a182b9b07d58370e41f37ea085a,DEDUPLICATED
Tomato,F:/SIH_DATASET/processed/tomato\train\Early_blight\EB_(360).JPG,F:/SIH_DATASET/processed/tomato\train\Early_blight\96aa2fd2-d8dc-4650-9b56-7b0f25f27edf___RS_Erly.B 7821.JPG,4c09f8c9dcc51f2346cfda089e098e3e7bf3ef12f4b3ad84ee19c7af2049c5a9,DEDUPLICATED
Tomato,F:/SIH_DATASET/processed/tomato\train\Early_blight\EB_(365).JPG,F:/SIH_DATASET/processed/tomato\train\Early_blight\99ea67c9-4c24-40b3-8a62-88233a53dc4a___RS_Erly.B 7522.JPG,50327d8d30bdd16fdb89f21f24089d976a664e433736671255e9287f159c8a9c,DEDUPLICATED
Tomato,F:/SIH_DATASET/processed/tomato\train\Early_blight\EB_(368).JPG,F:/SIH_DATASET/processed/tomato\train\Early_blight\121e9cbe-77d2-43ca-8e04-17a556a1c2b2___RS_Erly.B 7512.JPG,290328a30b543b8dad68de57b06cf252240d2e81cf1bbf2a99e870e1f811de24,DEDUPLICATED
Tomato,F:/SIH_DATASET/processed/tomato\train\Early_blight\EB_(371).JPG,F:/SIH_DATASET/processed/tomato\train\Early_blight\164f6427-eeed-42da-bb51-ec07a57840dc___RS_Erly.B 9372.JPG,9632ea6211366b630edfc84d9f8d6e3fcbd93cd8346b1eb224f14018c0a41c65,DEDUPLICATED
Tomato,F:/SIH_DATASET/processed/tomato\train\Early_blight\EB_(373).JPG,F:/SIH_DATASET/processed/tomato\train\Early_blight\197fa869-c124-436e-b3cd-bced95f52a8e___RS_Erly.B 7834.JPG,5fdd8b43615bdc6732a30182efffb11617538be9dd9ff4191e88b9cce7b0484d,DEDUPLICATED
Tomato,F:/SIH_DATASET/processed/tomato\train\Early_blight\EB_(374).JPG,F:/SIH_DATASET/processed/tomato\train\Early_blight\203d84bc-4acc-4cad-b4f9-f659ae641876___RS_Erly.B 7615.JPG,d38328e512db1912f907e1af0f4a905aba38a83030d70213c2b8bccb6f489991,DEDUPLICATED
Tomato,F:/SIH_DATASET/processed/tomato\train\Early_blight\EB_(377).JPG,F:/SIH_DATASET/processed/tomato\train\Early_blight\248a61d1-ed39-452b-b985-77120c1edc7a___RS_Erly.B 7669.JPG,b8052495db9d5c4f2cea6c47c993e053a22fe61e4ba05622ba55898123834882,DEDUPLICATED
Tomato,F:/SIH_DATASET/processed/tomato\train\Early_blight\EB_(381).JPG,F:/SIH_DATASET/processed/tomato\train\Early_blight\257ffdcb-bd8b-4d18-98cc-e63a118155ea___RS_Erly.B 9520.JPG,8116915e10178eac4b82371621527a55653b1fdab070e0531a80e53eb36ef12e,DEDUPLICATED
Tomato,F:/SIH_DATASET/processed/tomato\train\Early_blight\EB_(382).JPG,F:/SIH_DATASET/processed/tomato\train\Early_blight\258e6e39-d791-482c-921d-65048753770a___RS_Erly.B 9422.JPG,ba3fdf1f368fadfe67d1c516dd2317261d28b5083ae5f58328166cb3a942c386,DEDUPLICATED
Tomato,F:/SIH_DATASET/processed/tomato\train\Early_blight\EB_(385).JPG,F:/SIH_DATASET/processed/tomato\train\Early_blight\297feea8-4707-4d39-a6af-b1c0e3403935___RS_Erly.B 7816.JPG,7596b08317a9c86b6f9b7c471b3454ccf4f4506670c5765b95c258ac995c48f9,DEDUPLICATED
Tomato,F:/SIH_DATASET/processed/tomato\train\Early_blight\EB_(387).JPG,F:/SIH_DATASET/processed/tomato\train\Early_blight\325b9138-a030-4156-ae85-20de17e89f7e___RS_Erly.B 7807.JPG,8297cf13888a80cf8d37d2421604994490a2797e4275a371563a4e63972e72ec,DEDUPLICATED
Tomato,F:/SIH_DATASET/processed/tomato\train\Early_blight\EB_(388).JPG,F:/SIH_DATASET/processed/tomato\train\Early_blight\342d78c9-af97-4325-ad0f-0f12e0a206c2___RS_Erly.B 7406.JPG,d76c731f0115131bf3e0a46cf02ef0036e2a353ac8e8a32a3ffcb809197a0d08,DEDUPLICATED
Tomato,F:/SIH_DATASET/processed/tomato\train\Early_blight\EB_(391).JPG,F:/SIH_DATASET/processed/tomato\train\Early_blight\366e550d-8604-44cd-b239-325d9e14a4f4___RS_Erly.B 6378.JPG,46539005733c1661bc3df0104ebdb2a57ff3cd2c720b7ea313346923ceedbc3f,DEDUPLICATED
Tomato,F:/SIH_DATASET/processed/tomato\train\Early_blight\EB_(392).JPG,F:/SIH_DATASET/processed/tomato\train\Early_blight\375a4113-c296-4b3a-897b-da6f4ac660dc___RS_Erly.B 6408.JPG,a379c59f3c81d533ed9bf675e473830270e86a73d893dab17e4d8e7994d898e3,DEDUPLICATED
Tomato,F:/SIH_DATASET/processed/tomato\train\Early_blight\EB_(393).JPG,F:/SIH_DATASET/processed/tomato\train\Early_blight\0378db62-5231-4eff-815d-c0deb0043e80___RS_Erly.B 7464.JPG,2e2a0d622869aab536ac8d0c6f81f34ad0281db024034b84fddbf148335c80e7,DEDUPLICATED
Tomato,F:/SIH_DATASET/processed/tomato\train\Early_blight\EB_(394).JPG,F:/SIH_DATASET/processed/tomato\train\Early_blight\386b2d80-35c1-4fa5-98b6-f78c1c9cfb36___RS_Erly.B 6470.JPG,ffb14941ff0bf3e95bcb3aeb5ea3d7232aec8155ba6d17a562d752880812b5b2,DEDUPLICATED
Tomato,F:/SIH_DATASET/processed/tomato\train\Early_blight\EB_(396).JPG,F:/SIH_DATASET/processed/tomato\train\Early_blight\392df5d9-0383-4ce9-a6fa-17d09cdc3c62___RS_Erly.B 9497.JPG,172aca0ae55cbaa8736fc575f4d7ec3097f0c8c78385356da2420695085b6c5a,DEDUPLICATED
Tomato,F:/SIH_DATASET/processed/tomato\train\Early_blight\EB_(397).JPG,F:/SIH_DATASET/processed/tomato\train\Early_blight\394ebb8a-49b8-4122-bd81-f3c862491db9___RS_Erly.B 7513.JPG,69a0106f4bc435bd1479cf52dfc44b95c6642b3be9dbd3d43384134a8ffcf4ac,DEDUPLICATED
Tomato,F:/SIH_DATASET/processed/tomato\train\Early_blight\EB_(399).JPG,F:/SIH_DATASET/processed/tomato\train\Early_blight\398d72f7-db26-4138-9364-eb506f9495f4___RS_Erly.B 9450.JPG,68698955269ba6683de2cb798afc0f024a991c83d829d1fb16f94fc40f361844,DEDUPLICATED
Tomato,F:/SIH_DATASET/processed/tomato\train\Early_blight\EB_(401).JPG,F:/SIH_DATASET/processed/tomato\train\Early_blight\407d9731-c2d8-48c1-8712-9719c185791c___RS_Erly.B 9496.JPG,70b9647ca5576b7b559ad712e33a912a5c34c589d70fe8ab409c191c94e41be8,DEDUPLICATED
Tomato,F:/SIH_DATASET/processed/tomato\train\Early_blight\EB_(402).JPG,F:/SIH_DATASET/processed/tomato\train\Early_blight\411f8908-2bb4-45dc-b1d1-314cc951f0a9___RS_Erly.B 9526.JPG,40be6592d164bb2b1d66041e43b161c8b66b372a0d4c59fbc687d8728b461512,DEDUPLICATED
Tomato,F:/SIH_DATASET/processed/tomato\train\Early_blight\EB_(403).JPG,F:/SIH_DATASET/processed/tomato\train\Early_blight\420da335-510d-4e55-ac9c-2cad3530ad68___RS_Erly.B 8442.JPG,e28420d960641b6d1c3510551d3ac1ed303276cd65a895ca4677f269b7a402c0,DEDUPLICATED
Tomato,F:/SIH_DATASET/processed/tomato\train\Early_blight\EB_(404).JPG,F:/SIH_DATASET/processed/tomato\train\Early_blight\467b230b-ca0c-4f44-bf22-3e6e0454d51a___RS_Erly.B 9429.JPG,0eba8e9df995b37a4359c477a161de136b89f001e2d3991597bdb5f682cd4292,DEDUPLICATED
Tomato,F:/SIH_DATASET/processed/tomato\train\Early_blight\EB_(406).JPG,F:/SIH_DATASET/processed/tomato\train\Early_blight\468dba17-366a-422f-b3b6-061261942b0d___RS_Erly.B 7853.JPG,e8426148dde0378a7fe1af7a084e6becefe9822ead75302330760acc79ecaeba,DEDUPLICATED
Tomato,F:/SIH_DATASET/processed/tomato\train\Early_blight\EB_(408).JPG,F:/SIH_DATASET/processed/tomato\train\Early_blight\496e8f67-eec4-47be-9c37-b7e8fd4cf230___RS_Erly.B 7743.JPG,a355fc855d2eea8bea6e8e8c350a8961601ed60f61c7341742e3e78c1f3898be,DEDUPLICATED
Tomato,F:/SIH_DATASET/processed/tomato\train\Early_blight\EB_(409).JPG,F:/SIH_DATASET/processed/tomato\train\Early_blight\498e5205-4421-4ec6-80b5-e4f79156b1c5___RS_Erly.B 7362.JPG,3bcfb48a87a4f6928f41fc161ae8c060c0aeb98af585e53286b54defede7f97d,DEDUPLICATED
Tomato,F:/SIH_DATASET/processed/tomato\train\Early_blight\EB_(411).JPG,F:/SIH_DATASET/processed/tomato\train\Early_blight\511fb1ba-bef6-4144-9e05-461a66022cba___RS_Erly.B 8435.JPG,53d9b4cc8d2c74c9db24bb52262c845c5aae1d5903250bfaff0fbd12412a861a,DEDUPLICATED
Tomato,F:/SIH_DATASET/processed/tomato\train\Early_blight\EB_(413).JPG,F:/SIH_DATASET/processed/tomato\train\Early_blight\533debcd-c993-4c11-8515-9ec280cdc023___RS_Erly.B 7389.JPG,6a8b1b3fb7eea63653742eb79b25354b58ac31a9b620154fa55fbddcd45de1b9,DEDUPLICATED
Tomato,F:/SIH_DATASET/processed/tomato\train\Early_blight\EB_(414).JPG,F:/SIH_DATASET/processed/tomato\train\Early_blight\535c3c4f-c082-4dd7-a98b-2e16cb377d89___RS_Erly.B 7770.JPG,4c16c0c8b1d52471457a96ade038b6f50f0461ee5f8cbb91387b5f20bfd376c1,DEDUPLICATED
Tomato,F:/SIH_DATASET/processed/tomato\train\Early_blight\EB_(415).JPG,F:/SIH_DATASET/processed/tomato\train\Early_blight\546af1f7-3d4f-4024-88b1-f981fea7f2dd___RS_Erly.B 9455.JPG,0ea694c8599c51559b06e336d5c297522086bbca34dcc9c669fc0c4386d5214f,DEDUPLICATED
Tomato,F:/SIH_DATASET/processed/tomato\train\Early_blight\EB_(416).JPG,F:/SIH_DATASET/processed/tomato\train\Early_blight\553d53a5-19f3-433e-9805-d3bf5a3804b1___RS_Erly.B 7580.JPG,b93a6cfa5c0a4b78b5228c9aa76c18b2c1d4763d241c7dc23f2f1ed90edd296e,DEDUPLICATED
Tomato,F:/SIH_DATASET/processed/tomato\train\Early_blight\EB_(417).JPG,F:/SIH_DATASET/processed/tomato\train\Early_blight\573fc55b-8a73-48ba-b916-5d7f397977e4___RS_Erly.B 8384.JPG,2881848367df3ff2279bb7a16b58e6f7cdef0566547ac33cee1136b33e6cc5f2,DEDUPLICATED
Tomato,F:/SIH_DATASET/processed/tomato\train\Early_blight\EB_(56).JPG,F:/SIH_DATASET/processed/tomato\train\Early_blight\2b5bebdd-3af4-41ca-b206-efc1a141e71d___RS_Erly.B 6363.JPG,026524c606c86436e64cf069501ec07c5f6e64dbcbcccc599a705bd5caff28a3,DEDUPLICATED
Tomato,F:/SIH_DATASET/processed/tomato\train\Early_blight\EB_(572).JPG,F:/SIH_DATASET/processed/tomato\train\Early_blight\8039671d-c264-49aa-bfbc-81fabe24b007___RS_Erly.B 9397.JPG,82cc0d3a95b1ff46f136625c6c59143a9e2fd6735e9b7c702ca2f5274ef4bb9d,DEDUPLICATED
Tomato,F:/SIH_DATASET/processed/tomato\train\Early_blight\EB_(573).JPG,F:/SIH_DATASET/processed/tomato\train\Early_blight\8485290f-ef3b-4011-8ff1-02060013a722___RS_Erly.B 7703.JPG,a26288163866c7f9d5445bc3862951527b819ce5a94f66f768b26e4034eb6039,DEDUPLICATED
Tomato,F:/SIH_DATASET/processed/tomato\train\Early_blight\EB_(575).JPG,F:/SIH_DATASET/processed/tomato\train\Early_blight\8647963f-aacb-44f3-82bc-fa749bc65694___RS_Erly.B 6391.JPG,78fc720db128a7a8bcf616754177713a3b575f29dcb2ef1fc0dde756fcaa6195,DEDUPLICATED
Tomato,F:/SIH_DATASET/processed/tomato\train\Early_blight\EB_(577).JPG,F:/SIH_DATASET/processed/tomato\train\Early_blight\8824899d-1dce-4729-860b-336d563bc268___RS_Erly.B 7837.JPG,72d4c4b11d7dada9c3b68703677b7670a3e28bbb6b13e573ca0ceb7e768ca8f9,DEDUPLICATED
Tomato,F:/SIH_DATASET/processed/tomato\train\Early_blight\EB_(578).JPG,F:/SIH_DATASET/processed/tomato\train\Early_blight\9080624e-b5eb-456b-9743-2406cdd01113___RS_Erly.B 9618.JPG,aee46e389ce4e6436b85594983ac2b461e3e1463998fdae7f013851d98ecc492,DEDUPLICATED
Tomato,F:/SIH_DATASET/processed/tomato\train\Early_blight\EB_(584).JPG,F:/SIH_DATASET/processed/tomato\train\Early_blight\25430871-a740-4dd8-a836-bf2d52eb233b___RS_Erly.B 6420.JPG,dabdf50438170b227b85bf5a8101df5119b2ea45b4d9920c97698216cb6c4458,DEDUPLICATED
Tomato,F:/SIH_DATASET/processed/tomato\train\Early_blight\EB_(585).JPG,F:/SIH_DATASET/processed/tomato\train\Early_blight\29345423-647e-4e1b-81f4-16d8cfc0e137___RS_Erly.B 7422.JPG,47dc40895bcab1472066a1fcafbaf0a4185f59400ac76dceff8e9f3936fd4e0f,DEDUPLICATED
Tomato,F:/SIH_DATASET/processed/tomato\train\Early_blight\EB_(587).JPG,F:/SIH_DATASET/processed/tomato\train\Early_blight\32065728-b0b0-4840-b2cc-7461b371e57f___RS_Erly.B 6407.JPG,a8d547dbacb31b15e03b37f913904d7e2c48baf7895ede2c3167cbb905754b2f,DEDUPLICATED
Tomato,F:/SIH_DATASET/processed/tomato\train\Early_blight\EB_(588).JPG,F:/SIH_DATASET/processed/tomato\train\Early_blight\34044338-c693-4604-8764-35eaece11e56___RS_Erly.B 9483.JPG,d1f3a3888ec1701d0e6f910543b014985b6a60c311fcb8d8e15887fb2bf67a84,DEDUPLICATED
Tomato,F:/SIH_DATASET/processed/tomato\train\Early_blight\EB_(591).JPG,F:/SIH_DATASET/processed/tomato\train\Early_blight\62394305-3fca-4782-ad4a-b5670fcfac61___RS_Erly.B 7395.JPG,f94edef640ee5f28165099ebe2a9c278cc67e33e05cf7e191d28eceac33eb581,DEDUPLICATED
Tomato,F:/SIH_DATASET/processed/tomato\train\Early_blight\EB_(593).JPG,F:/SIH_DATASET/processed/tomato\train\Early_blight\65590648-dcda-4455-b1ca-9311e4e6d0af___RS_Erly.B 7659.JPG,71d43d890be0981258e1d986b92b2deac4953008485f23a0580c04c991127534,DEDUPLICATED
Tomato,F:/SIH_DATASET/processed/tomato\train\Early_blight\EB_(594).JPG,F:/SIH_DATASET/processed/tomato\train\Early_blight\75128610-8633-4000-8f74-17b6cff222d7___RS_Erly.B 6341.JPG,77da9c0dea190527b237e03ec3383e09a8181abac29b8f98385078d64316befa,DEDUPLICATED
Tomato,F:/SIH_DATASET/processed/tomato\train\Early_blight\EB_(73).JPG,F:/SIH_DATASET/processed/tomato\train\Early_blight\3a5a5775-fd2c-43ea-ad6b-ce2e50b36dcf___RS_Erly.B 6469.JPG,5f4013ec2cf45720e8927b176fce45d331328943ef7d0493d077dcc9a2a3e393,DEDUPLICATED
Tomato,F:/SIH_DATASET/processed/tomato\train\Early_blight\EB_(74).JPG,F:/SIH_DATASET/processed/tomato\train\Early_blight\3a7c19c6-a86d-4127-b00e-600cb0244ac4___RS_Erly.B 6415.JPG,ea46c28e9f55a57b7415f0b1f02d15de0f71c3962f26cbfe9c360639bc65ef9b,DEDUPLICATED
Tomato,F:/SIH_DATASET/processed/tomato\train\Early_blight\EB_(75).JPG,F:/SIH_DATASET/processed/tomato\train\Early_blight\3a8ed6b0-1566-4ab1-b0e2-6a670dfca65a___RS_Erly.B 7653.JPG,ef5c956697b271013faa9e4639ecf4eb75300ae6ebf70064db2f8eb4c29d054e,DEDUPLICATED
Tomato,F:/SIH_DATASET/processed/tomato\train\Early_blight\EB_(77).JPG,F:/SIH_DATASET/processed/tomato\train\Early_blight\3a634ad7-1119-4ea1-9268-bedc8308fdc8___RS_Erly.B 7841.JPG,fa339b98abb2195509f44931377a4071bd61b2f310ccf5a58b84eb4673609a02,DEDUPLICATED
Tomato,F:/SIH_DATASET/processed/tomato\train\Early_blight\EB_(79).JPG,F:/SIH_DATASET/processed/tomato\train\Early_blight\3b0f2e65-0005-4b3a-b63c-4ec99b3b92e5___RS_Erly.B 8227.JPG,581f30b256fb312408a0c2426befaaeb510849a6d20203e2127d26e5ec66ab51,DEDUPLICATED
Tomato,F:/SIH_DATASET/processed/tomato\train\Early_blight\EB_(81).JPG,F:/SIH_DATASET/processed/tomato\train\Early_blight\3b86d42f-4b22-4bfe-bfa9-ec4567c886dc___RS_Erly.B 7823.JPG,52a91b6e9b546a299def21a13bfc98c9d468e1cc82ac20ded371ac9fbfad5aa9,DEDUPLICATED
Tomato,F:/SIH_DATASET/processed/tomato\train\Early_blight\EB_(82).JPG,F:/SIH_DATASET/processed/tomato\train\Early_blight\3b3193c5-e717-4b40-b450-7ee5c6e22d1a___RS_Erly.B 9382.JPG,be5b7f2381849515d204cc00805700c0d504670c41e396d9d73d95f147b2cb22,DEDUPLICATED
Tomato,F:/SIH_DATASET/processed/tomato\train\Early_blight\EB_(85).JPG,F:/SIH_DATASET/processed/tomato\train\Early_blight\3c5e2faa-3bca-4d88-8841-fa06cf7388f1___RS_Erly.B 9599.JPG,c77500698c66a7fb79c7174dde615b89a271a0314e40900027d0ebf0f9d326ec,DEDUPLICATED
Tomato,F:/SIH_DATASET/processed/tomato\train\Early_blight\EB_(88).JPG,F:/SIH_DATASET/processed/tomato\train\Early_blight\3d8e1f90-be34-4da7-b124-a98eddb346d1___RS_Erly.B 7414.JPG,3fee1154b394775039edb06e44708fc985e828d93822bc7fe2d80845d9dcec50,DEDUPLICATED
Tomato,F:/SIH_DATASET/processed/tomato\train\Early_blight\EB_(89).JPG,F:/SIH_DATASET/processed/tomato\train\Early_blight\3d9a4538-4797-45fe-8cff-104237e19368___RS_Erly.B 7729.JPG,af964e62c676ad408af67a4cfd42d889c68eb5c45eff387cb213cf361ab9b77f,DEDUPLICATED
Tomato,F:/SIH_DATASET/processed/tomato\train\Early_blight\EB_(90).JPG,F:/SIH_DATASET/processed/tomato\train\Early_blight\3dab5935-91ca-489d-b4f4-127300fc527e___RS_Erly.B 6342.JPG,48307e88c6676f9ef0b4716191179c2926e443d971abeedcc6b2f3693a3c1c74,DEDUPLICATED
Tomato,F:/SIH_DATASET/processed/tomato\train\Early_blight\EB_(92).JPG,F:/SIH_DATASET/processed/tomato\train\Early_blight\3e9af11d-b43d-4bfd-9cdf-1b0d847d3bf6___RS_Erly.B 7739.JPG,16906f147f2980847bcce6310e45af185fb3e931003b1dd809874776d4998e4d,DEDUPLICATED
Tomato,F:/SIH_DATASET/processed/tomato\train\Early_blight\EB_(96).JPG,F:/SIH_DATASET/processed/tomato\train\Early_blight\3fa32b26-e7bb-493e-b7c2-c40e3f3df380___RS_Erly.B 9546.JPG,461493d58cdf1a65cca9ba7fcc259013f19aa5aa3cb216386bd39d552a320b89,DEDUPLICATED
Tomato,F:/SIH_DATASET/processed/tomato\train\Early_blight\EB_(98).JPG,F:/SIH_DATASET/processed/tomato\train\Early_blight\04ddbde3-d33c-42bf-b849-dad24d64fd6f___RS_Erly.B 7664.JPG,38093b22f698ad2707c507a8d446ac95d18f553dcec85201d567bd8c642cd65f,DEDUPLICATED
Tomato,F:/SIH_DATASET/processed/tomato\train\Early_blight\EB_(99).JPG,F:/SIH_DATASET/processed/tomato\train\Early_blight\04e38351-80bc-4260-8a4d-187f7817c3e5___RS_Erly.B 7439.JPG,430d3d965dd221b0441861a15aa1c1a1979dcd24eb75d44a40d668c5b8e54738,DEDUPLICATED
Tomato,F:/SIH_DATASET/processed/tomato\train\Early_blight\Early_Blight_of_Tomato1687.jpg,F:/SIH_DATASET/processed/tomato\train\Early_blight\EB_(27).jpg,12ce0c3a8c2a2004e28e6927eddfa5199c1e7b5e1bc3f2cf6f1d9eb43824f620,DEDUPLICATED
Tomato,F:/SIH_DATASET/processed/tomato\train\Early_blight\Tomato-early-blight_1_1-12wmver.jpg,F:/SIH_DATASET/processed/tomato\train\Early_blight\EB_(991).jpg,d9184e763d4bab679a6227ddbacc931f2b869df0c0c1d7a4fd57b54c33951004,DEDUPLICATED
Tomato,F:/SIH_DATASET/processed/tomato\train\Early_blight\a0cb35c3-0ae6-4b64-a42f-d14006f3d315___RS_Erly.B 7357.JPG,F:/SIH_DATASET/processed/tomato\train\Early_blight\EB_(596).JPG,f76dc045990c91aa824bfcb897ffc8bc4a62718f32e91f7ac116bec62b280c9c,DEDUPLICATED
Tomato,F:/SIH_DATASET/processed/tomato\train\Early_blight\a0db48a5-bbb6-4374-ad9f-8132e33280f5___RS_Erly.B 7791.JPG,F:/SIH_DATASET/processed/tomato\train\Early_blight\EB_(597).JPG,4cd2b070b24f0d602aeba34392a692907d31583e5cb71c7e54138dc525434bd4,DEDUPLICATED
Tomato,F:/SIH_DATASET/processed/tomato\train\Early_blight\a2b13360-65ce-4302-8bec-50bdc1b9789d___RS_Erly.B 9446.JPG,F:/SIH_DATASET/processed/tomato\train\Early_blight\EB_(600).JPG,2f78788a6b4f815e2747e76d514a6f03a5c1296245f0eb58076c0c38127c843e,DEDUPLICATED
Tomato,F:/SIH_DATASET/processed/tomato\train\Early_blight\a2da7455-c116-4d02-b506-89183f817d78___RS_Erly.B 9371.JPG,F:/SIH_DATASET/processed/tomato\train\Early_blight\EB_(601).JPG,3d20144268d2d87b41dbce693c3fa53128d7b4a11db7509464c2f1848cacbc5c,DEDUPLICATED
Tomato,F:/SIH_DATASET/processed/tomato\train\Early_blight\a4bf3663-8d32-49e7-8394-cd0d29531704___RS_Erly.B 9465.JPG,F:/SIH_DATASET/processed/tomato\train\Early_blight\EB_(605).JPG,e0120691a1c7a4591ba694e51dfd82ba043d3a12dab6eb1c31ac20225d5c6098,DEDUPLICATED
Tomato,F:/SIH_DATASET/processed/tomato\train\Early_blight\a52492e3-7916-4a13-a175-6a6c0dd3440a___RS_Erly.B 7613.JPG,F:/SIH_DATASET/processed/tomato\train\Early_blight\EB_(638).JPG,a7e48f77a45fc6b314674b934ffbbce1ef86fd45e95144a64981b8f91a9c0a69,DEDUPLICATED
Tomato,F:/SIH_DATASET/processed/tomato\train\Early_blight\a5b33d5a-99bc-43b9-b408-aaf9535189e0___RS_Erly.B 8372.JPG,F:/SIH_DATASET/processed/tomato\train\Early_blight\EB_(606).JPG,4cd5ec37b1bfc469586af4862a79c48ec2772820c0f6f0bdd94181a030d244b0,DEDUPLICATED
Tomato,F:/SIH_DATASET/processed/tomato\train\Early_blight\a87f4fa1-5d7b-42e9-81ed-127aa62ad1e6___RS_Erly.B 8258.JPG,F:/SIH_DATASET/processed/tomato\train\Early_blight\EB_(627).JPG,bbb7c172dd1a202665e151f01e1fd059454da0ae2b2198ce8690c28a7c5c9cb2,DEDUPLICATED
Tomato,F:/SIH_DATASET/processed/tomato\train\Early_blight\a8844870-0efc-494c-af8c-d5c94fd619f3___RS_Erly.B 7756.JPG,F:/SIH_DATASET/processed/tomato\train\Early_blight\EB_(639).JPG,5a76ed60561aa960db8ddfd93432fe5e7e780d5641ef9ad3eb303274cfc980e7,DEDUPLICATED
Tomato,F:/SIH_DATASET/processed/tomato\train\Early_blight\a8d93308-45b8-46e0-b708-02c325d6b027___RS_Erly.B 9535.JPG,F:/SIH_DATASET/processed/tomato\train\Early_blight\EB_(616).JPG,b707d8c2f6873063d80b17e9510da42d894ad24777f506fe1006e8baadbb50d5,DEDUPLICATED
Tomato,F:/SIH_DATASET/processed/tomato\train\Early_blight\a8e1a7a4-d45d-4072-9c25-6f7685f8f08b___RS_Erly.B 9387.JPG,F:/SIH_DATASET/processed/tomato\train\Early_blight\EB_(617).JPG,c9a6e8340f9ed6b85555c071a64581cdd13997f2a5d96c775a9eba54e42ba570,DEDUPLICATED
Tomato,F:/SIH_DATASET/processed/tomato\train\Early_blight\ac804481-f1b0-498c-a6af-a66da467f84e___RS_Erly.B 7760.JPG,F:/SIH_DATASET/processed/tomato\train\Early_blight\EB_(649).JPG,43d1d5f3cc0e7ae44aa84a099eef6c5c6aaee269468c8fa0bf0d47f63574d326,DEDUPLICATED
Tomato,F:/SIH_DATASET/processed/tomato\train\Early_blight\aca65de6-6464-4f8c-803d-b55f92f950f8___RS_Erly.B 6663.JPG,F:/SIH_DATASET/processed/tomato\train\Early_blight\EB_(650).JPG,22e83a2c6912d6a8fb7e436e6d4adaf9adb0a9531a430869ba2058361607ac3d,DEDUPLICATED
Tomato,F:/SIH_DATASET/processed/tomato\train\Early_blight\afc527c5-c9b2-478b-8df0-ff66767191df___RS_Erly.B 7473.JPG,F:/SIH_DATASET/processed/tomato\train\Early_blight\EB_(660).JPG,5d340ad2ece899278b0a4bd947198236f7c1f4f929f88af72a145780b421a5f9,DEDUPLICATED
Tomato,F:/SIH_DATASET/processed/tomato\train\Early_blight\c410d512-4708-49dd-ba8f-efce2796a3f5___RS_Erly.B 7602.JPG,F:/SIH_DATASET/processed/tomato\train\Early_blight\EB_(747).JPG,340b6d324df37945b0d8a2f8f00432b6d609c94205383e76da861f64a6d4a1a3,DEDUPLICATED
Tomato,F:/SIH_DATASET/processed/tomato\train\Early_blight\c581e384-d3bd-4a55-a03a-761ebe1e4895___RS_Erly.B 7567.JPG,F:/SIH_DATASET/processed/tomato\train\Early_blight\EB_(748).JPG,953ad20e98b290773ed7044464b01982bbe1edfe7b0702333e7a17253befa728,DEDUPLICATED
Tomato,F:/SIH_DATASET/processed/tomato\train\Early_blight\c78483c5-424f-4a5f-aab3-5b909b62a7e6___RS_Erly.B 7541.JPG,F:/SIH_DATASET/processed/tomato\train\Early_blight\EB_(757).JPG,efdba0900b51e1b48c33ca7936a9f42488fb579a2d2de21c394e569b3114b9d5,DEDUPLICATED
Tomato,F:/SIH_DATASET/processed/tomato\train\Early_blight\c793a3d2-1f1d-486c-9140-87d2354c4874___RS_Erly.B 7545.JPG,F:/SIH_DATASET/processed/tomato\train\Early_blight\EB_(750).JPG,bf7336426d3ae85e3cb6f49c39396e1a517bca64b85f90490b5198dcfc8e730e,DEDUPLICATED
Tomato,F:/SIH_DATASET/processed/tomato\train\Early_blight\e084577f-bb13-4baf-8384-2b37eb430236___RS_Erly.B 7673.JPG,F:/SIH_DATASET/processed/tomato\train\Early_blight\EB_(874).JPG,5cfd9850e7b1ecd6657e2fe673db8f45308a857ad6e3436555fd2bd44455a993,DEDUPLICATED
Tomato,F:/SIH_DATASET/processed/tomato\train\Early_blight\e56354a5-5e3f-4ed6-bfe5-3c783a32dc98___RS_Erly.B 9413.JPG,F:/SIH_DATASET/processed/tomato\train\Early_blight\EB_(872).JPG,403031a7373a65c1d8dd8caac4cf469112d3d05a0d90550ef8402b1d99a81a02,DEDUPLICATED
Tomato,F:/SIH_DATASET/processed/tomato\train\Early_blight\e63371a7-2fb1-4446-9fb2-6d679485d2b0___RS_Erly.B 8415.JPG,F:/SIH_DATASET/processed/tomato\train\Early_blight\EB_(873).JPG,01ddae58e37b0aecf37cd46bb639af5039feeb3d1715ac50e4e2ee4851ff6064,DEDUPLICATED
Tomato,F:/SIH_DATASET/processed/tomato\train\Early_blight\e6645f63-afc8-416a-a4cb-0f5c719476ae___RS_Erly.B 6419.JPG,F:/SIH_DATASET/processed/tomato\train\Early_blight\EB_(871).JPG,84ff8fcfcbb005f2d339fd63eaa11a19a103a3da221a86c5d956fa70e0648075,DEDUPLICATED
Tomato,F:/SIH_DATASET/processed/tomato\train\Early_blight\e701c578-1fa3-4ed3-9874-5f90c6d2eb3c___RS_Erly.B 9583.JPG,F:/SIH_DATASET/processed/tomato\train\Early_blight\EB_(868).JPG,0672f5eb5411c91ded4ba5c7890d6ec57adc87db9cfa03e445c4c55c32d266e3,DEDUPLICATED
Tomato,F:/SIH_DATASET/processed/tomato\train\Early_blight\e7120235-6ae1-4642-8ec8-a16812aedce5___RS_Erly.B 9507.JPG,F:/SIH_DATASET/processed/tomato\train\Early_blight\EB_(877).JPG,fd9dfc5eb46f94143df0ed0a4c22c0fab8eecc12cb607a85cde843391ee53adf,DEDUPLICATED
Tomato,F:/SIH_DATASET/processed/tomato\train\Early_blight\e803b217-d9a9-4b0d-9ea1-679145625159___RS_Erly.B 9571.JPG,F:/SIH_DATASET/processed/tomato\train\Early_blight\EB_(869).JPG,2031eb6f2f97aea9444ae57f2e41a4ff0ff99f8ef077fe73eeb1c0b3d4ed23ea,DEDUPLICATED
Tomato,F:/SIH_DATASET/processed/tomato\train\Early_blight\ea08bf85-06df-41d8-8b09-29feb53cdccf___RS_Erly.B 7486.JPG,F:/SIH_DATASET/processed/tomato\train\Early_blight\EB_(878).JPG,bed0f39d966ff1eefbbd3efb2010c89f0c072f680c4a65b9d3e86c1265b0ee4e,DEDUPLICATED
Tomato,F:/SIH_DATASET/processed/tomato\train\Late_blight\2c47b891-3c97-48f1-a2cc-5aa53d3a1148___GHLB2 Leaf 9011.JPG,F:/SIH_DATASET/processed/tomato\train\Late_blight\1a69b38b-c4eb-42c4-9584-bcb14fb8db0c___GHLB2 Leaf 9011.JPG,7ff8410db407008bb9aecf0cc5505f2b47ffd89e508413a30ea983b4bc169714,DEDUPLICATED
Tomato,F:/SIH_DATASET/processed/tomato\train\Late_blight\2c47b891-3c97-48f1-a2cc-5aa53d3a1148___GHLB2 Leaf 9011_flipLR.JPG,F:/SIH_DATASET/processed/tomato\train\Late_blight\1a69b38b-c4eb-42c4-9584-bcb14fb8db0c___GHLB2 Leaf 9011_flipLR.JPG,468b12cc10b2411eab77918cd36de0a7d0005b47361125c0a1446d6b3bcf844b,DEDUPLICATED
Tomato,F:/SIH_DATASET/processed/tomato\train\Late_blight\5de6da85-f8c4-48c4-b463-3e6bd78884cc___GHLB_PS Leaf 24 Day 16_flipLR.jpg,F:/SIH_DATASET/processed/tomato\train\Late_blight\3fae9c64-18f0-4a67-9f97-554248bb1bed___GHLB_PS Leaf 24 Day 16_flipLR.jpg,1d202e8c6b21351c851a4220c6ac5be10c4bf7f659fa82f8cc54c512c4ee1bb9,DEDUPLICATED
Tomato,F:/SIH_DATASET/processed/tomato\train\Late_blight\LB_ (100).JPG,F:/SIH_DATASET/processed/tomato\train\Late_blight\014eee0c-8000-4762-b4b8-63ecc2fadc13___GHLB2ES Leaf 69.1.JPG,b522026f659f57fbb20f653b1ce1803c4819d5873932cc6d9109555258c284bd,DEDUPLICATED
Tomato,F:/SIH_DATASET/processed/tomato\train\Late_blight\LB_ (103).JPG,F:/SIH_DATASET/processed/tomato\train\Late_blight\15e1e8d7-e05a-4dc1-b872-364b15f004f0___RS_Late.B 4873.JPG,1ddb42b974f225f201438b3b245eda95495cae1d4cf3512ef5396ba0d6442ae5,DEDUPLICATED
Tomato,F:/SIH_DATASET/processed/tomato\train\Late_blight\LB_ (111).JPG,F:/SIH_DATASET/processed/tomato\train\Late_blight\17b9f7ec-5126-4d11-8c1b-a679e0fb9e74___GHLB2 Leaf 114.JPG,a006744a85a626c0cfe10db0a5d7537bea0da2fba57aa6f7785295da60a5e168,DEDUPLICATED
Tomato,F:/SIH_DATASET/processed/tomato\train\Late_blight\LB_ (113).JPG,F:/SIH_DATASET/processed/tomato\train\Late_blight\18ab423e-c11a-4800-a84b-4598f08560d8___RS_Late.B 6571.JPG,9b1ffd8128392ca6dca90ab2a664cde75ecf8541506fbc194ee200f3c96d2672,DEDUPLICATED
Tomato,F:/SIH_DATASET/processed/tomato\train\Late_blight\LB_ (114).JPG,F:/SIH_DATASET/processed/tomato\train\Late_blight\18cb836c-f351-41e4-933a-fae2feb4b9ad___RS_Late.B 6050.JPG,63e97c1be381805e5c1fe5274b7703cf8740d93b6baf69b72e4b3bff6d9df103,DEDUPLICATED
Tomato,F:/SIH_DATASET/processed/tomato\train\Late_blight\LB_ (115).JPG,F:/SIH_DATASET/processed/tomato\train\Late_blight\19b2b71e-d648-46fb-921d-a7858a1c67c7___GHLB2 Leaf 9102.JPG,5327d266a82a07f1b5887657e56f42d8b8914d159f1f9f98be386300d0cfc94e,DEDUPLICATED
Tomato,F:/SIH_DATASET/processed/tomato\train\Late_blight\LB_ (117).JPG,F:/SIH_DATASET/processed/tomato\train\Late_blight\19f3e2cd-2900-4043-bb15-31a0098d26b9___RS_Late.B 5197.JPG,2a180d76b0d8360b8dd2df65a1a26f1e3f59f4943f44eaa55c78caf5e2b62bb1,DEDUPLICATED
Tomato,F:/SIH_DATASET/processed/tomato\train\Late_blight\LB_ (118).JPG,F:/SIH_DATASET/processed/tomato\train\Late_blight\20ab7535-34d8-4bac-b3a7-4fa929a1bed3___GHLB2 Leaf 59.1.JPG,a852c0b6a300de54d54fade5cb782c87f266b321f080c706471a43f8c1f8658e,DEDUPLICATED
Tomato,F:/SIH_DATASET/processed/tomato\train\Late_blight\LB_ (119).JPG,F:/SIH_DATASET/processed/tomato\train\Late_blight\20b33342-6c05-4cab-9008-6f09548a0db9___RS_Late.B 5128.JPG,91b8faf7a6122d02520c1244b53729a2985ac461453eda1ac13eecd4f417836f,DEDUPLICATED
Tomato,F:/SIH_DATASET/processed/tomato\train\Late_blight\LB_ (120).JPG,F:/SIH_DATASET/processed/tomato\train\Late_blight\20fe383e-d172-4aee-b76c-d82420e93b0c___RS_Late.B 5519.JPG,f2dc1f2ebac8fd93973929c51e7a4114634621696e493c1cde12e9cc1562ce2e,DEDUPLICATED
Tomato,F:/SIH_DATASET/processed/tomato\train\Late_blight\LB_ (122).JPG,F:/SIH_DATASET/processed/tomato\train\Late_blight\021ca736-df21-458a-9010-fab4803f08fe___RS_Late.B 7010.JPG,00b24978ac887905b0be6d1da4edd93e9e183c5af6be6922ad033441a3a766fd,DEDUPLICATED
Tomato,F:/SIH_DATASET/processed/tomato\train\Late_blight\LB_ (123).JPG,F:/SIH_DATASET/processed/tomato\train\Late_blight\21a4f74f-08cb-44b8-9e40-3ff5a9c8a9da___GHLB Leaf 8.2 Day 7.JPG,7b1c5ccbac252980e22ff7dc9157804020a719a690f3266d8dfe8819d5d27406,DEDUPLICATED
Tomato,F:/SIH_DATASET/processed/tomato\train\Late_blight\LB_ (125).JPG,F:/SIH_DATASET/processed/tomato\train\Late_blight\21f3629a-8126-4f23-85c5-05636ff87644___RS_Late.B 6906.JPG,1096d9fe10e31c769be7335f48d8aee59829f81a816890d39f066788759588ca,DEDUPLICATED
Tomato,F:/SIH_DATASET/processed/tomato\train\Late_blight\LB_ (126).JPG,F:/SIH_DATASET/processed/tomato\train\Late_blight\22a34aab-076c-4e49-a584-9377c07b45aa___RS_Late.B 4866.JPG,86c017260de090c596b6707ab0ccfbf7c118a432385a08e7aa3b4e0975a308fa,DEDUPLICATED
Tomato,F:/SIH_DATASET/processed/tomato\train\Late_blight\LB_ (127).JPG,F:/SIH_DATASET/processed/tomato\train\Late_blight\22c36fa3-849f-4918-8790-99a8bda1e527___RS_Late.B 5987.JPG,ad0612cf305839957376384d2ba9b4558590d14a05be77dd1bedfe177f7b3e80,DEDUPLICATED
Tomato,F:/SIH_DATASET/processed/tomato\train\Late_blight\LB_ (129).JPG,F:/SIH_DATASET/processed/tomato\train\Late_blight\024dc5bb-7990-4256-b2b4-a8495b71cbd4___RS_Late.B 6064.JPG,519506cd707ea78ceeece72eb7106043cb45e949cd0347f3e17099a291393584,DEDUPLICATED
Tomato,F:/SIH_DATASET/processed/tomato\train\Late_blight\LB_ (131).JPG,F:/SIH_DATASET/processed/tomato\train\Late_blight\25a83fb3-e27a-419c-a9db-652fae319fcd___RS_Late.B 6191.JPG,5cc88cf37163d968c0de1eb8f1cf832d274f6fd6b4970a8365ddb0ce69a84206,DEDUPLICATED
Tomato,F:/SIH_DATASET/processed/tomato\train\Late_blight\LB_ (132).JPG,F:/SIH_DATASET/processed/tomato\train\Late_blight\25b8f158-e12f-4f16-b968-f9e891264d28___RS_Late.B 6041.JPG,f9e292d7694c2b6489e255b1259b0e69850279943049533d961938d5c60f918a,DEDUPLICATED
Tomato,F:/SIH_DATASET/processed/tomato\train\Late_blight\LB_ (133).JPG,F:/SIH_DATASET/processed/tomato\train\Late_blight\25bb0739-cbd4-4e75-a6f4-67ca5cc7f986___GHLB2 Leaf 8789.JPG,cc5c39c60633dc48c0c038ca411a58503ce0d63f9cec37c36db6f305ef2b68df,DEDUPLICATED
Tomato,F:/SIH_DATASET/processed/tomato\train\Late_blight\LB_ (135).JPG,F:/SIH_DATASET/processed/tomato\train\Late_blight\25de48a3-1b15-42cd-9e6c-795207f252c8___RS_Late.B 5237.JPG,7f8507a8c9825c76b839b6827f10f8eaca197a8daac4d85fb747517770788bbf,DEDUPLICATED
Tomato,F:/SIH_DATASET/processed/tomato\train\Late_blight\LB_ (136).JPG,F:/SIH_DATASET/processed/tomato\train\Late_blight\25fa2bdf-15e3-4330-8e54-1cbf6b714d3d___GHLB2 Leaf 133.JPG,8554a5a6a49e2ac104bd4459019aae8586ba37ee5a07721d01800b97cdfaf797,DEDUPLICATED
Tomato,F:/SIH_DATASET/processed/tomato\train\Late_blight\LB_ (137).JPG,F:/SIH_DATASET/processed/tomato\train\Late_blight\26a317de-3882-41ca-a83d-5f1f106b9a85___RS_Late.B 4967.JPG,90abf3a37a2b0ad041bac8f5ad3ad0574c08268f3106f037a34ef59a03b56450,DEDUPLICATED
Tomato,F:/SIH_DATASET/processed/tomato\train\Late_blight\LB_ (140).JPG,F:/SIH_DATASET/processed/tomato\train\Late_blight\26d22895-7a72-4e27-99b7-222618d69b7b___RS_Late.B 5111.JPG,f49f8d0476dc287d6ab474fdc3cb7ebd515f5afab7ae312aa04eada1d9a73622,DEDUPLICATED
Tomato,F:/SIH_DATASET/processed/tomato\train\Late_blight\LB_ (147).JPG,F:/SIH_DATASET/processed/tomato\train\Late_blight\28d8dd2a-d5d1-427c-8c58-383af4a8b2d1___GHLB2 Leaf 9041.JPG,0d394343d0b1adf8dd338c4b919f8bb87bd8a7b4bf370f9390645d7fc381288c,DEDUPLICATED
Tomato,F:/SIH_DATASET/processed/tomato\train\Late_blight\LB_ (150).JPG,F:/SIH_DATASET/processed/tomato\train\Late_blight\28f782dd-1c8a-439d-9eb6-e55c52ef45bd___RS_Late.B 5447.JPG,8e16b1f59ab72d59810ec64e956b05bf56ebd32aba8ec26295906ad56a8bc637,DEDUPLICATED
Tomato,F:/SIH_DATASET/processed/tomato\train\Late_blight\LB_ (151).JPG,F:/SIH_DATASET/processed/tomato\train\Late_blight\29e99d11-44d0-4c6c-8183-c3e7be56ce58___RS_Late.B 7093.JPG,7cdd6e817289e338895f034c03bd9f96d6487f15a321cd372c8efa9f46d316be,DEDUPLICATED
Tomato,F:/SIH_DATASET/processed/tomato\train\Late_blight\LB_ (153).JPG,F:/SIH_DATASET/processed/tomato\train\Late_blight\29eb16c9-e283-46f3-b373-4cfb2cd511d2___GHLB2 Leaf 9055.JPG,3456b671377d78ec4f218c0e14e86b20106e96f6f40b81546ff409eced7bc7d0,DEDUPLICATED
Tomato,F:/SIH_DATASET/processed/tomato\train\Late_blight\LB_ (154).JPG,F:/SIH_DATASET/processed/tomato\train\Late_blight\29f85d31-a9c2-404a-b7bc-9a5b9cd7aa88___RS_Late.B 5541.JPG,d3d36519acb9c0cec4bb2dfb63cb6ceafd66984a81c9c7aa8b0345ff57db17e4,DEDUPLICATED
Tomato,F:/SIH_DATASET/processed/tomato\train\Late_blight\LB_ (155).JPG,F:/SIH_DATASET/processed/tomato\train\Late_blight\30f95811-1559-4076-a66b-25e3209c7db6___GHLB2ES Leaf 136.JPG,5861dcc495b0fdd71637dabd79782368fcad226f8959285cce4f5f4b2ec0c365,DEDUPLICATED
Tomato,F:/SIH_DATASET/processed/tomato\train\Late_blight\LB_ (156).JPG,F:/SIH_DATASET/processed/tomato\train\Late_blight\031ab3ab-02f4-4397-9886-54345461580d___RS_Late.B 6654.JPG,e8995c7097939fd85d1c39182edea0c2756a346052c955644a675a888b7390c1,DEDUPLICATED
Tomato,F:/SIH_DATASET/processed/tomato\train\Late_blight\LB_ (158).JPG,F:/SIH_DATASET/processed/tomato\train\Late_blight\31df9041-c8b0-4ebb-93f7-cdac5338723b___GHLB Leaf 3.1 Day 1.JPG,a2bd8ad567d761dc0144649998a43f6e5c235ef3ef3e2edbcc76ec4ab3b2fee3,DEDUPLICATED
Tomato,F:/SIH_DATASET/processed/tomato\train\Late_blight\LB_ (164).JPG,F:/SIH_DATASET/processed/tomato\train\Late_blight\34bd18fa-d898-40d4-83ed-665caabed7d0___RS_Late.B 5113.JPG,a5d3e9a1e4da246a7cc207ea14194c3479384f07ecbcbf956a886dfbdb2d1075,DEDUPLICATED
Tomato,F:/SIH_DATASET/processed/tomato\train\Late_blight\LB_ (165).JPG,F:/SIH_DATASET/processed/tomato\train\Late_blight\34ce281a-ca92-4f89-a074-157fcedabf4c___RS_Late.B 5590.JPG,97090d6915adacbd4c35c348ff3e3713618e2857ca5c5d6872ef586837577a8d,DEDUPLICATED
Tomato,F:/SIH_DATASET/processed/tomato\train\Late_blight\LB_ (168).JPG,F:/SIH_DATASET/processed/tomato\train\Late_blight\35bf2b79-f0c4-471c-95ee-2f32df6b8dc6___GHLB2 Leaf 8854.JPG,6ba0b9a260d7635c9a868530ffe9b64d88bc3385a06d5abc1088b04de90f39f7,DEDUPLICATED
Tomato,F:/SIH_DATASET/processed/tomato\train\Late_blight\LB_ (169).JPG,F:/SIH_DATASET/processed/tomato\train\Late_blight\35c64b94-b2f4-456d-b55f-a376827186c2___GHLB2 Leaf 129.JPG,93fe36d1f77424a22446e9ac58f53a7292bd7ff889c125f10d1555fcdc9d0479,DEDUPLICATED
Tomato,F:/SIH_DATASET/processed/tomato\train\Late_blight\LB_ (172).JPG,F:/SIH_DATASET/processed/tomato\train\Late_blight\37dacc71-848d-43bd-8bb3-85ceafb11f91___GHLB2 Leaf 8605.JPG,f3afaf2d5a87d83c22c0dd21846b76d1bb54961f50f13009aa251be769d9d2f5,DEDUPLICATED
Tomato,F:/SIH_DATASET/processed/tomato\train\Late_blight\LB_ (174).JPG,F:/SIH_DATASET/processed/tomato\train\Late_blight\039e5d57-64e2-41de-8ccf-e44598bcedb0___RS_Late.B 6883.JPG,ad3aed5ec69b721d8867ead309d0feddae788efa0b2de7a1f55db053c2617fc5,DEDUPLICATED
Tomato,F:/SIH_DATASET/processed/tomato\train\Late_blight\LB_ (176).JPG,F:/SIH_DATASET/processed/tomato\train\Late_blight\39d14e05-28cd-45c7-98b8-64ffb4552ed9___GHLB2 Leaf 9034.JPG,78bdc1bc6b170024d0e5396d6f6b6f576afdf43a8c82dbece6c3b9f02c78d4ee,DEDUPLICATED
Tomato,F:/SIH_DATASET/processed/tomato\train\Late_blight\LB_ (177).JPG,F:/SIH_DATASET/processed/tomato\train\Late_blight\39f11cfa-d3a8-4845-9cc8-8ffa2f707d66___RS_Late.B 6119.JPG,83ea4d073fbb2c8debce01d57ab10289a5a7edf45b4f32cccb804e3f2e56f559,DEDUPLICATED
Tomato,F:/SIH_DATASET/processed/tomato\train\Late_blight\LB_ (180).JPG,F:/SIH_DATASET/processed/tomato\train\Late_blight\40bca58c-a09e-429b-a0b3-03fce3ea88e5___GHLB2 Leaf 9113.JPG,f5de21681d27c185eca96510a15e163d6510d7862d9a59e087f082c6b55894af,DEDUPLICATED
Tomato,F:/SIH_DATASET/processed/tomato\train\Late_blight\LB_ (181).JPG,F:/SIH_DATASET/processed/tomato\train\Late_blight\40de149e-4734-4d63-a34a-7ab34ace1ae5___RS_Late.B 6126.JPG,ef37062a4091795ee77727a9ecade202da7ae3076bca4c17dd0816a550842d5a,DEDUPLICATED
Tomato,F:/SIH_DATASET/processed/tomato\train\Late_blight\LB_ (182).JPG,F:/SIH_DATASET/processed/tomato\train\Late_blight\41c1d7a7-5d90-4b0a-bd41-565393d422c5___GHLB2 Leaf 108.1.JPG,a1622ad2c88aa0410770e685a8813ed76a8cf64453f39fd2f598656347f8df5d,DEDUPLICATED
Tomato,F:/SIH_DATASET/processed/tomato\train\Late_blight\LB_ (185).JPG,F:/SIH_DATASET/processed/tomato\train\Late_blight\42bc64dd-b367-4cc0-b5df-689c1e86705d___RS_Late.B 4906.JPG,f762ef99822f62640c2093ecf0b56742a7c94944229311e726e8ab8b6ca9fc58,DEDUPLICATED
Tomato,F:/SIH_DATASET/processed/tomato\train\Late_blight\LB_ (189).JPG,F:/SIH_DATASET/processed/tomato\train\Late_blight\44de5100-871f-495d-b4c6-70ab89059a68___RS_Late.B 7043.JPG,14445cfad0dae99c6f2823caf7941f537fc1de1c6edf818c1874857c5744beb6,DEDUPLICATED
Tomato,F:/SIH_DATASET/processed/tomato\train\Late_blight\LB_ (191).JPG,F:/SIH_DATASET/processed/tomato\train\Late_blight\44f72a0c-3313-44bd-acdb-905ae5944a57___GHLB2 Leaf 8880.JPG,35e0a1038a44c1c9aa7d5d5281fdc1b65ebdba896e08707fa21a247df4a35672,DEDUPLICATED
Tomato,F:/SIH_DATASET/processed/tomato\train\Late_blight\LB_ (192).JPG,F:/SIH_DATASET/processed/tomato\train\Late_blight\45c8ee5d-1476-4306-a8c6-6a4cbd80f5cb___GHLB2 Leaf 8900.JPG,9d761da08766f3516babbd4b9b9a285370bfe814f1aae6f0fee9617ed4cb4ba0,DEDUPLICATED
Tomato,F:/SIH_DATASET/processed/tomato\train\Late_blight\LB_ (195).JPG,F:/SIH_DATASET/processed/tomato\train\Late_blight\46aabd9e-80c5-440b-924a-229f146b571c___GHLB2 Leaf 8955.JPG,7db17077c770551aefe79da44be3705f2ba89be703e5743f537294257d4117f7,DEDUPLICATED
Tomato,F:/SIH_DATASET/processed/tomato\train\Late_blight\LB_ (196).JPG,F:/SIH_DATASET/processed/tomato\train\Late_blight\46ac1a7f-6529-4812-9d11-996a288a907b___GHLB2 Leaf 113.4.JPG,a3945b8ae6a092395158126e9aa2211664ea54d25e4e9ef6739a44bcee5d5fab,DEDUPLICATED
Tomato,F:/SIH_DATASET/processed/tomato\train\Late_blight\LB_ (198).JPG,F:/SIH_DATASET/processed/tomato\train\Late_blight\46b29233-cfd6-47d0-99b5-504a4df17bbf___RS_Late.B 5350.JPG,e753b17213fa1275a067e970b8b198d1bfbad25956da9c31dfe892391c21fd97,DEDUPLICATED
Tomato,F:/SIH_DATASET/processed/tomato\train\Late_blight\LB_ (199).JPG,F:/SIH_DATASET/processed/tomato\train\Late_blight\46c6a276-b915-46d0-9a28-5655645c2d8b___RS_Late.B 7115.JPG,f6f94285c7af6b2739c037285a48a1a976eea0ecf1031995a3270d35d570af11,DEDUPLICATED
Tomato,F:/SIH_DATASET/processed/tomato\train\Late_blight\LB_ (203).JPG,F:/SIH_DATASET/processed/tomato\train\Late_blight\47a9ad56-28b2-4aaa-915e-55d04bef03b7___RS_Late.B 5425.JPG,0f20124cf924879eb17939c04ab6291662f7ec4e53ef019c9f34639a48d8bb15,DEDUPLICATED
Tomato,F:/SIH_DATASET/processed/tomato\train\Late_blight\LB_ (207).JPG,F:/SIH_DATASET/processed/tomato\train\Late_blight\48f00178-13a0-4565-b09d-57944fe67472___RS_Late.B 5081.JPG,15128f99169f4b7c34834110a754cbbb9b64676e8da99744504da2954d62e8c0,DEDUPLICATED
Tomato,F:/SIH_DATASET/processed/tomato\train\Late_blight\LB_ (209).JPG,F:/SIH_DATASET/processed/tomato\train\Late_blight\49d0531e-3d55-47b6-a4ed-2d87bd23bbcf___RS_Late.B 5457.JPG,a23e4530e53b3aeb8f6e93abb2599ba3368765f014350615dc675a8b16605310,DEDUPLICATED
Tomato,F:/SIH_DATASET/processed/tomato\train\Late_blight\LB_ (21).JPG,F:/SIH_DATASET/processed/tomato\train\Late_blight\8d786c11-5426-4af6-96a0-0c0d9ec804d7___RS_Late.B 5009.JPG,185cef057c704d4ee630fba751451de840a183256b21a396c6c70787c86c6dfd,DEDUPLICATED
Tomato,F:/SIH_DATASET/processed/tomato\train\Late_blight\LB_ (210).JPG,F:/SIH_DATASET/processed/tomato\train\Late_blight\050ddb3f-1eb7-4905-8fa3-fc537dc50b7a___GHLB2 Leaf 9042.JPG,4374215de32b06db17c1a466f3482c1dec76a25cf92cbe9d9a8d4e47f6ed9e57,DEDUPLICATED
Tomato,F:/SIH_DATASET/processed/tomato\train\Late_blight\LB_ (215).JPG,F:/SIH_DATASET/processed/tomato\train\Late_blight\51c47d39-74a9-46d4-be22-05b9c5a16eae___RS_Late.B 5557.JPG,f1b37cba3ed94440180ba6ca287f0c28f758b76427dc3a764d7a172550b8b0d0,DEDUPLICATED
Tomato,F:/SIH_DATASET/processed/tomato\train\Late_blight\LB_ (216).JPG,F:/SIH_DATASET/processed/tomato\train\Late_blight\52edaa52-3129-44d4-9d3b-cfb9edf3e3fe___GHLB2 Leaf 8702.JPG,8a5db522869533f8eae88cb05ec7f3c3883a5480ce5416da31422d32e8d2a725,DEDUPLICATED
Tomato,F:/SIH_DATASET/processed/tomato\train\Late_blight\LB_ (217).JPG,F:/SIH_DATASET/processed/tomato\train\Late_blight\53dfd9b5-4486-48c6-96c7-08cf93e0aff2___GHLB2 Leaf 9022.JPG,4e19a78ef57627182d6aba7e4fa44580efe761bd7d0dde37ef855b3b60e14133,DEDUPLICATED
Tomato,F:/SIH_DATASET/processed/tomato\train\Late_blight\LB_ (255).jpg,F:/SIH_DATASET/processed/tomato\train\Early_blight\lateblightTom_lesion3.jpg,5c1914d9fb4714604f97b77a58c55154e6bc48a5f584187f2309b6d387e6094c,DEDUPLICATED
Tomato,F:/SIH_DATASET/processed/tomato\train\Late_blight\LB_ (27).JPG,F:/SIH_DATASET/processed/tomato\train\Late_blight\8e06d830-df85-4b76-be46-c7814bedcd51___GHLB2 Leaf 8907.JPG,68f5c8ec79918e24e4122196d9162165195de1ae7dcd7fed7e4b0dd6ba0b52ef,DEDUPLICATED
Tomato,F:/SIH_DATASET/processed/tomato\train\Late_blight\LB_ (34).JPG,F:/SIH_DATASET/processed/tomato\train\Late_blight\8f6e4229-2e6c-409c-8e9b-e3573a478b8a___RS_Late.B 5044.JPG,f8a4eba41f800f478df925942aecf018abc4a9b8a4501b805b9aba42d80c0fe5,DEDUPLICATED
Tomato,F:/SIH_DATASET/processed/tomato\train\Late_blight\LB_ (35).JPG,F:/SIH_DATASET/processed/tomato\train\Late_blight\8f96e29c-d210-47a7-bdcb-e87821bb66c8___RS_Late.B 6872.JPG,8b1cfc44c12a85ffb29353f02a5bf3e10ce308b9a508ff1af1ba8bf3b2ecbbe5,DEDUPLICATED
Tomato,F:/SIH_DATASET/processed/tomato\train\Late_blight\LB_ (37).JPG,F:/SIH_DATASET/processed/tomato\train\Late_blight\8f652c9e-134b-4b9f-bdca-15ad4f6a87ba___GHLB2 Leaf 8808.JPG,c768d3af45e2ddb168e9d93f7c386de4078b3c6fb43321831b9a0cd5b13090a7,DEDUPLICATED
Tomato,F:/SIH_DATASET/processed/tomato\train\Late_blight\LB_ (38).JPG,F:/SIH_DATASET/processed/tomato\train\Late_blight\8f27364b-aafa-49a8-b288-e442cb8bde11___RS_Late.B 6285.JPG,d894aa494b2bc81f08778305a8a54733c134d4c96763eb6004f99ddde5023168,DEDUPLICATED
Tomato,F:/SIH_DATASET/processed/tomato\train\Late_blight\LB_ (45).JPG,F:/SIH_DATASET/processed/tomato\train\Late_blight\09d2deda-7403-489f-b723-5ae5e00e2311___GHLB2 Leaf 8756.JPG,31b827d86e3a66198f67013a68cb8a3101794fcbe4c5627e1f672d885193c793,DEDUPLICATED
Tomato,F:/SIH_DATASET/processed/tomato\train\Late_blight\LB_ (46).JPG,F:/SIH_DATASET/processed/tomato\train\Late_blight\09e2fe63-c535-4986-a697-ed275752dc75___GHLB2 Leaf 9030.JPG,221a67e83d583929e2479afa5902a39384f15d70aa918bc912a5e50c79c01d19,DEDUPLICATED
Tomato,F:/SIH_DATASET/processed/tomato\train\Late_blight\LB_ (51).JPG,F:/SIH_DATASET/processed/tomato\train\Late_blight\9adeaa24-183e-4403-b899-6fdce79ed524___RS_Late.B 6023.JPG,c37a688275f852d3170e697f51c0f3e954c0c5ff8db2ab5e8593d09dea9ad3fb,DEDUPLICATED
Tomato,F:/SIH_DATASET/processed/tomato\train\Late_blight\LB_ (97).JPG,F:/SIH_DATASET/processed/tomato\train\Late_blight\013f987a-9371-4763-a104-ea6f326e584b___GHLB2 Leaf 8556.JPG,0ca9bcb7fbb8b6edd736e09af3ec72e7f7c708475fd11e3a4b12033e909967ed,DEDUPLICATED
Tomato,F:/SIH_DATASET/processed/tomato\train\Late_blight\LB_ (98).JPG,F:/SIH_DATASET/processed/tomato\train\Late_blight\13adbb9e-c4e1-46bd-8621-ae351dd464ca___RS_Late.B 6595.JPG,c59b2055c2c59d9b35c31c95e159d3aad48ad3fb0c70c06215e75e2c299dede1,DEDUPLICATED
Tomato,F:/SIH_DATASET/processed/tomato\train\Late_blight\LB_ (99).JPG,F:/SIH_DATASET/processed/tomato\train\Late_blight\014d4972-1301-46d3-afc4-56470b774137___GHLB2 Leaf 8831.JPG,6bf7642118790f2b8a7f7baf35bb438e388fc61e754efdbb64c9d178cccf79a9,DEDUPLICATED
Tomato,F:/SIH_DATASET/processed/tomato\train\Late_blight\Lb1.JPG,F:/SIH_DATASET/processed/tomato\train\Late_blight\LB_ (268).JPG,fa3cd8d7a8e9125fee7573fc849045cc272b1ed7db46dc0299d886ee2dec89ba,DEDUPLICATED
Tomato,F:/SIH_DATASET/processed/tomato\train\Late_blight\Lb11.JPG,F:/SIH_DATASET/processed/tomato\train\Late_blight\LB_ (279).JPG,9bc5c33dfbf233f4607339af738dea01656620e6041aa2676211cd4f9eb0f711,DEDUPLICATED
Tomato,F:/SIH_DATASET/processed/tomato\train\Late_blight\Lb25.JPG,F:/SIH_DATASET/processed/tomato\train\Late_blight\LB_ (293).JPG,192091ef577d346672b594fe7e7e1174a2b55406ad170af3a321769f0ea8dbb9,DEDUPLICATED
Tomato,F:/SIH_DATASET/processed/tomato\train\Late_blight\Lb26.JPG,F:/SIH_DATASET/processed/tomato\train\Late_blight\LB_ (294).JPG,a4a44dda493c5e0f04c21e166a4e86627cc447f43ecfee5e68ef11ba59d8731d,DEDUPLICATED
Tomato,F:/SIH_DATASET/processed/tomato\train\Late_blight\Lb3.JPG,F:/SIH_DATASET/processed/tomato\train\Late_blight\LB_ (271).JPG,f0192b4dc498f016eb2f9e5d12cd66c11d6e53654049e38322268e8518537925,DEDUPLICATED
Tomato,F:/SIH_DATASET/processed/tomato\train\Late_blight\Lb49.JPG,F:/SIH_DATASET/processed/tomato\train\Late_blight\LB_ (317).JPG,024471dc21470f09ec707fc441d23e91f3f613f32e016867155168880cb07e66,DEDUPLICATED
Tomato,F:/SIH_DATASET/processed/tomato\train\Late_blight\Lb5.JPG,F:/SIH_DATASET/processed/tomato\train\Late_blight\LB_ (273).JPG,064ac0e361dcfad531046cbcd73f6c87b82f9c01b220b44cfdb9df8c29246370,DEDUPLICATED
Tomato,F:/SIH_DATASET/processed/tomato\train\Late_blight\Lb6.JPG,F:/SIH_DATASET/processed/tomato\train\Late_blight\LB_ (274).JPG,249d8c0531d18da557254d69c35161f451f89cc34cada5c3e3be7540e7aa8bf7,DEDUPLICATED
Tomato,F:/SIH_DATASET/processed/tomato\train\Late_blight\Lb80.JPG,F:/SIH_DATASET/processed/tomato\train\Late_blight\LB_ (348).JPG,84ed60c67cc7f591449cab8ead5f719cdf1f6a83d09ffd5f127a62dd394cbdf0,DEDUPLICATED
Tomato,F:/SIH_DATASET/processed/tomato\train\Late_blight\Lb81.JPG,F:/SIH_DATASET/processed/tomato\train\Late_blight\LB_ (349).JPG,0cf9890d4216df65a8679508a3f631389b79dc8ff8f5ae701d39f44c3c6741da,DEDUPLICATED
Tomato,F:/SIH_DATASET/processed/tomato\train\Late_blight\Lb82.JPG,F:/SIH_DATASET/processed/tomato\train\Late_blight\LB_ (350).JPG,e52d37d536c4c52e66eab42f3cdac168c2fca765ceb2517e6cb615d03b4beb17,DEDUPLICATED
Tomato,F:/SIH_DATASET/processed/tomato\train\Late_blight\Lb85.JPG,F:/SIH_DATASET/processed/tomato\train\Late_blight\LB_ (353).JPG,dc42ade375de357c8789ced8b2f8a32398e639b3cde1f0f373e93997250288c5,DEDUPLICATED
Tomato,F:/SIH_DATASET/processed/tomato\train\Late_blight\Lb88.JPG,F:/SIH_DATASET/processed/tomato\train\Late_blight\LB_ (356).JPG,e7d4b0ba419758fc083d16f53135b05fcc1251fe57cdd104a8a782d72dcc9be8,DEDUPLICATED
Tomato,F:/SIH_DATASET/processed/tomato\train\Late_blight\Lb91.JPG,F:/SIH_DATASET/processed/tomato\train\Late_blight\LB_ (359).JPG,7c8229ce82170d8e4919412ca36c8cfb511a32c983dbe26c9ab796a22d6abf34,DEDUPLICATED
Tomato,F:/SIH_DATASET/processed/tomato\train\Late_blight\Lb92.JPG,F:/SIH_DATASET/processed/tomato\train\Late_blight\LB_ (360).JPG,a7211d1cfdb8b48eaf51bc5bb1c25d445093e47cd679b8c43c23bbdb14629497,DEDUPLICATED
Tomato,F:/SIH_DATASET/processed/tomato\train\Late_blight\Lb93.JPG,F:/SIH_DATASET/processed/tomato\train\Late_blight\LB_ (361).JPG,f7316a7264fb7272eb7e34f8f7014b6ffa0719471e237c3d91250fc497fd81e3,DEDUPLICATED
Tomato,F:/SIH_DATASET/processed/tomato\train\Late_blight\Lb94.JPG,F:/SIH_DATASET/processed/tomato\train\Late_blight\LB_ (362).JPG,49a24b2ac65127d1b29e9266fcc00351806b7a27051beed86c3385c49292b30f,DEDUPLICATED
Tomato,F:/SIH_DATASET/processed/tomato\train\Late_blight\Lb97.JPG,F:/SIH_DATASET/processed/tomato\train\Late_blight\LB_ (365).JPG,22aba8d52b1beb5c369ce868a9bb8f7ffa0cdd1c9d9927ba0280973524312b2e,DEDUPLICATED
Tomato,F:/SIH_DATASET/processed/tomato\train\Late_blight\Lb98.JPG,F:/SIH_DATASET/processed/tomato\train\Late_blight\LB_ (366).JPG,5d0531db7c5427e0e21fc1ed30551893780d3196a52d82b33e2e2beea51e7cf9,DEDUPLICATED
Tomato,F:/SIH_DATASET/processed/tomato\train\Late_blight\c1775bad-7c02-41fb-bb7d-f8df91d60ac3___GHLB_PS Leaf 23.5 Day 13.jpg,F:/SIH_DATASET/processed/tomato\train\Late_blight\98586693-fe1f-4ea0-8e27-4501b61cf09b___GHLB_PS Leaf 23.5 Day 13.jpg,90220c67ab2c3ed150e93f0c26691d463200e784c74152e62acedac8a4d2d525,DEDUPLICATED
Tomato,F:/SIH_DATASET/processed/tomato\train\Late_blight\d82b634e-9a19-497b-b698-aaf100d622a1___GHLB_PS Leaf 24 Day 13.jpg,F:/SIH_DATASET/processed/tomato\train\Late_blight\861d8b00-57a4-46b0-b51a-09d102dbe119___GHLB_PS Leaf 24 Day 13.jpg,3a60a7b6f3a287981d21dca37f27e5480cc46d1144688d435e53db7a47b7006f,DEDUPLICATED
Tomato,F:/SIH_DATASET/processed/tomato\train\Late_blight\e20107e7-137f-400e-817f-5dc4c58e5d70___GHLB2 Leaf 8677.JPG,F:/SIH_DATASET/processed/tomato\train\Late_blight\5688ea99-c949-41d0-bbab-9cbf0ffb8bcd___GHLB2 Leaf 8677.JPG,6e1610d4e0f6f84108af112322d11779254b2b2d41958449c64b0bf938628444,DEDUPLICATED
Tomato,F:/SIH_DATASET/processed/tomato\train\Late_blight\e5d707cd-077c-43af-bda9-6138e516ff51___GHLB2 Leaf 8999.JPG,F:/SIH_DATASET/processed/tomato\train\Late_blight\5f21282c-e2ef-4c4a-ace1-b5701fe7effc___GHLB2 Leaf 8999.JPG,2aeb7479e975df37dfb54aa7b403f57f2ad90b018c37809e572a2a932f55d2a7,DEDUPLICATED
Tomato,F:/SIH_DATASET/processed/tomato\train\Leaf_Mold\BM_(391).JPG,F:/SIH_DATASET/processed/tomato\train\Leaf_Mold\93c02ade-4b3a-4401-836d-0577276c645c___Crnl_L.Mold 8736.JPG,dea6332bbe5407247017cb3a455ba7803e350e5b208e5ca31290f35e6e37c0bc,DEDUPLICATED
Tomato,F:/SIH_DATASET/processed/tomato\train\Leaf_Mold\BM_(394).JPG,F:/SIH_DATASET/processed/tomato\train\Leaf_Mold\097b050a-eaa4-4e4a-a30a-b72d1a4c0cc4___Crnl_L.Mold 8682.JPG,5ef8a889124181cabf5a27e04e29a319f7450a9702263cf7115732de90fad9be,DEDUPLICATED
Tomato,F:/SIH_DATASET/processed/tomato\train\Leaf_Mold\BM_(399).JPG,F:/SIH_DATASET/processed/tomato\train\Leaf_Mold\113ae06c-f41b-47f3-a1a5-bffd33fcfac1___Crnl_L.Mold 8746.JPG,dda72b07d6a31d0f63d33742f13fe7e62841e442db4f0c15e9191f1c9464cf5f,DEDUPLICATED
Tomato,F:/SIH_DATASET/processed/tomato\train\Leaf_Mold\BM_(401).JPG,F:/SIH_DATASET/processed/tomato\train\Leaf_Mold\119fca56-2a51-4c1f-9ba3-85977da1fd3b___Crnl_L.Mold 6898.JPG,ac68c40320995a979c925e43fcf619eab4c447b372ab6619a1b8b9a03f4f340a,DEDUPLICATED
Tomato,F:/SIH_DATASET/processed/tomato\train\Leaf_Mold\BM_(402).JPG,F:/SIH_DATASET/processed/tomato\train\Leaf_Mold\128f8a8f-257f-4fb1-b4c3-4eeb524af355___Crnl_L.Mold 8985.JPG,8e01a75e7db88ff5400b9119dcf28020a72f354705df637f2be1b55010a64b89,DEDUPLICATED
Tomato,F:/SIH_DATASET/processed/tomato\train\Leaf_Mold\BM_(404).JPG,F:/SIH_DATASET/processed/tomato\train\Leaf_Mold\150f6844-796d-4960-b42b-629f25806bfb___Crnl_L.Mold 7096.JPG,737a2a8852ce785902dbd86f9e7c8a6e4d4100c56c93f964316f6d1e543db056,DEDUPLICATED
Tomato,F:/SIH_DATASET/processed/tomato\train\Leaf_Mold\BM_(406).JPG,F:/SIH_DATASET/processed/tomato\train\Leaf_Mold\158d72b9-7f14-4466-9b20-13909636294f___Crnl_L.Mold 8829.JPG,374a4bee79672084c35171af33e6160b8143e8e644e3bfee8ec8bb93f7a805ce,DEDUPLICATED
Tomato,F:/SIH_DATASET/processed/tomato\train\Leaf_Mold\BM_(408).JPG,F:/SIH_DATASET/processed/tomato\train\Leaf_Mold\167ce5ce-ef32-4544-a7aa-d05d315ef61a___Crnl_L.Mold 9113.JPG,2cb7b85e62837f9eba1daeb4ec583750a1aa9d737c65b0fdd6e9f4edede639aa,DEDUPLICATED
Tomato,F:/SIH_DATASET/processed/tomato\train\Leaf_Mold\BM_(409).JPG,F:/SIH_DATASET/processed/tomato\train\Leaf_Mold\171e415f-917b-49c1-90f5-9f4a90ac0f7f___Crnl_L.Mold 8648.JPG,882e1005e42a9b0bd2d18eb2f8947d6432b29ad1829bff0e7b15c9e4a01e580c,DEDUPLICATED
Tomato,F:/SIH_DATASET/processed/tomato\train\Leaf_Mold\BM_(411).JPG,F:/SIH_DATASET/processed/tomato\train\Leaf_Mold\0185befe-f0b5-4848-9677-f33c2237f4e9___Crnl_L.Mold 8729.JPG,d8e929982f75d3bb6b8e0789073634619e3596084a05980597005369552f78dc,DEDUPLICATED
Tomato,F:/SIH_DATASET/processed/tomato\train\Leaf_Mold\BM_(412).JPG,F:/SIH_DATASET/processed/tomato\train\Leaf_Mold\201ada31-7b91-42c1-a245-4d37df0b2c52___Crnl_L.Mold 8742.JPG,fbe946b7198edebf24730d2d9f828306e45d5c9b8c3760dd43f34a3806088e47,DEDUPLICATED
Tomato,F:/SIH_DATASET/processed/tomato\train\Leaf_Mold\BM_(413).JPG,F:/SIH_DATASET/processed/tomato\train\Leaf_Mold\220cb426-88be-48c1-bcbf-a776e5659930___Crnl_L.Mold 8714.JPG,7341073ab830ce131473908629a79e99db4955abcd234472cb6e18d050279755,DEDUPLICATED
Tomato,F:/SIH_DATASET/processed/tomato\train\Leaf_Mold\BM_(414).JPG,F:/SIH_DATASET/processed/tomato\train\Leaf_Mold\240a5b33-6071-4129-b017-1c7bba52a690___Crnl_L.Mold 6991.JPG,126bf33ca1b41c4ac06a6619101d5a6ee98e86e5e46497fa072669302de939da,DEDUPLICATED
Tomato,F:/SIH_DATASET/processed/tomato\train\Leaf_Mold\BM_(415).JPG,F:/SIH_DATASET/processed/tomato\train\Leaf_Mold\269f3e0a-4d4f-4598-b19d-9f5428342464___Crnl_L.Mold 8745.JPG,fefb0671a763885037def7dbe1c54ec9a11c56c868e8869ec270822a4db005c2,DEDUPLICATED
Tomato,F:/SIH_DATASET/processed/tomato\train\Leaf_Mold\BM_(417).JPG,F:/SIH_DATASET/processed/tomato\train\Leaf_Mold\273b19fa-2701-4679-a994-8a37040ac343___Crnl_L.Mold 6577.JPG,6c3fb757664e25fb2e884ca83668c37ab36e85b2b9a3f5d9d323d5527ebc429b,DEDUPLICATED
Tomato,F:/SIH_DATASET/processed/tomato\train\Leaf_Mold\BM_(419).JPG,F:/SIH_DATASET/processed/tomato\train\Leaf_Mold\301d7712-9538-418b-a767-041aa830d1ad___Crnl_L.Mold 6711.JPG,bc072ada32e4ab72ba50bacda2803583be308123ff73ab5148821027f26e700a,DEDUPLICATED
Tomato,F:/SIH_DATASET/processed/tomato\train\Leaf_Mold\BM_(420).JPG,F:/SIH_DATASET/processed/tomato\train\Leaf_Mold\306d3e00-d180-4645-9858-b22e3a292554___Crnl_L.Mold 6627.JPG,64b109d10ef6044dd93112513427f19a9b13e35f535ae51d4c303329e4802c97,DEDUPLICATED
Tomato,F:/SIH_DATASET/processed/tomato\train\Leaf_Mold\BM_(422).JPG,F:/SIH_DATASET/processed/tomato\train\Leaf_Mold\354c1fb7-f8ee-4a39-af91-0e5ef49b20bb___Crnl_L.Mold 8959.JPG,b55027e6717694033d2e86a4353fc0cd168bfaac240ab759fc4d546d3c988120,DEDUPLICATED
Tomato,F:/SIH_DATASET/processed/tomato\train\Leaf_Mold\BM_(423).JPG,F:/SIH_DATASET/processed/tomato\train\Leaf_Mold\355b3ad0-1d3b-49ea-80c8-3254a06a660c___Crnl_L.Mold 8968.JPG,ab4c0eabeaeb352fe89e87d5e2370cd165626eac88e42a01a2eadc6b12829a73,DEDUPLICATED
Tomato,F:/SIH_DATASET/processed/tomato\train\Leaf_Mold\BM_(424).JPG,F:/SIH_DATASET/processed/tomato\train\Leaf_Mold\361dc151-4e5f-498a-8813-98c9e0ec806d___Crnl_L.Mold 6999.JPG,104835ec4f3b64c59955fbd2cad7037bfafb2a09c3b6ec00c45c0a3fce55c338,DEDUPLICATED
Tomato,F:/SIH_DATASET/processed/tomato\train\Leaf_Mold\BM_(425).JPG,F:/SIH_DATASET/processed/tomato\train\Leaf_Mold\408bcf77-7dd7-4a8a-9f3a-b97684520217___Crnl_L.Mold 6611.JPG,6ccef23400cc65de5dd22ddeee75ded7e76be001268e3dd3bdb8b797cc53cff6,DEDUPLICATED
Tomato,F:/SIH_DATASET/processed/tomato\train\Leaf_Mold\BM_(426).JPG,F:/SIH_DATASET/processed/tomato\train\Leaf_Mold\0425e1f8-950e-4f8f-a8cc-66809d61ef54___Crnl_L.Mold 6783.JPG,7bbf64047b3188c1448b746f287ae4bf5964c083f5fc0239416c6b68a8274194,DEDUPLICATED
Tomato,F:/SIH_DATASET/processed/tomato\train\Leaf_Mold\BM_(427).JPG,F:/SIH_DATASET/processed/tomato\train\Leaf_Mold\0443d006-9d75-4d46-9312-941f21e3791d___Crnl_L.Mold 9139.JPG,3faf3c8111a86a9eda152557f27390bc2de0cf576a4a34806b63cc9af02846ed,DEDUPLICATED
Tomato,F:/SIH_DATASET/processed/tomato\train\Leaf_Mold\BM_(430).JPG,F:/SIH_DATASET/processed/tomato\train\Leaf_Mold\450b736f-8e2d-46e0-be60-6481f37d8612___Crnl_L.Mold 6882.JPG,a8f9b2b4ecaaa7b80ff6a3a184e847d6809f79b44aefc8d288956a2f1ab9ce97,DEDUPLICATED
Tomato,F:/SIH_DATASET/processed/tomato\train\Leaf_Mold\BM_(431).JPG,F:/SIH_DATASET/processed/tomato\train\Leaf_Mold\452bc068-6862-4715-a724-a4057d4155ee___Crnl_L.Mold 6866.JPG,997714b26ebb818386082a4640e7058b9853513cdd591d552df8668185b55947,DEDUPLICATED
Tomato,F:/SIH_DATASET/processed/tomato\train\Leaf_Mold\BM_(432).JPG,F:/SIH_DATASET/processed/tomato\train\Leaf_Mold\454b480b-2ac5-4992-bc5e-5ac95311214c___Crnl_L.Mold 6544.JPG,92dfc82e9ec69df9ea1f548e9aae51b662cb252118c6289146415bc069cf5d1f,DEDUPLICATED
Tomato,F:/SIH_DATASET/processed/tomato\train\Leaf_Mold\BM_(440).JPG,F:/SIH_DATASET/processed/tomato\train\Leaf_Mold\526cef23-88d8-4dd8-8ff4-eed6e98ac7d4___Crnl_L.Mold 6856.JPG,95ef975c5a230535e9a937c4ab4f89fc485f6c23cdc2bb00e92362abae735cdf,DEDUPLICATED
Tomato,F:/SIH_DATASET/processed/tomato\train\Leaf_Mold\BM_(443).JPG,F:/SIH_DATASET/processed/tomato\train\Leaf_Mold\534e3551-79be-4101-92ac-2996761db483___Crnl_L.Mold 6707.JPG,4b7ac57f42ab0ed8d4835797f8786c7c59de8ae0a5693d1e9ed8a2885152cd8d,DEDUPLICATED
Tomato,F:/SIH_DATASET/processed/tomato\train\Leaf_Mold\BM_(445).JPG,F:/SIH_DATASET/processed/tomato\train\Leaf_Mold\544d95c7-34a8-442b-8471-3071612ec4ae___Crnl_L.Mold 8881.JPG,2cbdf707c906c6d7684ff1464b9e2054ca90462ea390eb09ed06f0f53fd3c111,DEDUPLICATED
Tomato,F:/SIH_DATASET/processed/tomato\train\Leaf_Mold\BM_(446).JPG,F:/SIH_DATASET/processed/tomato\train\Leaf_Mold\546f348a-359a-4cff-8cdd-c87ecb1cec95___Crnl_L.Mold 6873.JPG,fde8529859d03298c62616c0ece1fa6ba3e000327bb6ab665d201fd2557f1d1e,DEDUPLICATED
Tomato,F:/SIH_DATASET/processed/tomato\train\Leaf_Mold\BM_(447).JPG,F:/SIH_DATASET/processed/tomato\train\Leaf_Mold\561e6144-f53b-477e-96ef-88deff234bc6___Crnl_L.Mold 6855.JPG,e5230ba321dc2df80c30b07ad5197f77111b9bd739385e9b097a316df5713321,DEDUPLICATED
Tomato,F:/SIH_DATASET/processed/tomato\train\Leaf_Mold\BM_(448).JPG,F:/SIH_DATASET/processed/tomato\train\Leaf_Mold\600a933c-9490-4ae7-b7e7-5177992b9bb8___Crnl_L.Mold 8633.JPG,ce80dc676b0a3bdc285f76fa9cc8d6c27552fb07bf4b9a4de4c016103569a3c7,DEDUPLICATED
Tomato,F:/SIH_DATASET/processed/tomato\train\Leaf_Mold\BM_(449).JPG,F:/SIH_DATASET/processed/tomato\train\Leaf_Mold\601c3e63-5248-414a-b08c-3aa66b9cc8f0___Crnl_L.Mold 8939.JPG,b1e341f7e2297e0e64e29c362057104f133eb597682c6ff21ffbcab71ffb24df,DEDUPLICATED
Tomato,F:/SIH_DATASET/processed/tomato\train\Leaf_Mold\BM_(452).JPG,F:/SIH_DATASET/processed/tomato\train\Leaf_Mold\619f232e-e49b-4ec8-bb48-552632b2c660___Crnl_L.Mold 9050.JPG,b015a1090de9bf1e38fec412846f89c8c19cd39f7b520023568d2bd9eac3bab1,DEDUPLICATED
Tomato,F:/SIH_DATASET/processed/tomato\train\Leaf_Mold\BM_(453).JPG,F:/SIH_DATASET/processed/tomato\train\Leaf_Mold\624b9411-3aef-4d0e-a62a-f7feb5fad021___Crnl_L.Mold 6881.JPG,ed3fa9ce6f15aade53680ec36646312a4a08dbe93c7eaf5b64333fbda2eaec81,DEDUPLICATED
Tomato,F:/SIH_DATASET/processed/tomato\train\Leaf_Mold\BM_(454).JPG,F:/SIH_DATASET/processed/tomato\train\Leaf_Mold\625e4181-9290-45e1-986c-1c168d912a6d___Crnl_L.Mold 9017.JPG,f30cb52312672d04b8e1b0d75088fbc8c2b2582c84aee3c01d2261d5286e67fa,DEDUPLICATED
Tomato,F:/SIH_DATASET/processed/tomato\train\Leaf_Mold\BM_(455).JPG,F:/SIH_DATASET/processed/tomato\train\Leaf_Mold\629b73e7-834a-4b53-a164-bdc3a2030417___Crnl_L.Mold 8816.JPG,cc12f6a6965683f32bca46065a68e1e28d4c3858e152e69616a35da83ca22246,DEDUPLICATED
Tomato,F:/SIH_DATASET/processed/tomato\train\Leaf_Mold\BM_(456).JPG,F:/SIH_DATASET/processed/tomato\train\Leaf_Mold\651f89b5-fe33-495e-896a-f37e2158234c___Crnl_L.Mold 8721.JPG,7d854bed320338ca4083c7ebf19b1fd44a1753c9cd5aba57183592499f533038,DEDUPLICATED
Tomato,F:/SIH_DATASET/processed/tomato\train\Leaf_Mold\BM_(458).JPG,F:/SIH_DATASET/processed/tomato\train\Leaf_Mold\662d31b7-5dcb-4af1-b645-20b83610d1ee___Crnl_L.Mold 8687.JPG,43d82a5aa8f667a99e8f36d3eb585c7077119e7e6e5a78b472db11c81bb1e157,DEDUPLICATED
Tomato,F:/SIH_DATASET/processed/tomato\train\Leaf_Mold\BM_(459).JPG,F:/SIH_DATASET/processed/tomato\train\Leaf_Mold\676a35ff-f0b2-43c8-bb58-ab531c46516a___Crnl_L.Mold 9005.JPG,97a7251ae8ea1af7b2354f3837a5f8b3916284e6887f0046fa01f7e674794c78,DEDUPLICATED
Tomato,F:/SIH_DATASET/processed/tomato\train\Leaf_Mold\BM_(460).JPG,F:/SIH_DATASET/processed/tomato\train\Leaf_Mold\00694db7-3327-45e0-b4da-a8bb7ab6a4b7___Crnl_L.Mold 6923.JPG,da134693ae63c823eb13fa0c793f74e24b32439242c623f74cfd730ace00c593,DEDUPLICATED
Tomato,F:/SIH_DATASET/processed/tomato\train\Leaf_Mold\BM_(463).JPG,F:/SIH_DATASET/processed/tomato\train\Leaf_Mold\722e11c3-9b08-4192-9ad0-142e9240914c___Crnl_L.Mold 8920.JPG,f1a6e7e7e516933d029a63dd5f55dcf310883e9df449be95092e356a7c322cdb,DEDUPLICATED
Tomato,F:/SIH_DATASET/processed/tomato\train\Leaf_Mold\BM_(464).JPG,F:/SIH_DATASET/processed/tomato\train\Leaf_Mold\731cf3e6-e1a9-4258-9679-d7502ad51914___Crnl_L.Mold 7127.JPG,336410f35ca96de3e691215a9eaafdfa2b9c1d987b43f852371cd13b5b0dca3d,DEDUPLICATED
Tomato,F:/SIH_DATASET/processed/tomato\train\Leaf_Mold\BM_(465).JPG,F:/SIH_DATASET/processed/tomato\train\Leaf_Mold\735f7469-96ea-4e79-9865-72883d3c16db___Crnl_L.Mold 8998.JPG,be63e9067d694ea7fac4e4fffdc1dd095611ada5790dc148b694c7c438b74b63,DEDUPLICATED
Tomato,F:/SIH_DATASET/processed/tomato\train\Leaf_Mold\BM_(467).JPG,F:/SIH_DATASET/processed/tomato\train\Leaf_Mold\0741bcde-474a-4b81-b6d5-217ab4f7d0e9___Crnl_L.Mold 6660.JPG,94b30c62a88271377d2d27f79ebd12f37fca4ad434a122864f1be82e9f503fb9,DEDUPLICATED
Tomato,F:/SIH_DATASET/processed/tomato\train\Leaf_Mold\BM_(469).JPG,F:/SIH_DATASET/processed/tomato\train\Leaf_Mold\770f7e1c-99a6-4441-9281-015935d290ef___Crnl_L.Mold 6937.JPG,3becb6835863479bf01bcc8f169536135d8676b16c01df34ec8f24894e2443b5,DEDUPLICATED
Tomato,F:/SIH_DATASET/processed/tomato\train\Leaf_Mold\BM_(470).JPG,F:/SIH_DATASET/processed/tomato\train\Leaf_Mold\774d3b86-63a3-46a7-9355-9aa512d70e19___Crnl_L.Mold 8914.JPG,7b42138067a91bb3855bc270eac7f753545a6f19b8c31ea74b5bbf45ba924f52,DEDUPLICATED
Tomato,F:/SIH_DATASET/processed/tomato\train\Leaf_Mold\BM_(472).JPG,F:/SIH_DATASET/processed/tomato\train\Leaf_Mold\783ab4f6-4790-4381-8583-67ae6d7ac80b___Crnl_L.Mold 7088.JPG,fec16836f2046f41781243e443aabbf02fc999b1825f5353e8ab1b7da1408d53,DEDUPLICATED
Tomato,F:/SIH_DATASET/processed/tomato\train\Leaf_Mold\BM_(473).JPG,F:/SIH_DATASET/processed/tomato\train\Leaf_Mold\790cfb1d-4926-46bb-bd50-b750e823c72a___Crnl_L.Mold 7130.JPG,e255780627f17329c9b5c7656bd0e32ac829ff49cbcc1d2997d3bf8e148cf3e1,DEDUPLICATED
Tomato,F:/SIH_DATASET/processed/tomato\train\Leaf_Mold\BM_(474).JPG,F:/SIH_DATASET/processed/tomato\train\Leaf_Mold\791aae0d-94d2-4d06-b696-6ffd297f2ccb___Crnl_L.Mold 8888.JPG,b0224a8a9d75b3cdc52d3a49c99d6fcb152ac9b10a0f64cfe58f40f5485a2222,DEDUPLICATED
Tomato,F:/SIH_DATASET/processed/tomato\train\Leaf_Mold\BM_(476).JPG,F:/SIH_DATASET/processed/tomato\train\Leaf_Mold\808fed44-acfc-492e-b295-9711805936b1___Crnl_L.Mold 8678.JPG,0077201792a070c90b8e6e373295c9fab81f72631596478183576a62d07340d8,DEDUPLICATED
Tomato,F:/SIH_DATASET/processed/tomato\train\Leaf_Mold\BM_(478).JPG,F:/SIH_DATASET/processed/tomato\train\Leaf_Mold\835f4a10-45e2-4b7d-9b06-90318ea60082___Crnl_L.Mold 6960.JPG,2ecba88f03594a9f50a1d66462ac30f1f0ea1550ccd40d7a1fa4377a9618fd1a,DEDUPLICATED
Tomato,F:/SIH_DATASET/processed/tomato\train\Leaf_Mold\BM_(480).JPG,F:/SIH_DATASET/processed/tomato\train\Leaf_Mold\866d57df-74c8-4546-9f82-d03b3c554556___Crnl_L.Mold 8981.JPG,57a048eaebb3df9cd6d2d99d311d5c336387b5041a39762bd53d7044a6511749,DEDUPLICATED
Tomato,F:/SIH_DATASET/processed/tomato\train\Leaf_Mold\BM_(483).JPG,F:/SIH_DATASET/processed/tomato\train\Leaf_Mold\904a5f71-4358-44b5-98ff-3681df988769___Crnl_L.Mold 6601.JPG,7dc33677d8390a30ba24bb568133243474716d676b165350b51dd8d44cc43ad8,DEDUPLICATED
Tomato,F:/SIH_DATASET/processed/tomato\train\Leaf_Mold\BM_(484).JPG,F:/SIH_DATASET/processed/tomato\train\Leaf_Mold\905a051a-0649-4b4a-8dc7-273952cbd832___Crnl_L.Mold 6574.JPG,eedd53958071c54dd7f2463ef0b8de60e980ef7feafcda6483287208a32b5c90,DEDUPLICATED
Tomato,F:/SIH_DATASET/processed/tomato\train\Leaf_Mold\BM_(487).JPG,F:/SIH_DATASET/processed/tomato\train\Leaf_Mold\921e0584-a414-4905-99e6-6d37a49427bc___Crnl_L.Mold 8941.JPG,240355c2e97c95effe8aa401cd8f3cb9a2b6aad1426eda98d9aa3f77aaf4092e,DEDUPLICATED
Tomato,F:/SIH_DATASET/processed/tomato\train\Leaf_Mold\BM_(489).JPG,F:/SIH_DATASET/processed/tomato\train\Leaf_Mold\937ddfca-ced9-419b-b25d-314ec99847f7___Crnl_L.Mold 8726.JPG,511003006322f6f3fb3f32de6674f80dcec715a9cecbccaa0a6c644d8a06912b,DEDUPLICATED
Tomato,F:/SIH_DATASET/processed/tomato\train\Leaf_Mold\BM_(490).JPG,F:/SIH_DATASET/processed/tomato\train\Leaf_Mold\937f14d9-4aae-47a3-9f27-b6f13a1ee14b___Crnl_L.Mold 8691.JPG,a5c0fc6ba7cebb551f41efce977f196843c1777e50bb163094ca2d268a9ab20d,DEDUPLICATED
Tomato,F:/SIH_DATASET/processed/tomato\train\Leaf_Mold\BM_(494).JPG,F:/SIH_DATASET/processed/tomato\train\Leaf_Mold\970e073d-a091-4be9-9a3a-42374ecfe7c8___Crnl_L.Mold 8627.JPG,55f82c54f7302975bcf9959c54df62c9b84ff1de927101924417be1da078e619,DEDUPLICATED
Tomato,F:/SIH_DATASET/processed/tomato\train\Leaf_Mold\BM_(495).JPG,F:/SIH_DATASET/processed/tomato\train\Leaf_Mold\974bc246-0ab0-4a54-95c8-dd0b557f676b___Crnl_L.Mold 7059.JPG,7618e3ae5c0671c9bb923ed5e04c96302847a5540ad1289c75980d43159a1197,DEDUPLICATED
Tomato,F:/SIH_DATASET/processed/tomato\train\Leaf_Mold\BM_(496).JPG,F:/SIH_DATASET/processed/tomato\train\Leaf_Mold\986df83a-fa2c-4c3a-8884-d28d04f9cb4e___Crnl_L.Mold 6769.JPG,0c41653b3843fb64d4c2f129572c6aa3110ecefd0f302eb202dd97d599a97cfe,DEDUPLICATED
Tomato,F:/SIH_DATASET/processed/tomato\train\Leaf_Mold\BM_(498).JPG,F:/SIH_DATASET/processed/tomato\train\Leaf_Mold\1146e92b-d6b2-4a19-ac54-32141d680f41___Crnl_L.Mold 6725.JPG,bf608f5c1e23a0d1416dcd65cd462fad7940babaff7d7fe42daffa8b5352f777,DEDUPLICATED
Tomato,F:/SIH_DATASET/processed/tomato\train\Leaf_Mold\BM_(501).JPG,F:/SIH_DATASET/processed/tomato\train\Leaf_Mold\1837d2d4-ec4b-445c-89f7-a974061a433a___Crnl_L.Mold 6975.JPG,05fb71315ed5cc79e1edb6efa582d1b8075bbb3c9c6d57082fda0808b9f1ee1c,DEDUPLICATED
Tomato,F:/SIH_DATASET/processed/tomato\train\Leaf_Mold\BM_(502).JPG,F:/SIH_DATASET/processed/tomato\train\Leaf_Mold\2026a463-c6a6-4500-b382-9b5cbd73f9cf___Crnl_L.Mold 8734.JPG,aedbac55e93ffb8abe854bb82eb7747a965fea52c42294ab4ac628aae937c3ff,DEDUPLICATED
Tomato,F:/SIH_DATASET/processed/tomato\train\Leaf_Mold\BM_(503).JPG,F:/SIH_DATASET/processed/tomato\train\Leaf_Mold\2406a1dc-92d9-4cc9-a724-a67c73104717___Crnl_L.Mold 8750.JPG,cf319097b48b99e4ca58e88609c6ff4b42a832f55d5b6a4afec83c63b777ab13,DEDUPLICATED
Tomato,F:/SIH_DATASET/processed/tomato\train\Leaf_Mold\BM_(504).JPG,F:/SIH_DATASET/processed/tomato\train\Leaf_Mold\02415b3d-2ba8-4654-8398-a480ad901bbf___Crnl_L.Mold 8645.JPG,affbf40b83ca2312241cb1e612649d8a76558613ea0035eea34f8fcf34d35f64,DEDUPLICATED
Tomato,F:/SIH_DATASET/processed/tomato\train\Leaf_Mold\BM_(506).JPG,F:/SIH_DATASET/processed/tomato\train\Leaf_Mold\2847f847-3048-487d-ae4f-c45e44d04d85___Crnl_L.Mold 8878.JPG,b0761d8208bccf285e20f89ff090f793b840bce92c570316a688ff3772ec80f3,DEDUPLICATED
Tomato,F:/SIH_DATASET/processed/tomato\train\Leaf_Mold\BM_(507).JPG,F:/SIH_DATASET/processed/tomato\train\Leaf_Mold\2857df1b-3a91-46d2-ab63-926b329b4a28___Crnl_L.Mold 7102.JPG,f0caa7cc6b4de8ba6371ba4fb5460776297484ca1259599e43ee33fe6c5597f5,DEDUPLICATED
Tomato,F:/SIH_DATASET/processed/tomato\train\Leaf_Mold\BM_(509).JPG,F:/SIH_DATASET/processed/tomato\train\Leaf_Mold\3796e4d7-4ff5-411e-988b-893f7d8b701c___Crnl_L.Mold 8800.JPG,41ba4fca57330f75204f44f1c07b4c051607ab138ca1bf259886adbaec506e4b,DEDUPLICATED
Tomato,F:/SIH_DATASET/processed/tomato\train\Leaf_Mold\BM_(510).JPG,F:/SIH_DATASET/processed/tomato\train\Leaf_Mold\3868a159-b5df-49d2-a689-1181ee1007dc___Crnl_L.Mold 8720.JPG,ed15776ad2c870216f7d4b0cdf744312aaa817664488ae4545d170cc8aff0781,DEDUPLICATED
Tomato,F:/SIH_DATASET/processed/tomato\train\Leaf_Mold\BM_(512).JPG,F:/SIH_DATASET/processed/tomato\train\Leaf_Mold\4152fc15-f9d5-4928-b177-b993db007110___Crnl_L.Mold 8876.JPG,f688a27b3c6e8673a8dcd625fa767c648ed4068c51058d7fe19917f7ab3eb214,DEDUPLICATED
Tomato,F:/SIH_DATASET/processed/tomato\train\Leaf_Mold\BM_(513).JPG,F:/SIH_DATASET/processed/tomato\train\Leaf_Mold\4172a7c2-35dc-426f-9b59-c7b1908edc5a___Crnl_L.Mold 6710.JPG,afd3546737babe8556a5cdfa7c2d2ee4d86f0a7289616bd215e6babbf1dbe803,DEDUPLICATED
Tomato,F:/SIH_DATASET/processed/tomato\train\Leaf_Mold\BM_(515).JPG,F:/SIH_DATASET/processed/tomato\train\Leaf_Mold\4375c98f-8986-4680-9432-afb29f839d7b___Crnl_L.Mold 6847.JPG,da4fffafbebeee29a517b194c54eab732422682914a8ab1c84d4fec299628d8c,DEDUPLICATED
Tomato,F:/SIH_DATASET/processed/tomato\train\Leaf_Mold\BM_(516).JPG,F:/SIH_DATASET/processed/tomato\train\Leaf_Mold\4505fb9f-e46f-4d8f-b63e-b7d389811dab___Crnl_L.Mold 6907.JPG,865458ac6f60e1f747401110890f8105c4f15992ff1d1a47679a6ea0d68a19be,DEDUPLICATED
Tomato,F:/SIH_DATASET/processed/tomato\train\Leaf_Mold\BM_(517).JPG,F:/SIH_DATASET/processed/tomato\train\Leaf_Mold\4541dd58-9728-4492-8729-f4f174d774ac___Crnl_L.Mold 8992.JPG,f2e44ba4b4653dd204d98b833a938ade2dfa70a458ce75fdc097f4ef362bb8aa,DEDUPLICATED
Tomato,F:/SIH_DATASET/processed/tomato\train\Leaf_Mold\BM_(518).JPG,F:/SIH_DATASET/processed/tomato\train\Leaf_Mold\4615af1a-bf03-4e3a-9687-e62ce353f1e8___Crnl_L.Mold 8702.JPG,3c34e57c3bbad562f8bc8045dece8f746b8d7d1aa23995c4d69667542a2e0905,DEDUPLICATED
Tomato,F:/SIH_DATASET/processed/tomato\train\Leaf_Mold\BM_(520).JPG,F:/SIH_DATASET/processed/tomato\train\Leaf_Mold\4721ba47-ec00-4557-bca6-ba454ddcb9a9___Crnl_L.Mold 6722.JPG,641a5a31075768cc5dc0cdbb72936e3bf5637962ff66fae3bd9929e4aad05518,DEDUPLICATED
Tomato,F:/SIH_DATASET/processed/tomato\train\Leaf_Mold\BM_(523).JPG,F:/SIH_DATASET/processed/tomato\train\Leaf_Mold\5033c868-7977-4a3f-9705-1fb656e64459___Crnl_L.Mold 6813.JPG,2ea9be7cc29197216799f4bcbf8a3f5820834ea1d7982aa42f2887d4b954a62e,DEDUPLICATED
Tomato,F:/SIH_DATASET/processed/tomato\train\Leaf_Mold\BM_(526).JPG,F:/SIH_DATASET/processed/tomato\train\Leaf_Mold\5467ad1f-7db3-4b4d-907a-12ea50ef84c3___Crnl_L.Mold 7097.JPG,3d4cde794653a8b63e654a1855f68e7e9d13b92f4a63455f9b8cb3daaef36800,DEDUPLICATED
Tomato,F:/SIH_DATASET/processed/tomato\train\Leaf_Mold\BM_(527).JPG,F:/SIH_DATASET/processed/tomato\train\Leaf_Mold\5784abe2-e3ea-44e8-aa2b-f5d316c851e5___Crnl_L.Mold 8813.JPG,c204c3ded73567ac14a800de7bb8648a845a7aec6ea4db2b4184c9f449681133,DEDUPLICATED
Tomato,F:/SIH_DATASET/processed/tomato\train\Leaf_Mold\BM_(528).JPG,F:/SIH_DATASET/processed/tomato\train\Leaf_Mold\6337ca93-b6c5-439e-964b-9ad0b984c227___Crnl_L.Mold 6642.JPG,7cd99bcbb195a5ae06035b0237bec32724a34f755624a7c4f1f34e1b5bbc7f25,DEDUPLICATED
Tomato,F:/SIH_DATASET/processed/tomato\train\Leaf_Mold\BM_(530).JPG,F:/SIH_DATASET/processed/tomato\train\Leaf_Mold\6540d96a-71ba-4c91-8319-c0f4019a1b8e___Crnl_L.Mold 6910.JPG,0a9161d8bdc7ecfa0795851306e5608a628f8c3c58ffd9056e802ef8790b4f44,DEDUPLICATED
Tomato,F:/SIH_DATASET/processed/tomato\train\Leaf_Mold\BM_(531).JPG,F:/SIH_DATASET/processed/tomato\train\Leaf_Mold\6545ca24-20cc-4544-9f5e-ec0624c2466e___Crnl_L.Mold 8790.JPG,32719f92ae5be54b7afffc38f608eda50a437381e975703f1a7685085adaacc5,DEDUPLICATED
Tomato,F:/SIH_DATASET/processed/tomato\train\Leaf_Mold\BM_(532).JPG,F:/SIH_DATASET/processed/tomato\train\Leaf_Mold\6685d4bb-ddc5-40b3-b7cf-e4b71a713e31___Crnl_L.Mold 7019.JPG,0c04c6081b93988ec3d11aa113e15f9476502ff0a523be1820e6cae56e055860,DEDUPLICATED
Tomato,F:/SIH_DATASET/processed/tomato\train\Leaf_Mold\BM_(533).JPG,F:/SIH_DATASET/processed/tomato\train\Leaf_Mold\06885d98-1412-4073-8800-9da44c3935c6___Crnl_L.Mold 6794.JPG,a1a52b4f0a96fd346f4ed3fae613d00a260c70b97f19c2ad53d21b7dca9f89f0,DEDUPLICATED
Tomato,F:/SIH_DATASET/processed/tomato\train\Leaf_Mold\BM_(535).JPG,F:/SIH_DATASET/processed/tomato\train\Leaf_Mold\7011fa6f-fba9-466e-a6d1-439370a4a37b___Crnl_L.Mold 6588.JPG,011c0a6488b47211947c77a2791d07a4d3273f3000e55774a05889b790e8ea58,DEDUPLICATED
Tomato,F:/SIH_DATASET/processed/tomato\train\Leaf_Mold\BM_(537).JPG,F:/SIH_DATASET/processed/tomato\train\Leaf_Mold\7115a5d7-3157-4183-bda2-8d0b43f50276___Crnl_L.Mold 8898.JPG,07c2d020c5a5c9fadebcfd903ec242db700bce3b7446fd01f9299ef2fefa1749,DEDUPLICATED
Tomato,F:/SIH_DATASET/processed/tomato\train\Leaf_Mold\BM_(538).JPG,F:/SIH_DATASET/processed/tomato\train\Leaf_Mold\7281a343-89af-4704-a7f7-2a7c2be56c39___Crnl_L.Mold 6525.JPG,7b0b443b982e79e8415c185db418ea5a901134dc1962589f590b84ad360717d7,DEDUPLICATED
Tomato,F:/SIH_DATASET/processed/tomato\train\Leaf_Mold\BM_(539).JPG,F:/SIH_DATASET/processed/tomato\train\Leaf_Mold\7922fafa-294f-4a34-999a-040d1a1a1d44___Crnl_L.Mold 6771.JPG,801fcac952d463badba5badae31c056f7d5f2d732d5d500311b1f4e5d1912be7,DEDUPLICATED
Tomato,F:/SIH_DATASET/processed/tomato\train\Leaf_Mold\BM_(540).JPG,F:/SIH_DATASET/processed/tomato\train\Leaf_Mold\8955f58d-9250-4070-9a6e-ebac0f4e473c___Crnl_L.Mold 9037.JPG,576d0f46cee9c4c40b76a970112d6b1f5022f17d38a0b563e235c40997cf1733,DEDUPLICATED
Tomato,F:/SIH_DATASET/processed/tomato\train\Leaf_Mold\BM_(541).JPG,F:/SIH_DATASET/processed/tomato\train\Leaf_Mold\8989f67e-ccc0-4d37-a950-59d3a69856fe___Crnl_L.Mold 7175.JPG,4cf62ac154c7fe4b0f852515c5aeb7d6ad8d63ddad61c37ad32a2c9c32d8e0dc,DEDUPLICATED
Tomato,F:/SIH_DATASET/processed/tomato\train\Leaf_Mold\BM_(545).JPG,F:/SIH_DATASET/processed/tomato\train\Leaf_Mold\9332f136-9cb8-4b78-b6fa-507b03fc6d6a___Crnl_L.Mold 6764.JPG,3f28101b54f9d8803a8a78c3ff2e2186ed865d574b2a464c65e99451f78fbdb8,DEDUPLICATED
Tomato,F:/SIH_DATASET/processed/tomato\train\Leaf_Mold\BM_(549).JPG,F:/SIH_DATASET/processed/tomato\train\Leaf_Mold\9667b27d-09e8-4776-97bf-e6088227d26d___Crnl_L.Mold 6670.JPG,05b563ad935d5ef6dfba3afb0b1c306aea89e1074a96fab8b1e489f43cd42b04,DEDUPLICATED
Tomato,F:/SIH_DATASET/processed/tomato\train\Leaf_Mold\BM_(550).JPG,F:/SIH_DATASET/processed/tomato\train\Leaf_Mold\9699b511-4dd6-4037-8cfe-c96c12a7b029___Crnl_L.Mold 8725.JPG,f3d2bfe5dc010ca5095ab6bc9c1ce0e1eb965823da1b09cffd5e38984ee85db8,DEDUPLICATED
Tomato,F:/SIH_DATASET/processed/tomato\train\Leaf_Mold\BM_(552).JPG,F:/SIH_DATASET/processed/tomato\train\Leaf_Mold\9857cf56-43fc-40a6-8108-e6a9c10a8ef2___Crnl_L.Mold 9141.JPG,4b67f41ab2194b27b96978f1afba9910981e4c793998382f223197c45621aed8,DEDUPLICATED
Tomato,F:/SIH_DATASET/processed/tomato\train\Leaf_Mold\BM_(555).JPG,F:/SIH_DATASET/processed/tomato\train\Leaf_Mold\13287ee6-523d-4cc9-b537-6df918dae5a2___Crnl_L.Mold 6528.JPG,343600ff1a16f3eacafd731d6901f478f34243efbad168c8e3f35d65f4228b8d,DEDUPLICATED
Tomato,F:/SIH_DATASET/processed/tomato\train\Leaf_Mold\BM_(557).JPG,F:/SIH_DATASET/processed/tomato\train\Leaf_Mold\19547a57-651f-4f9c-b1df-a4ce5b5fdffd___Crnl_L.Mold 8731.JPG,89d1afabbfe07a8bed8f5cbcb899017bbca2378dcefc500424ee1fb3554cbee3,DEDUPLICATED
Tomato,F:/SIH_DATASET/processed/tomato\train\Leaf_Mold\BM_(558).JPG,F:/SIH_DATASET/processed/tomato\train\Leaf_Mold\26088b3b-58c2-4037-90e3-8c8d8c4cf441___Crnl_L.Mold 9119.JPG,c903fe070baa15dbf306eeac44366e88d319c47730eb9fe71798c33579c27cab,DEDUPLICATED
Tomato,F:/SIH_DATASET/processed/tomato\train\Leaf_Mold\BM_(561).JPG,F:/SIH_DATASET/processed/tomato\train\Leaf_Mold\32245a13-92fe-48bf-85c8-938819a057ee___Crnl_L.Mold 8643.JPG,8ca01b5414174ad17051d471c395bc30bfbf3231ff25ea86072e8b46f5965d68,DEDUPLICATED
Tomato,F:/SIH_DATASET/processed/tomato\train\Leaf_Mold\BM_(564).JPG,F:/SIH_DATASET/processed/tomato\train\Leaf_Mold\34771f89-a1bc-49e9-8d94-1eb402312b8d___Crnl_L.Mold 9142.JPG,3781413c99988f2c72623ec78d392df72ae662cbee377ddffd01a9248f803c7c,DEDUPLICATED
Tomato,F:/SIH_DATASET/processed/tomato\train\Leaf_Mold\BM_(565).JPG,F:/SIH_DATASET/processed/tomato\train\Leaf_Mold\35343df4-2017-47f9-a5ef-d08bd52dfd7c___Crnl_L.Mold 8827.JPG,34a6b6dd667b5034bdd2013a720d056a7ec5f23d0720ba2c01a5d9748a1eebd4,DEDUPLICATED
Tomato,F:/SIH_DATASET/processed/tomato\train\Leaf_Mold\BM_(569).JPG,F:/SIH_DATASET/processed/tomato\train\Leaf_Mold\47368e87-9afe-4943-8929-e5e8a652bf60___Crnl_L.Mold 8950.JPG,4f0551b6ea41607b818fd2f6922e5acb8641b1b9c4359354642d29e3d64b817a,DEDUPLICATED
Tomato,F:/SIH_DATASET/processed/tomato\train\Leaf_Mold\BM_(570).JPG,F:/SIH_DATASET/processed/tomato\train\Leaf_Mold\51189dab-468d-4304-8368-d0e4e3247194___Crnl_L.Mold 6667.JPG,d0775e4caf75310efb973a9593b6bc6885a30d40674e1df6b6b15d5c0823957f,DEDUPLICATED
Tomato,F:/SIH_DATASET/processed/tomato\train\Leaf_Mold\BM_(572).JPG,F:/SIH_DATASET/processed/tomato\train\Leaf_Mold\55495e8f-9873-4dda-a02e-32736fed032a___Crnl_L.Mold 6499.JPG,89dad84408c2099ebf7ed17012b9260fbda6ed3885fd4cb0d60d54f70dfb3300,DEDUPLICATED
Tomato,F:/SIH_DATASET/processed/tomato\train\Leaf_Mold\BM_(573).JPG,F:/SIH_DATASET/processed/tomato\train\Leaf_Mold\56779b93-da91-4f00-b562-ed5114e6d378___Crnl_L.Mold 6635.JPG,54bd3c23c6974823dcada4b4058d4b88adb8c3d77997dc904768db97c734c02e,DEDUPLICATED
Tomato,F:/SIH_DATASET/processed/tomato\train\Leaf_Mold\BM_(576).JPG,F:/SIH_DATASET/processed/tomato\train\Leaf_Mold\65986ff3-5848-4473-a7b7-b79e07d79fd7___Crnl_L.Mold 7040.JPG,6c2660ef121ba3fcfa71cedf5631ef07255a326b6833c77fb730a179e5548e17,DEDUPLICATED
Tomato,F:/SIH_DATASET/processed/tomato\train\Leaf_Mold\BM_(577).JPG,F:/SIH_DATASET/processed/tomato\train\Leaf_Mold\67146d7f-01d8-46e5-b772-3617f7b5d403___Crnl_L.Mold 8673.JPG,3f91fb250dd06c73f4dadd3957d104983019e919d154433b9c8c32e493b71852,DEDUPLICATED
Tomato,F:/SIH_DATASET/processed/tomato\train\Leaf_Mold\BM_(581).JPG,F:/SIH_DATASET/processed/tomato\train\Leaf_Mold\076334e5-f0a2-4f7a-b936-02a89ddd0cf5___Crnl_L.Mold 8857.JPG,e36e657660187c4622827a52adc8070c34665b3eb9ff8a06db551fe44c101a55,DEDUPLICATED
Tomato,F:/SIH_DATASET/processed/tomato\train\Leaf_Mold\BM_(583).JPG,F:/SIH_DATASET/processed/tomato\train\Leaf_Mold\77219bfa-b44d-449d-a7bc-3f27d26ffd6a___Crnl_L.Mold 6545.JPG,e78a2a2eb3424aca0ae8cdec3160af91486d2a7248a14800ebeb8d175b49ee01,DEDUPLICATED
Tomato,F:/SIH_DATASET/processed/tomato\train\Leaf_Mold\BM_(587).JPG,F:/SIH_DATASET/processed/tomato\train\Leaf_Mold\091238ce-b84c-4629-a8b2-ba78254bd2e0___Crnl_L.Mold 8788.JPG,1e48768a17530d0388c48cfa8e2235bb3db77acaaac948f1832413e604e3a36c,DEDUPLICATED
Tomato,F:/SIH_DATASET/processed/tomato\train\Leaf_Mold\BM_(589).JPG,F:/SIH_DATASET/processed/tomato\train\Leaf_Mold\93608d6e-7511-4388-88c1-ef45b754e9c2___Crnl_L.Mold 6580.JPG,06947e701b886ba608421d0c260dfb665ad6b563c8b910e1c95569d49a27e5c5,DEDUPLICATED
Tomato,F:/SIH_DATASET/processed/tomato\train\Leaf_Mold\BM_(590).JPG,F:/SIH_DATASET/processed/tomato\train\Leaf_Mold\206234e4-72f0-4543-8945-a697ceffe3c9___Crnl_L.Mold 6795.JPG,d039490f0b4f1cb4411bfaba1fc50e723931e889037dfe330e2b4e815aaf731c,DEDUPLICATED
Tomato,F:/SIH_DATASET/processed/tomato\train\Leaf_Mold\BM_(595).JPG,F:/SIH_DATASET/processed/tomato\train\Leaf_Mold\416808ef-060a-4c7c-9e0c-1dc72996ab48___Crnl_L.Mold 8978.JPG,1cf7616f495a12ef613157855c35f81c060b6b12c9985f3257d62b721527c09a,DEDUPLICATED
Tomato,F:/SIH_DATASET/processed/tomato\train\Leaf_Mold\BM_(597).JPG,F:/SIH_DATASET/processed/tomato\train\Leaf_Mold\462317c2-9028-473b-9dc6-523eb348e47b___Crnl_L.Mold 6875.JPG,4c512895b62e12aaaff0e02a2f9f9d38ad6b4dfb136cf7bec3741af16c756cf7,DEDUPLICATED
Tomato,F:/SIH_DATASET/processed/tomato\train\Leaf_Mold\BM_(598).JPG,F:/SIH_DATASET/processed/tomato\train\Leaf_Mold\559675ba-6f1c-4d85-b66d-849c6b8845d4___Crnl_L.Mold 8651.JPG,9c5308d34c1da26910423c5d39644cc359b8a57990594d8577fc5ec30c63c1f7,DEDUPLICATED
Tomato,F:/SIH_DATASET/processed/tomato\train\Leaf_Mold\BM_(599).JPG,F:/SIH_DATASET/processed/tomato\train\Leaf_Mold\586436a4-0d4b-4874-82d4-b8708e20706c___Crnl_L.Mold 8972.JPG,da61049759bfb78fe63a3eb97556ea47671c383a74436899cf52ac38d8d1548e,DEDUPLICATED
Tomato,F:/SIH_DATASET/processed/tomato\train\Leaf_Mold\BM_(600).JPG,F:/SIH_DATASET/processed/tomato\train\Leaf_Mold\0595201b-049b-47ff-9e56-7e042932c0fe___Crnl_L.Mold 9179.JPG,5eb9a3d5d1f63a013aacaff07645cf911bb63992afc1ed544d6ba94e6215b76e,DEDUPLICATED
Tomato,F:/SIH_DATASET/processed/tomato\train\Leaf_Mold\BM_(604).JPG,F:/SIH_DATASET/processed/tomato\train\Leaf_Mold\707469c1-31f4-4c33-ae84-432e70e0c399___Crnl_L.Mold 9034.JPG,37300f8a9e961bdd83aacefc6869c14acdfaebbfd56272ae8160509c99a2ade3,DEDUPLICATED
Tomato,F:/SIH_DATASET/processed/tomato\train\Leaf_Mold\BM_(605).JPG,F:/SIH_DATASET/processed/tomato\train\Leaf_Mold\755296b4-fa21-4ec5-b912-bd85b2897a01___Crnl_L.Mold 8630.JPG,fb752543b757c3cf7f148bb281fb03cfa39e521047963df5b1d2f000b16afa67,DEDUPLICATED
Tomato,F:/SIH_DATASET/processed/tomato\train\Leaf_Mold\BM_(606).JPG,F:/SIH_DATASET/processed/tomato\train\Leaf_Mold\794848b0-1482-46ae-b615-1382b41ea623___Crnl_L.Mold 6595.JPG,c070e60f5bd974344627dee6462454c98e907a0d11f10bc800da9e052e80a302,DEDUPLICATED
Tomato,F:/SIH_DATASET/processed/tomato\train\Leaf_Mold\BM_(607).JPG,F:/SIH_DATASET/processed/tomato\train\Leaf_Mold\1692055a-2fc8-4680-b8fe-32916f040b6f___Crnl_L.Mold 6843.JPG,738d83afdad7ae199954060451f6d57a8793821b999c562dc6c7648cf4d0d2f4,DEDUPLICATED
Tomato,F:/SIH_DATASET/processed/tomato\train\Leaf_Mold\BM_(608).JPG,F:/SIH_DATASET/processed/tomato\train\Leaf_Mold\2151777c-9cd4-41b0-b6ae-c761c0dd1801___Crnl_L.Mold 8623.JPG,a72e8f4cb3bfd7ba28cac09a96ebc02c2fea5f25c0661431b13f8834a91b8f4a,DEDUPLICATED
Tomato,F:/SIH_DATASET/processed/tomato\train\Leaf_Mold\BM_(609).JPG,F:/SIH_DATASET/processed/tomato\train\Leaf_Mold\4163864b-4d3b-4b6e-8174-e26b4dfc0a86___Crnl_L.Mold 8943.JPG,3e87fe4620f09713fb7be7559b83e3f01c7ac0fef103309fceb0e7e9e130c4ce,DEDUPLICATED
Tomato,F:/SIH_DATASET/processed/tomato\train\Leaf_Mold\BM_(610).JPG,F:/SIH_DATASET/processed/tomato\train\Leaf_Mold\4459390d-64ca-42d2-977b-afb0ed667701___Crnl_L.Mold 6714.JPG,09e63dfc37793faac9839f533ac5e655dd18c58fecef61d6da228439182e271a,DEDUPLICATED
Tomato,F:/SIH_DATASET/processed/tomato\train\Leaf_Mold\BM_(611).JPG,F:/SIH_DATASET/processed/tomato\train\Leaf_Mold\4914514e-fd44-4e2b-becd-5daf581c78e6___Crnl_L.Mold 9019.JPG,43575a675fe9a08a3afe4a7e81303cd858a52c7ef73a70220af634f7ab09cb7c,DEDUPLICATED
Tomato,F:/SIH_DATASET/processed/tomato\train\Leaf_Mold\BM_(612).JPG,F:/SIH_DATASET/processed/tomato\train\Leaf_Mold\05138150-866c-460e-a252-19d269a81d4d___Crnl_L.Mold 6745.JPG,872d3017a69f2dc14f43dbdec1ed51533181c3b9c39daba55d7ed9789331ab2f,DEDUPLICATED
Tomato,F:/SIH_DATASET/processed/tomato\train\Leaf_Mold\BM_(614).JPG,F:/SIH_DATASET/processed/tomato\train\Leaf_Mold\5362725f-e508-4dcf-bdcd-fb08c37630e1___Crnl_L.Mold 9114.JPG,e0d533e2e96ce5b3409cbd7266b21c0fd0945a42e214d710a9713611c3213180,DEDUPLICATED
Tomato,F:/SIH_DATASET/processed/tomato\train\Leaf_Mold\BM_(615).JPG,F:/SIH_DATASET/processed/tomato\train\Leaf_Mold\5673859a-ec42-4fc0-80ec-44cc3203c7be___Crnl_L.Mold 8768.JPG,fdd8d14fc44872f59a6fafbbf7eb3cd424fe307a0507754c04e11d67d151ff03,DEDUPLICATED
Tomato,F:/SIH_DATASET/processed/tomato\train\Leaf_Mold\BM_(616).JPG,F:/SIH_DATASET/processed/tomato\train\Leaf_Mold\8130385a-3f81-4fd6-9966-6f392cf90329___Crnl_L.Mold 8753.JPG,c61b451c149ea45f29a0cf83355651e6aae305cd014c5e4e4d1cec583b173087,DEDUPLICATED
Tomato,F:/SIH_DATASET/processed/tomato\train\Leaf_Mold\BM_(619).JPG,F:/SIH_DATASET/processed/tomato\train\Leaf_Mold\13611825-494e-4068-8be4-68de001adbf8___Crnl_L.Mold 6965.JPG,8854b9657118d64ffa6476bbae260ef6811320ed23704104042d21cb652ca00e,DEDUPLICATED
Tomato,F:/SIH_DATASET/processed/tomato\train\Leaf_Mold\BM_(621).JPG,F:/SIH_DATASET/processed/tomato\train\Leaf_Mold\18222964-4786-49a0-b865-9c8dce3621f3___Crnl_L.Mold 7046.JPG,796c2b57423235c554cf011f9d3eaeb10554880328e52b10f0bf8fde023caf40,DEDUPLICATED
Tomato,F:/SIH_DATASET/processed/tomato\train\Leaf_Mold\BM_(622).JPG,F:/SIH_DATASET/processed/tomato\train\Leaf_Mold\19014458-f5de-4c92-beb5-8faf0e6a6bf3___Crnl_L.Mold 8754.JPG,b317a9ccd2186368617104709931b96b84ac999ba000fed605fa7891657357a1,DEDUPLICATED
Tomato,F:/SIH_DATASET/processed/tomato\train\Leaf_Mold\BM_(623).JPG,F:/SIH_DATASET/processed/tomato\train\Leaf_Mold\30677953-f7e1-4f57-95f2-288425b6bc02___Crnl_L.Mold 6938.JPG,c1b60d518b788813ba1471ca19a900eccb94ae9d7c605d2f0c6af87a819a46ea,DEDUPLICATED
Tomato,F:/SIH_DATASET/processed/tomato\train\Leaf_Mold\BM_(624).JPG,F:/SIH_DATASET/processed/tomato\train\Leaf_Mold\38393031-c7ba-4221-b435-69047e14bff5___Crnl_L.Mold 8776.JPG,cf4911012dc3f1f89b273e3f8e812d045edd1c430d26644511553841dd1e3c9d,DEDUPLICATED
Tomato,F:/SIH_DATASET/processed/tomato\train\Leaf_Mold\BM_(626).JPG,F:/SIH_DATASET/processed/tomato\train\Leaf_Mold\43728975-7569-464b-b67d-a2b3d0f5ddd5___Crnl_L.Mold 6919.JPG,cd08bcb12a2ca9c29a7d00e6fbacc29e54a7ce35722fcf0b77b4b6da5eb8428d,DEDUPLICATED
Tomato,F:/SIH_DATASET/processed/tomato\train\Leaf_Mold\BM_(627).JPG,F:/SIH_DATASET/processed/tomato\train\Leaf_Mold\44167946-e66c-4206-9501-4f1777bac9ae___Crnl_L.Mold 8639.JPG,74f25b690362352f3ab57bdf085a9843831a78d07bd8a2799d9e9baf1dea36af,DEDUPLICATED
Tomato,F:/SIH_DATASET/processed/tomato\train\Leaf_Mold\BM_(628).JPG,F:/SIH_DATASET/processed/tomato\train\Leaf_Mold\53583056-c427-4687-b89f-e0507471c8b2___Crnl_L.Mold 9077.JPG,b99afc013c40c75721fe8ae4b6820dfbac500f1e214074937919185cec765c20,DEDUPLICATED
Tomato,F:/SIH_DATASET/processed/tomato\train\Leaf_Mold\BM_(7).jpg,F:/SIH_DATASET/processed/tomato\train\Leaf_Mold\607-155-1.jpg,8c92ef0d0f0f8993259828b803d71d0ab66dff72528374052110bf947cf8b59f,DEDUPLICATED
Tomato,F:/SIH_DATASET/processed/tomato\train\Leaf_Mold\Blm1.jpg,F:/SIH_DATASET/processed/tomato\train\Leaf_Mold\BM_(23).jpg,6f2ba29bcb7ce3001a2d274ac430648522d577ead24005cd93b7716ae906a3c1,DEDUPLICATED
Tomato,F:/SIH_DATASET/processed/tomato\train\Leaf_Mold\Blm11.jpg,F:/SIH_DATASET/processed/tomato\train\Leaf_Mold\BM_(33).jpg,95cd706794cce6efe17c24edd7a8ad96451c2feefb23225bdea1cb5a7b103208,DEDUPLICATED
Tomato,F:/SIH_DATASET/processed/tomato\train\Leaf_Mold\Blm14.jpg,F:/SIH_DATASET/processed/tomato\train\Leaf_Mold\BM_(36).jpg,87b2776ab8c390f2852d0d9e42b5341f0bd9a9f2e8a7a5914d5b6569e49f4dab,DEDUPLICATED
Tomato,F:/SIH_DATASET/processed/tomato\train\Leaf_Mold\Blm20.jpg,F:/SIH_DATASET/processed/tomato\train\Leaf_Mold\BM_(42).jpg,f2b1fc76725392f94dcfc1bbb126138f60302800cb5caa40475f5e6ee9763f33,DEDUPLICATED
Tomato,F:/SIH_DATASET/processed/tomato\train\Leaf_Mold\Blm22.jpg,F:/SIH_DATASET/processed/tomato\train\Leaf_Mold\BM_(44).jpg,9b33e1cf68a1c1946196b30559bd2d1ac36eaf6e281ec20b749bcec1191a66b0,DEDUPLICATED
Tomato,F:/SIH_DATASET/processed/tomato\train\Leaf_Mold\Blm24.jpg,F:/SIH_DATASET/processed/tomato\train\Leaf_Mold\BM_(46).jpg,0475a22c0f316a7d054a74af4b52097e7e753c5f164c5b8ba3becd940ffd043e,DEDUPLICATED
Tomato,F:/SIH_DATASET/processed/tomato\train\Leaf_Mold\Blm25.jpg,F:/SIH_DATASET/processed/tomato\train\Leaf_Mold\BM_(47).jpg,34ba68d4cf9a1a75e237e81303207094d2a5c4cac043699b353d3e7b859439e4,DEDUPLICATED
Tomato,F:/SIH_DATASET/processed/tomato\train\Leaf_Mold\Blm27.jpg,F:/SIH_DATASET/processed/tomato\train\Leaf_Mold\BM_(49).jpg,b8f1f949b5ca5ae6a2367c2323f4c12691eedb584952547e55ad754ea61de84f,DEDUPLICATED
Tomato,F:/SIH_DATASET/processed/tomato\train\Leaf_Mold\Blm28.jpg,F:/SIH_DATASET/processed/tomato\train\Leaf_Mold\BM_(50).jpg,c5526d788de6b8d92e98cb34084a36f55ee8714fb769a039841ef21c978f94e0,DEDUPLICATED
Tomato,F:/SIH_DATASET/processed/tomato\train\Leaf_Mold\Blm29.jpg,F:/SIH_DATASET/processed/tomato\train\Leaf_Mold\BM_(51).jpg,8f11011319c7b958bfde296f424fe557e6969352d492016d5262a7a26365666c,DEDUPLICATED
Tomato,F:/SIH_DATASET/processed/tomato\train\Leaf_Mold\Blm3.jpg,F:/SIH_DATASET/processed/tomato\train\Leaf_Mold\BM_(25).jpg,72906c3fb6aa5a7c87032bee9f1dd732e34f0714b65d2f06dd9f5fb4bb7fa13b,DEDUPLICATED
Tomato,F:/SIH_DATASET/processed/tomato\train\Leaf_Mold\Blm30.JPG,F:/SIH_DATASET/processed/tomato\train\Leaf_Mold\BM_(52).JPG,c385b90a78a6c65faed3b61af80de0f0dbe37af85d85d68123cf7b10d5f6a48d,DEDUPLICATED
Tomato,F:/SIH_DATASET/processed/tomato\train\Leaf_Mold\Blm31.JPG,F:/SIH_DATASET/processed/tomato\train\Leaf_Mold\BM_(53).JPG,36c4044acf039df1f2b105986cc2bc56e0d2a9cf0c1c29dd4a81d4711d787c36,DEDUPLICATED
Tomato,F:/SIH_DATASET/processed/tomato\train\Leaf_Mold\Blm32.JPG,F:/SIH_DATASET/processed/tomato\train\Leaf_Mold\BM_(54).JPG,8fd20f156edc1dd6219d47988a8918649efb5b3ca4105e0db482e37850ff958c,DEDUPLICATED
Tomato,F:/SIH_DATASET/processed/tomato\train\Leaf_Mold\Blm36.JPG,F:/SIH_DATASET/processed/tomato\train\Leaf_Mold\BM_(58).JPG,1a8409b4a26499ee08c19da96928fe3b39651ca077cde249b8f12e7318913573,DEDUPLICATED
Tomato,F:/SIH_DATASET/processed/tomato\train\Leaf_Mold\Blm37.JPG,F:/SIH_DATASET/processed/tomato\train\Leaf_Mold\BM_(59).JPG,2e42600c2a87abc2948bd272f2c832418f9df7699ac41c7de816dbeeae31f396,DEDUPLICATED
Tomato,F:/SIH_DATASET/processed/tomato\train\Leaf_Mold\Blm42.JPG,F:/SIH_DATASET/processed/tomato\train\Leaf_Mold\BM_(64).JPG,19a4a6bc89de9d097f45346fef33cbf7fe4d283901f315980ca1bae3c2f93498,DEDUPLICATED
Tomato,F:/SIH_DATASET/processed/tomato\train\Leaf_Mold\Blm43.JPG,F:/SIH_DATASET/processed/tomato\train\Leaf_Mold\BM_(65).JPG,ba033cff3e3ce7bbcad98bd7928ba8bb75f527bf99a284f7b305a34feaa98889,DEDUPLICATED
Tomato,F:/SIH_DATASET/processed/tomato\train\Leaf_Mold\Blm50.JPG,F:/SIH_DATASET/processed/tomato\train\Leaf_Mold\BM_(72).JPG,4d5d788422e244168f4dd72f9c084e98b0cbb7e4560c4ce66d38d2093db50c66,DEDUPLICATED
Tomato,F:/SIH_DATASET/processed/tomato\train\Leaf_Mold\Blm52.JPG,F:/SIH_DATASET/processed/tomato\train\Leaf_Mold\BM_(74).JPG,ff1aeceba5813d8f5135b0e842d768cbc965e6c56d577a018a66e0452d7f455a,DEDUPLICATED
Tomato,F:/SIH_DATASET/processed/tomato\train\Leaf_Mold\Blm54.JPG,F:/SIH_DATASET/processed/tomato\train\Leaf_Mold\BM_(76).JPG,4280ff23c0db5249d9f35c41061c49547eb8bec6433c58a173271075c6dfc85c,DEDUPLICATED
Tomato,F:/SIH_DATASET/processed/tomato\train\Leaf_Mold\Blm55.JPG,F:/SIH_DATASET/processed/tomato\train\Leaf_Mold\BM_(77).JPG,828728bc2e49e35076da04400dde4235cf0c8572f96e1bb006aa20a697b20501,DEDUPLICATED
Tomato,F:/SIH_DATASET/processed/tomato\train\Leaf_Mold\Blm56.JPG,F:/SIH_DATASET/processed/tomato\train\Leaf_Mold\BM_(78).JPG,ff846f0c1702038cc9c04cf2f75eccbb13a76ba897d72fc0d545837c1c5defe7,DEDUPLICATED
Tomato,F:/SIH_DATASET/processed/tomato\train\Leaf_Mold\Blm57.JPG,F:/SIH_DATASET/processed/tomato\train\Leaf_Mold\BM_(79).JPG,e6241915ac25d975a95bcd0f0eb0bb005fc1351e71fd6ddea6f4ce5b0dddd9e1,DEDUPLICATED
Tomato,F:/SIH_DATASET/processed/tomato\train\Leaf_Mold\Blm61.JPG,F:/SIH_DATASET/processed/tomato\train\Leaf_Mold\BM_(83).JPG,e4ec2f0a296e966782f0cf4121788ff22bb3cf293d8d720b829e3b297e1d8556,DEDUPLICATED
Tomato,F:/SIH_DATASET/processed/tomato\train\Leaf_Mold\Blm62.JPG,F:/SIH_DATASET/processed/tomato\train\Leaf_Mold\BM_(84).JPG,369705499c12febccb1962bd0d850ba15fb52c53908d624d1fbfb856f23058ac,DEDUPLICATED
Tomato,F:/SIH_DATASET/processed/tomato\train\Leaf_Mold\Blm67.JPG,F:/SIH_DATASET/processed/tomato\train\Leaf_Mold\BM_(89).JPG,f518c42d03b9cceb9a7e3ba24372ec74be9616dba316e6ccca9917526529f60e,DEDUPLICATED
Tomato,F:/SIH_DATASET/processed/tomato\train\Leaf_Mold\Blm7.jpg,F:/SIH_DATASET/processed/tomato\train\Leaf_Mold\BM_(29).jpg,cc88cef7b66e9fa42c678d297f20381f8e6d1a297108b6aafb7258d3400a19dc,DEDUPLICATED
Tomato,F:/SIH_DATASET/processed/tomato\train\Leaf_Mold\Blm8.jpg,F:/SIH_DATASET/processed/tomato\train\Leaf_Mold\BM_(30).jpg,70508bdac1eaf8c487c6bdacfd4024fd5edf5b0d9bb0fb822b345233f87d411e,DEDUPLICATED
Tomato,F:/SIH_DATASET/processed/tomato\train\Leaf_Mold\d0049080-d379-4a5c-9407-1073f4d3ce3f___Crnl_L.Mold 8642.JPG,F:/SIH_DATASET/processed/tomato\train\Leaf_Mold\BM_(871).JPG,6dc826cfadc79cc2ce62e28dc77daee2fd757ce22d2f4769eef2c998a1c4a14d,DEDUPLICATED
Tomato,F:/SIH_DATASET/processed/tomato\train\Leaf_Mold\d159f020-15f7-45c5-9808-a8ef0e5914f5___Crnl_L.Mold 9105.JPG,F:/SIH_DATASET/processed/tomato\train\Leaf_Mold\BM_(858).JPG,9a848de902ce8004a681370e49aa5c6b22173a825c7acd3cfea7846416d13943,DEDUPLICATED
Tomato,F:/SIH_DATASET/processed/tomato\train\Leaf_Mold\d23729f0-3d5c-4e13-abd2-5cc7f21a51ee___Crnl_L.Mold 6976.JPG,F:/SIH_DATASET/processed/tomato\train\Leaf_Mold\BM_(869).JPG,5b0eebed2c21fac913717d511b09c0c0870901e24c62723f9fe16e591abade3e,DEDUPLICATED
Tomato,F:/SIH_DATASET/processed/tomato\train\Leaf_Mold\d2422f17-4d15-4416-8c24-fba263d9b3db___Crnl_L.Mold 8810.JPG,F:/SIH_DATASET/processed/tomato\train\Leaf_Mold\BM_(866).JPG,02b0d544b339c416877449d7081f62ac254e48eac8f750031fd90a2d2dfc83af,DEDUPLICATED
Tomato,F:/SIH_DATASET/processed/tomato\train\Leaf_Mold\d31448f3-312d-4f30-bb39-c1045b1df616___Crnl_L.Mold 6807.JPG,F:/SIH_DATASET/processed/tomato\train\Leaf_Mold\BM_(870).JPG,c7aa84065392cfe2e22e926dc7ab59c509738f0ead9a16a4c9c5fa2335f9d517,DEDUPLICATED
Tomato,F:/SIH_DATASET/processed/tomato\train\Leaf_Mold\d49623e2-8d48-480e-8bd1-c7f7b997514c___Crnl_L.Mold 8676.JPG,F:/SIH_DATASET/processed/tomato\train\Leaf_Mold\BM_(872).JPG,3b9726561e22b3163112bdaab1bf37a001925eb2d3309e23cb762c5d37cc3b5f,DEDUPLICATED
Tomato,F:/SIH_DATASET/processed/tomato\train\Leaf_Mold\d5926e32-2f9f-413f-b6b8-fe86725729d2___Crnl_L.Mold 8974.JPG,F:/SIH_DATASET/processed/tomato\train\Leaf_Mold\BM_(867).JPG,a0a5c4c0494a7df911eeb9b0cb7a60825af00e3ed4e0eb26c4e88a406db3c18a,DEDUPLICATED
Tomato,F:/SIH_DATASET/processed/tomato\train\Leaf_Mold\d633dfc9-74f2-4fbc-b540-3b87a53807d0___Crnl_L.Mold 9106.JPG,F:/SIH_DATASET/processed/tomato\train\Leaf_Mold\BM_(860).JPG,51647af603ccd8a5b54f46d64e7ec755b9a6210c8255c41b91cde098a745e22a,DEDUPLICATED
Tomato,F:/SIH_DATASET/processed/tomato\train\Leaf_Mold\d6441d7c-be78-420d-b202-1298cd5b94e9___Crnl_L.Mold 6571.JPG,F:/SIH_DATASET/processed/tomato\train\Leaf_Mold\BM_(868).JPG,83f1856afe6b1c03e86cd7ea2da6ca9f67ce48ba8c3a2b2a7b142ec08020e280,DEDUPLICATED
Tomato,F:/SIH_DATASET/processed/tomato\train\Leaf_Mold\d662ce55-855f-4af0-84ef-6e0d9e5e468a___Crnl_L.Mold 6586.JPG,F:/SIH_DATASET/processed/tomato\train\Leaf_Mold\BM_(861).JPG,3da803a6a1309dff6c3b4c1381d7ac11a49f229098456bde262aec5d47a37e31,DEDUPLICATED
Tomato,F:/SIH_DATASET/processed/tomato\train\Leaf_Mold\d8466889-2874-44fd-b6e1-128c328d5b84___Crnl_L.Mold 8661.JPG,F:/SIH_DATASET/processed/tomato\train\Leaf_Mold\BM_(875).JPG,95038d883c63dc557b84904ee58e57db41026af33dc22fc315cc725b6df69572,DEDUPLICATED
Tomato,F:/SIH_DATASET/processed/tomato\train\Leaf_Mold\d909406f-7eb4-4498-a31f-0a1b3535cb35___Crnl_L.Mold 8797.JPG,F:/SIH_DATASET/processed/tomato\train\Leaf_Mold\BM_(873).JPG,0e70c8ee0af9651f861b2fa03e98fe2c756ead2b6162fbb5937d5b7cd43d25c2,DEDUPLICATED
Tomato,F:/SIH_DATASET/processed/tomato\train\Leaf_Mold\d94e7f33-7c00-4541-8bb2-ba6314f68c0e___Crnl_L.Mold 6885.JPG,F:/SIH_DATASET/processed/tomato\train\Leaf_Mold\BM_(855).JPG,9b3965bc7537d10e15d8e2413623781bf800b5611534ab04b48c4ac06d57a18d,DEDUPLICATED
Tomato,F:/SIH_DATASET/processed/tomato\train\Leaf_Mold\d97b4cea-9445-4051-bc20-f8421dac0d4b___Crnl_L.Mold 6704.JPG,F:/SIH_DATASET/processed/tomato\train\Leaf_Mold\BM_(856).JPG,24875d0488aa031530b99eee676187c47c7ceee6c7a85fabf3b13f3992af2948,DEDUPLICATED
Tomato,F:/SIH_DATASET/processed/tomato\train\Leaf_Mold\da6cc51a-6ba2-4b1d-aa4f-5d699860da6b___Crnl_L.Mold 6767.JPG,F:/SIH_DATASET/processed/tomato\train\Leaf_Mold\BM_(876).JPG,ab2441fb1c10b980180a7a8b25cdd9737d5ee5366f32693256e60141ab0e936b,DEDUPLICATED
Tomato,F:/SIH_DATASET/processed/tomato\train\Leaf_Mold\db35e8bc-5879-436e-82a1-e1e0e0f9b19c___Crnl_L.Mold 7044.JPG,F:/SIH_DATASET/processed/tomato\train\Leaf_Mold\BM_(880).JPG,0e663e2a75c3736b4ad9ca4d3106cd052ea231a7e8ed3df5d254e39e7e1268e4,DEDUPLICATED
Tomato,F:/SIH_DATASET/processed/tomato\train\Leaf_Mold\dbbb1200-16e8-4842-acbf-57ccd1afc2dc___Crnl_L.Mold 7035.JPG,F:/SIH_DATASET/processed/tomato\train\Leaf_Mold\BM_(881).JPG,2dfc318195634694ee31669b78285bb0263680d211ec9be0583d8e12a817d5b7,DEDUPLICATED
Tomato,F:/SIH_DATASET/processed/tomato\train\Leaf_Mold\dc533794-bc05-4564-b110-dea895234a02___Crnl_L.Mold 9068.JPG,F:/SIH_DATASET/processed/tomato\train\Leaf_Mold\BM_(886).JPG,b52085173c746223b4da2ed668b1ee7341b9530e307adbd839b3ca555f8136e7,DEDUPLICATED
Tomato,F:/SIH_DATASET/processed/tomato\train\Leaf_Mold\dc98f601-174f-481d-a666-6af979c61d4f___Crnl_L.Mold 6859.JPG,F:/SIH_DATASET/processed/tomato\train\Leaf_Mold\BM_(885).JPG,4d706062815f210b712d177bca350d000bc8e6dfa65cddb3e28d2dc15f3a100f,DEDUPLICATED
Tomato,F:/SIH_DATASET/processed/tomato\train\Leaf_Mold\df5a282e-d66e-4fb3-8ce4-eddfe5253c50___Crnl_L.Mold 8940.JPG,F:/SIH_DATASET/processed/tomato\train\Leaf_Mold\BM_(889).JPG,891dca2f3e9c90213e27c4b699b7ba0047f4522e1b20235b1bb28324d57bbd7a,DEDUPLICATED
Tomato,F:/SIH_DATASET/processed/tomato\train\Leaf_Mold\e04f2ba7-8aac-4c3a-950f-edf70a6c2905___Crnl_L.Mold 7173.JPG,F:/SIH_DATASET/processed/tomato\train\Leaf_Mold\BM_(897).JPG,d14c3ea04be35015b43be7d3f6f7d5f26c0a2eb1c08dd9dd2526ff9629fde339,DEDUPLICATED
Tomato,F:/SIH_DATASET/processed/tomato\train\Leaf_Mold\e1d28219-50e4-4fae-be14-ab80ffe0c748___Crnl_L.Mold 6969.JPG,F:/SIH_DATASET/processed/tomato\train\Leaf_Mold\BM_(893).JPG,406c313fe197d315a87bd61c4ab1444f367c1668a9d70f5a7679bd3ad56f145c,DEDUPLICATED
Tomato,F:/SIH_DATASET/processed/tomato\train\Leaf_Mold\e2d4c4ee-752f-4494-a046-6076bc08ecbd___Crnl_L.Mold 7178.JPG,F:/SIH_DATASET/processed/tomato\train\Leaf_Mold\BM_(894).JPG,2b187a3fe304dc6718e5f662b9fc20454f0cf3bcd5d8b8d9e6b60d4b4f773540,DEDUPLICATED
Tomato,F:/SIH_DATASET/processed/tomato\train\Leaf_Mold\e33b960c-9d75-4de7-a310-ac39e5f326a4___Crnl_L.Mold 6689.JPG,F:/SIH_DATASET/processed/tomato\train\Leaf_Mold\BM_(911).JPG,1c2a112330e204faac0d99727e8bd16fa35af6ddf84a246e22e68bea39af1d0c,DEDUPLICATED
Tomato,F:/SIH_DATASET/processed/tomato\train\Leaf_Mold\e379328a-4265-470a-978d-5020f59f4c1f___Crnl_L.Mold 6833.JPG,F:/SIH_DATASET/processed/tomato\train\Leaf_Mold\BM_(923).JPG,b6c1a69d250b1f8f9a760c7111c3262ee028596e0ed5b7bd2aabac9374580372,DEDUPLICATED
Tomato,F:/SIH_DATASET/processed/tomato\train\Leaf_Mold\e401be04-ce62-4682-ae91-765fc4c2cc31___Crnl_L.Mold 7114.JPG,F:/SIH_DATASET/processed/tomato\train\Leaf_Mold\BM_(918).JPG,26ccb79fd6faa70a2f450c69b70348838f6152a8ab75bf40d2c2b5fc37aa5610,DEDUPLICATED
Tomato,F:/SIH_DATASET/processed/tomato\train\Leaf_Mold\e40291b5-6b55-4c56-a044-3971e70eda1e___Crnl_L.Mold 7164.JPG,F:/SIH_DATASET/processed/tomato\train\Leaf_Mold\BM_(922).JPG,a38335e68601e14971ca5e586909af5f5303ff7fa320e600f20bb419cceb221f,DEDUPLICATED
Tomato,F:/SIH_DATASET/processed/tomato\train\Leaf_Mold\e4a916fa-f59f-42cc-84a3-41d11293c73a___Crnl_L.Mold 9051.JPG,F:/SIH_DATASET/processed/tomato\train\Leaf_Mold\BM_(898).JPG,be91f765bf1153ec4f7c2cd293f30446c7bc1b7f8c925f0207ff51facfa7affa,DEDUPLICATED
Tomato,F:/SIH_DATASET/processed/tomato\train\Leaf_Mold\e4bc3bc6-794e-43c4-8938-e56ed74b5542___Crnl_L.Mold 6613.JPG,F:/SIH_DATASET/processed/tomato\train\Leaf_Mold\BM_(900).JPG,63ad71691d869bbb9ceff755ea8d4849dbd829a71e7a5b407521137bf386a7c8,DEDUPLICATED
Tomato,F:/SIH_DATASET/processed/tomato\train\Leaf_Mold\e5296fcd-8354-4c8c-8e91-777fe4d9555b___Crnl_L.Mold 8973.JPG,F:/SIH_DATASET/processed/tomato\train\Leaf_Mold\BM_(920).JPG,e5b8c94c5f71e7dc39af567a628f5dd66a53ffe7bfbd8c2f538db95a1102eba6,DEDUPLICATED
Tomato,F:/SIH_DATASET/processed/tomato\train\Leaf_Mold\e52cddad-4c37-4f76-99fe-332801a1cb54___Crnl_L.Mold 6949.JPG,F:/SIH_DATASET/processed/tomato\train\Leaf_Mold\BM_(914).JPG,a7e83fd082717436e5f217e06b39e5740123b55a3ca0433572f3cb7a404275bb,DEDUPLICATED
Tomato,F:/SIH_DATASET/processed/tomato\train\Leaf_Mold\e59a2933-7869-4e49-8ed5-1663ca5200d1___Crnl_L.Mold 6785.JPG,F:/SIH_DATASET/processed/tomato\train\Leaf_Mold\BM_(916).JPG,b24eb2908138dff9aba4cf571adb9abcc45e180f796e0aea8ccb05fe48897bf0,DEDUPLICATED
Tomato,F:/SIH_DATASET/processed/tomato\train\Leaf_Mold\e5a3c9fd-64a6-426f-a0a0-2fd28a7852d0___Crnl_L.Mold 6575.JPG,F:/SIH_DATASET/processed/tomato\train\Leaf_Mold\BM_(902).JPG,24eed029422ad90f95a2b97a4d049a0fb3e3e8a5df39526b08a4d323483fbe0a,DEDUPLICATED
Tomato,F:/SIH_DATASET/processed/tomato\train\Leaf_Mold\e6e60f43-eff7-4f87-8aef-ab1ddcc6526a___Crnl_L.Mold 6942.JPG,F:/SIH_DATASET/processed/tomato\train\Leaf_Mold\BM_(904).JPG,791070d4250de4845149d5fae1b65c2e5a67affa0f8c2d291ffe7af4faa4e8ba,DEDUPLICATED
Tomato,F:/SIH_DATASET/processed/tomato\train\Leaf_Mold\e710a5d8-3d50-4382-9786-931ca51ba797___Crnl_L.Mold 6851.JPG,F:/SIH_DATASET/processed/tomato\train\Leaf_Mold\BM_(919).JPG,61737e21e3476f55b813842127135046c8f05023d415672eb050e4b2f56b8101,DEDUPLICATED
Tomato,F:/SIH_DATASET/processed/tomato\train\Leaf_Mold\e7e687ae-c2f1-4ab4-9726-fe9ee5c1c889___Crnl_L.Mold 8765.JPG,F:/SIH_DATASET/processed/tomato\train\Leaf_Mold\BM_(905).JPG,ce66a1abe89af4d112adfe26f9b0688c507214ed0bfe0b4c7222b1721eac1017,DEDUPLICATED
Tomato,F:/SIH_DATASET/processed/tomato\train\Leaf_Mold\e7ebe82b-5573-47ff-acb8-f208462d0335___Crnl_L.Mold 7123.JPG,F:/SIH_DATASET/processed/tomato\train\Leaf_Mold\BM_(906).JPG,dec5e9d69bcd2e2e6a21156cfd668662613f4e1214d41da1cd3987f194f95bfa,DEDUPLICATED
Tomato,F:/SIH_DATASET/processed/tomato\train\Leaf_Mold\e8a0bcf7-b76f-495f-ad84-f29329bfa481___Crnl_L.Mold 6620.JPG,F:/SIH_DATASET/processed/tomato\train\Leaf_Mold\BM_(907).JPG,736c67c4f69ceb3cf9b04e5fda73853fbe8e2470b76d0ee6554e2dcbd6fceaf7,DEDUPLICATED
Tomato,F:/SIH_DATASET/processed/tomato\train\Leaf_Mold\e98c3ab2-eb39-48a5-8beb-d11995a55015___Crnl_L.Mold 9185.JPG,F:/SIH_DATASET/processed/tomato\train\Leaf_Mold\BM_(917).JPG,e615ae3e54a19792bf8d6b54a8507da5d6736ff5989b04979dc06dc9dbfde74b,DEDUPLICATED
Tomato,F:/SIH_DATASET/processed/tomato\train\Leaf_Mold\e9a29961-5b3e-47a8-b2aa-b8d0ba9f2a80___Crnl_L.Mold 6838.JPG,F:/SIH_DATASET/processed/tomato\train\Leaf_Mold\BM_(910).JPG,45e07ca6a2049157e77679ca635417a11940a213458adf31a133956c45a82196,DEDUPLICATED
Tomato,F:/SIH_DATASET/processed/tomato\train\Leaf_Mold\ea06d6ff-8848-40a9-8372-fcb229337bd4___Crnl_L.Mold 9092.JPG,F:/SIH_DATASET/processed/tomato\train\Leaf_Mold\BM_(924).JPG,d24079b421724c3dcbc31891f4c45dcd593417b4fb5783c2eb8fc8e43bd60728,DEDUPLICATED
Tomato,F:/SIH_DATASET/processed/tomato\train\Leaf_Mold\ea19d516-b7fd-45c3-a459-68281f3bd9aa___Crnl_L.Mold 6836.JPG,F:/SIH_DATASET/processed/tomato\train\Leaf_Mold\BM_(925).JPG,f0d97761dcc8315235dae80f7af7a2bddb078a37f0234ba4a870c71d00788b0b,DEDUPLICATED
Tomato,F:/SIH_DATASET/processed/tomato\train\Leaf_Mold\eab7f198-a04b-4e25-b329-41e7666d1fde___Crnl_L.Mold 6773.JPG,F:/SIH_DATASET/processed/tomato\train\Leaf_Mold\BM_(927).JPG,fe120081e9cd79d63cb5a3d6e2771d9030142cd36838f4a15b94d5ac38bb479f,DEDUPLICATED
Tomato,F:/SIH_DATASET/processed/tomato\train\Leaf_Mold\eca409c5-fd2b-4fab-9a54-4fad60a205d8___Crnl_L.Mold 8875.JPG,F:/SIH_DATASET/processed/tomato\train\Leaf_Mold\BM_(930).JPG,46f1874aad42dcca8540a913e9de889904155f539661cadb0f740525ea66b880,DEDUPLICATED
Tomato,F:/SIH_DATASET/processed/tomato\train\Leaf_Mold\edd27dda-8e38-45da-9744-75982f71b4fe___Crnl_L.Mold 8762.JPG,F:/SIH_DATASET/processed/tomato\train\Leaf_Mold\BM_(934).JPG,547c4cce318b53b51c6fc98faa4df44be83fd0764aeae0280dd1d432a6a4da05,DEDUPLICATED
Tomato,F:/SIH_DATASET/processed/tomato\train\Leaf_Mold\edd41abf-a135-4648-b724-a57b91f403e5___Crnl_L.Mold 6980.JPG,F:/SIH_DATASET/processed/tomato\train\Leaf_Mold\BM_(935).JPG,1430cb8cc4189f713c0df302c8bedeeff4884729a0147ee28707f7f5c0b5019c,DEDUPLICATED
Tomato,F:/SIH_DATASET/processed/tomato\train\Leaf_Mold\edf50862-c5ce-406d-a3f1-f228bd358ca3___Crnl_L.Mold 7038.JPG,F:/SIH_DATASET/processed/tomato\train\Leaf_Mold\BM_(936).JPG,a63cb63ddcdc3042a46fc44b5d7598627ce754fd8434240534ea0c54cddd7cc0,DEDUPLICATED
Tomato,F:/SIH_DATASET/processed/tomato\train\Leaf_Mold\eeb1fcab-1278-4c23-bef4-2b54ec75f651___Crnl_L.Mold 9158.JPG,F:/SIH_DATASET/processed/tomato\train\Leaf_Mold\BM_(937).JPG,9a7fffe1d065548710951d235c7684a89983afb56a526148ff6a61f22bd6e84b,DEDUPLICATED
Tomato,F:/SIH_DATASET/processed/tomato\train\Leaf_Mold\efa60351-9550-43dc-b0a7-c74b591f29bf___Crnl_L.Mold 7083.JPG,F:/SIH_DATASET/processed/tomato\train\Leaf_Mold\BM_(938).JPG,13163698607361981cf96972149fee2c11b0ca581c849454b0e1ffd854827204,DEDUPLICATED
Tomato,F:/SIH_DATASET/processed/tomato\train\Leaf_Mold\f1cba359-4553-46a7-a1b3-3b6dbbcb81ae___Crnl_L.Mold 7151.JPG,F:/SIH_DATASET/processed/tomato\train\Leaf_Mold\BM_(942).JPG,19b688d47d6191b406b30f56638fa2a4e1a0c755b42093e56a6eacfbafc666cf,DEDUPLICATED
Tomato,F:/SIH_DATASET/processed/tomato\train\Leaf_Mold\f2a712d0-5d8c-4676-a0c3-732ef8ebc8f0___Crnl_L.Mold 8861.JPG,F:/SIH_DATASET/processed/tomato\train\Leaf_Mold\BM_(943).JPG,922c81d90e5bdc8f479e850c8dd85f54471c3bad02204b96d9d49d1bd6106bed,DEDUPLICATED
Tomato,F:/SIH_DATASET/processed/tomato\train\Leaf_Mold\f2b42380-d2e4-4335-8e49-43cef9e4d357___Crnl_L.Mold 7068.JPG,F:/SIH_DATASET/processed/tomato\train\Leaf_Mold\BM_(944).JPG,599cb3e441150f50f70ac6f0fac00b73350de8f7793033382bd68c296cbaf3e7,DEDUPLICATED
Tomato,F:/SIH_DATASET/processed/tomato\train\Leaf_Mold\f2da011d-7004-40de-ba61-9e9fe12ad6b0___Crnl_L.Mold 7143.JPG,F:/SIH_DATASET/processed/tomato\train\Leaf_Mold\BM_(945).JPG,32978c34b963f462a93b7d48c856c3b32e8ed39696f934d834ff3ada1d14bbc9,DEDUPLICATED
Tomato,F:/SIH_DATASET/processed/tomato\train\Leaf_Mold\f3b8f9e3-6c47-4797-9da6-d8b09e19048c___Crnl_L.Mold 9023.JPG,F:/SIH_DATASET/processed/tomato\train\Leaf_Mold\BM_(946).JPG,a2d7c68626c611fd349fe63ffcebca978d4e1ac0dfc9e2cf4081574f957a00bd,DEDUPLICATED
Tomato,F:/SIH_DATASET/processed/tomato\train\Leaf_Mold\f3c54833-7b3e-43bf-8d1d-a67a8c6cfd83___Crnl_L.Mold 8858.JPG,F:/SIH_DATASET/processed/tomato\train\Leaf_Mold\BM_(947).JPG,12058fa3c1c552b6fcf3eefb75087500b05f7f7f08123418c79bdad6113711ca,DEDUPLICATED
Tomato,F:/SIH_DATASET/processed/tomato\train\Septoria_leaf_spot\SS_ (206).JPG,F:/SIH_DATASET/processed/tomato\train\Septoria_leaf_spot\720cc0eb-fccf-4e33-8f75-c834b6297b86___Matt.S_CG 6771.JPG,4f4579cd491948e59a920624924544cb4820644347e2871f703761aefd22d748,DEDUPLICATED
Tomato,F:/SIH_DATASET/processed/tomato\train\Septoria_leaf_spot\SS_ (219).JPG,F:/SIH_DATASET/processed/tomato\train\Septoria_leaf_spot\0806cabf-f026-43bd-a508-0e8e5a185341___Matt.S_CG 1266.JPG,0e1d11d8f6fe3535531a711702b5f97c3f77fe58966e8b1693c3852752adcc02,DEDUPLICATED
Tomato,F:/SIH_DATASET/processed/tomato\train\Septoria_leaf_spot\SS_ (285).JPG,F:/SIH_DATASET/processed/tomato\train\Septoria_leaf_spot\4868a14d-e319-4db0-bdd5-241e50a05bf8___Matt.S_CG 6451.JPG,061538432b31831f6d6f7f1a070db1bc426f0d68380ea7ad2191e001c91f6daf,DEDUPLICATED
Tomato,F:/SIH_DATASET/processed/tomato\train\Septoria_leaf_spot\Septoria Leafspot.jpg,F:/SIH_DATASET/processed/tomato\train\Bacterial_spot\Septoria Leafspot.jpg,986b5920087df6ed2d5fd0194a852d3ee28138afb074267c8277bfe6b01151af,DEDUPLICATED
Tomato,F:/SIH_DATASET/processed/tomato\train\Septoria_leaf_spot\web1_copy_tomato-septoria-leaf-spot4.jpg,F:/SIH_DATASET/processed/tomato\train\Septoria_leaf_spot\SS_ (997).jpg,de7f200bceaa19c462e2e8ea63015eb2cc95ef37ff60192b4e02b4c5b261ec16,DEDUPLICATED
Tomato,F:/SIH_DATASET/processed/tomato\train\healthy\34c81c57-e1fa-49dd-a49d-34fe8b2385fe___GH_HL Leaf 466.1.JPG,F:/SIH_DATASET/processed/tomato\train\healthy\068e324c-faf6-40d6-8f83-578907f1cac5___GH_HL Leaf 466.1.JPG,2a05a74db3a270ac0ec77c00ebe89a332eed589819435129cc3c29eb6e701eb2,DEDUPLICATED
Tomato,F:/SIH_DATASET/processed/tomato\train\healthy\HL_(176).JPG,F:/SIH_DATASET/processed/tomato\train\healthy\0c4b06d5-4053-44fc-99b6-504934fdd3a9___GH_HL Leaf 199.1.JPG,d7713ddab7183061f4768a81463cbf8b27daeccb0fbdf3f10acc44584afae852,DEDUPLICATED
Tomato,F:/SIH_DATASET/processed/tomato\train\healthy\HL_(180).JPG,F:/SIH_DATASET/processed/tomato\train\healthy\0cb10f98-491d-4e1f-b8ea-4fb0f1b3675f___GH_HL Leaf 333.JPG,8439b49957e9f84d522705ccd7621d0d380d86f45bbe4388a4e9cc1e697c2464,DEDUPLICATED
Tomato,F:/SIH_DATASET/processed/tomato\train\healthy\HL_(181).JPG,F:/SIH_DATASET/processed/tomato\train\healthy\0cfee8b1-5de4-4118-9e25-f9c37bb6f17e___GH_HL Leaf 252.JPG,48455e65d855706761889112b8917a813e339f712fab6eb48fea1f4ef87844d3,DEDUPLICATED
Tomato,F:/SIH_DATASET/processed/tomato\train\healthy\HL_(183).JPG,F:/SIH_DATASET/processed/tomato\train\healthy\0d70d565-520e-474c-85c1-ab478c9f1d4b___GH_HL Leaf 203.1.JPG,69d944da8d672122dc5586ffa2151c2b84811568eb855ed138827df205de5bba,DEDUPLICATED
Tomato,F:/SIH_DATASET/processed/tomato\train\healthy\HL_(192).JPG,F:/SIH_DATASET/processed/tomato\train\healthy\0de16216-510d-48c1-9ef0-78ce39328ff2___GH_HL Leaf 240.JPG,c5aabd1c2a1960ca6ee05299d82d0ad014a6b2cce025550d44c35dfcc51650a4,DEDUPLICATED
Tomato,F:/SIH_DATASET/processed/tomato\train\healthy\HL_(259).JPG,F:/SIH_DATASET/processed/tomato\train\healthy\2a859068-5042-4f74-82ac-29339c760cbb___GH_HL Leaf 436.JPG,6d560b643d663e6b5bd5563ea074c6ea21c42ddee1b6739cd85477a164d2099d,DEDUPLICATED
Tomato,F:/SIH_DATASET/processed/tomato\train\healthy\HL_(273).JPG,F:/SIH_DATASET/processed/tomato\train\healthy\2bce59d3-c971-46da-8bb5-bc36b712e208___GH_HL Leaf 257.JPG,eec868c7e5f683018c3a8c9c780bfe4bc735f1caa614f83cac79653683c6c01e,DEDUPLICATED
Tomato,F:/SIH_DATASET/processed/tomato\train\healthy\HL_(278).JPG,F:/SIH_DATASET/processed/tomato\train\healthy\2d4db3f7-a768-4a27-832c-fc72496e79b4___GH_HL Leaf 446.JPG,9b6e08e2062888a910d51b6d4d1d330aa4863dbab33f554dfbb54f62db883184,DEDUPLICATED
Tomato,F:/SIH_DATASET/processed/tomato\train\healthy\HL_(283).JPG,F:/SIH_DATASET/processed/tomato\train\healthy\2db5d3de-824c-4e62-9db1-e271d13ea27e___GH_HL Leaf 273.1.JPG,5c5ec79df9df0f7e0f6de5fd59a8fe5e6297d43341abc08abb01ead1882183cb,DEDUPLICATED
Tomato,F:/SIH_DATASET/processed/tomato\train\healthy\HL_(283).png,F:/SIH_DATASET/processed/tomato\train\healthy\HL_(272).png,661fbd8f98444d1aba528b5c20d1f5c4ace90c31c5b9f858a9f26ab9509cfbf4,DEDUPLICATED
Tomato,F:/SIH_DATASET/processed/tomato\train\healthy\HL_(330).JPG,F:/SIH_DATASET/processed/tomato\train\healthy\5c4d21aa-76f8-4ab7-8440-65fd3cac640b___GH_HL Leaf 263.JPG,a0b87d552a048a2e48bbd527498d40d7dd3ef0f8547fde17d86ca1afa6bfd48b,DEDUPLICATED
Tomato,F:/SIH_DATASET/processed/tomato\train\healthy\HL_(332).JPG,F:/SIH_DATASET/processed/tomato\train\healthy\5c51ad21-b0e9-4b61-8980-d5e7a225b594___GH_HL Leaf 485.JPG,8c11412c2294ab8fdeb547c9eee487f94f6af4f0c99d450fd5af45883d5e9dfd,DEDUPLICATED
Tomato,F:/SIH_DATASET/processed/tomato\train\healthy\HL_(335).JPG,F:/SIH_DATASET/processed/tomato\train\healthy\5d5b9f07-dd6a-4927-9ca0-92945e9ad8df___GH_HL Leaf 209.1.JPG,f22a15a3d604dd46917503e47e07a75206d8973d3c9838ffd4e5779b89947b5c,DEDUPLICATED
Tomato,F:/SIH_DATASET/processed/tomato\train\healthy\HL_(338).JPG,F:/SIH_DATASET/processed/tomato\train\healthy\5d1894ec-b384-4a2a-951c-0ef866776500___GH_HL Leaf 523.4.JPG,165c8006faa92984cbb1b010f47d229a43da82a263e5d268120880106eaf868d,DEDUPLICATED
Tomato,F:/SIH_DATASET/processed/tomato\train\healthy\HL_(343).JPG,F:/SIH_DATASET/processed/tomato\train\healthy\5ecf00da-161c-4e2f-a525-b9223adce0b6___GH_HL Leaf 252.1.JPG,b7b17297121c7c4daed63e53eb4ef05678f32803c932903ab1d3df5c7be902d4,DEDUPLICATED
Tomato,F:/SIH_DATASET/processed/tomato\train\healthy\HL_(346).JPG,F:/SIH_DATASET/processed/tomato\train\healthy\5f11bef5-6b09-4a9c-b0e1-6dfdd16f42d3___GH_HL Leaf 457.JPG,fe21e5c63ff1efdb55ffec1b8394ea2ad6676c2383d35f6fcd4f965d9b27324c,DEDUPLICATED
Tomato,F:/SIH_DATASET/processed/tomato\train\healthy\HL_(349).JPG,F:/SIH_DATASET/processed/tomato\train\healthy\5f887895-963a-4a96-8962-5af383dbe29a___GH_HL Leaf 425.1.JPG,103a441d339ecdd1ede32cf75898547ec1ed7e977ee37925add2c1f55aecbf5e,DEDUPLICATED
Tomato,F:/SIH_DATASET/processed/tomato\train\healthy\HL_(351).JPG,F:/SIH_DATASET/processed/tomato\train\healthy\5fdf7f4f-4847-4492-bda8-01995d192e75___GH_HL Leaf 405.JPG,1645b615eba0719eb976de31357e50ac14a490786e79f6ead7f0f00fbe1d596e,DEDUPLICATED
Tomato,F:/SIH_DATASET/processed/tomato\train\healthy\HL_(363).JPG,F:/SIH_DATASET/processed/tomato\train\healthy\6b9b1ad6-3e75-4378-ad97-7dc9b8fa084e___GH_HL Leaf 179.1.JPG,b696a9aaf50ce8f2a3e1966b01ccb520fe777f9db99ba433d27f281af9e2512f,DEDUPLICATED
Tomato,F:/SIH_DATASET/processed/tomato\train\healthy\HL_(375).JPG,F:/SIH_DATASET/processed/tomato\train\healthy\6ce07d35-afb2-4290-9239-ef1dcb92acd8___GH_HL Leaf 492.1.JPG,ff4f0997f5668052b2b755fed632b4d87863254b3b8d336986a93216fd51be5e,DEDUPLICATED
Tomato,F:/SIH_DATASET/processed/tomato\train\healthy\HL_(388).JPG,F:/SIH_DATASET/processed/tomato\train\healthy\6e3fca10-be50-4074-ada4-3122e864d4e0___GH_HL Leaf 294.1.JPG,3cdaadc397f57c2abce99c078c44e8e26653f285bd1137dbe0aad53d15aca531,DEDUPLICATED
Tomato,F:/SIH_DATASET/processed/tomato\train\healthy\HL_(407).JPG,F:/SIH_DATASET/processed/tomato\train\healthy\7a73a7f9-27e3-4898-be48-97ddcaa094a4___GH_HL Leaf 381.JPG,0175150e95fbb514b34f045023a3ae2a3499918d2c3d65443cd8cddba9e55b67,DEDUPLICATED
Tomato,F:/SIH_DATASET/processed/tomato\train\healthy\Healthy_tomato_leaves_(7871755330).jpg,F:/SIH_DATASET/processed/tomato\train\healthy\HL_(5).jpg,d18871798c866d452749fc1b54a53eff916e997ccd663622f17077fc375d480b,DEDUPLICATED
Tomato,F:/SIH_DATASET/processed/tomato\train\healthy\a5de43e7-fc2f-4a14-a8e6-c0f2f94c84f1___GH_HL Leaf 434.JPG,F:/SIH_DATASET/processed/tomato\train\healthy\488feb1c-4b9f-44e7-8aa6-4103a9601f5f___GH_HL Leaf 434.JPG,12852b3616bcf0ba39b03b5677e74f50f5f6abf4d38957fe17949e23e2a4b244,DEDUPLICATED
Tomato,F:/SIH_DATASET/processed/tomato\train\healthy\d2ce7896-6fa4-45e6-96c5-d162da0e3e1c___GH_HL Leaf 220.JPG,F:/SIH_DATASET/processed/tomato\train\healthy\9662364c-aaba-45e3-b907-10792d60578c___GH_HL Leaf 220.JPG,32e9ffabaa054c19ae8df95e94fbd7a25105defdea1214eb5f8bd804ea9a7428,DEDUPLICATED
Tomato,F:/SIH_DATASET/processed/tomato\train\healthy\h1.jpg,F:/SIH_DATASET/processed/tomato\train\healthy\HL_(167).jpg,616c7891440d1e0cf16d304e73dfddfc858d0134f2a1dbc3c3b6dafe28595ff8,DEDUPLICATED
Tomato,F:/SIH_DATASET/processed/tomato\train\healthy\h10.jpg,F:/SIH_DATASET/processed/tomato\train\healthy\HL_(166).jpg,6a8f01b28fb9a6bc0c2060212b4121e95bd24ed67e23c8d39d5948a3f3ce91e8,DEDUPLICATED
Tomato,F:/SIH_DATASET/processed/tomato\train\healthy\h100.jpg,F:/SIH_DATASET/processed/tomato\train\healthy\HL_(165).jpg,34af3f244e782fa91a116c62b2185da72284aa1107d9e471d22a53f0e231668a,DEDUPLICATED
Tomato,F:/SIH_DATASET/processed/tomato\train\healthy\h101.jpg,F:/SIH_DATASET/processed/tomato\train\healthy\HL_(164).jpg,f35ab2900ca19f1dafd06be7403e990dbaa0572b7f3010864c1b442b4aff3ea9,DEDUPLICATED
Tomato,F:/SIH_DATASET/processed/tomato\train\healthy\h11.jpg,F:/SIH_DATASET/processed/tomato\train\healthy\HL_(158).jpg,fdf1e1ff5ecfe280d93e6f440946c74f8429554289ba6dcff8f10e331cf8248a,DEDUPLICATED
Tomato,F:/SIH_DATASET/processed/tomato\train\healthy\h12.jpg,F:/SIH_DATASET/processed/tomato\train\healthy\HL_(157).jpg,2d4074b48d856b021d0ffb72a349ef503561c47f7e8a55afc7fe257a5c3e5db9,DEDUPLICATED
Tomato,F:/SIH_DATASET/processed/tomato\train\healthy\h15.jpg,F:/SIH_DATASET/processed/tomato\train\healthy\HL_(154).jpg,f0c483930b40952d7fca504179c5089db5bf92e605191521bf58f8b86656256f,DEDUPLICATED
Tomato,F:/SIH_DATASET/processed/tomato\train\healthy\h16.jpg,F:/SIH_DATASET/processed/tomato\train\healthy\HL_(153).jpg,4cdd0089d0886261402fe6a099828a0efef1d742caf88b39239e7ed00f5a322e,DEDUPLICATED
Tomato,F:/SIH_DATASET/processed/tomato\train\healthy\h17.jpg,F:/SIH_DATASET/processed/tomato\train\healthy\HL_(152).jpg,4e9fd644127935c2f61b5cf0049618f1a26469004fc79397d928f089bffd45fb,DEDUPLICATED
Tomato,F:/SIH_DATASET/processed/tomato\train\healthy\h2.jpg,F:/SIH_DATASET/processed/tomato\train\healthy\HL_(149).jpg,4a8c4c23bf6c44fea0b890c6119ffcc12b48aa06d97aa18848b1c77ada43a3b0,DEDUPLICATED
Tomato,F:/SIH_DATASET/processed/tomato\train\healthy\h20.jpg,F:/SIH_DATASET/processed/tomato\train\healthy\HL_(148).jpg,1938db93fab0a1c16c6332142ffa459dab619dca2573ff08ad8da33bef18f545,DEDUPLICATED
Tomato,F:/SIH_DATASET/processed/tomato\train\healthy\h21.jpg,F:/SIH_DATASET/processed/tomato\train\healthy\HL_(147).jpg,9b020d388efc342f2e25ed8316024c6353369f1b2f20242a7466bd78fc687933,DEDUPLICATED
Tomato,F:/SIH_DATASET/processed/tomato\train\healthy\h22.jpg,F:/SIH_DATASET/processed/tomato\train\healthy\HL_(146).jpg,52470205d66f8a0984267eda5bc631e0f869c1a53a06e10765c60b9f28876eab,DEDUPLICATED
Tomato,F:/SIH_DATASET/processed/tomato\train\healthy\h23.jpg,F:/SIH_DATASET/processed/tomato\train\healthy\HL_(145).jpg,db873a4ebb13ebbc03f4fc9891d9288dd8727a86e4dbd37ae3f9848d884443e1,DEDUPLICATED
Tomato,F:/SIH_DATASET/processed/tomato\train\healthy\h28.jpg,F:/SIH_DATASET/processed/tomato\train\healthy\HL_(140).jpg,ba540e27637ded6142b36861726a7aa36e0bcc0f77248171ce2937bdaf203352,DEDUPLICATED
Tomato,F:/SIH_DATASET/processed/tomato\train\healthy\h29.jpg,F:/SIH_DATASET/processed/tomato\train\healthy\HL_(139).jpg,81a5c0907880925fdf749c6e9a19089ae97c36dd5acb74f9b83e7145af323b27,DEDUPLICATED
Tomato,F:/SIH_DATASET/processed/tomato\train\healthy\h3.jpg,F:/SIH_DATASET/processed/tomato\train\healthy\HL_(138).jpg,0a371a4e34f3bf3cba68b2b11f79a34a421ac85113a37b7fe6a9383000baf0c0,DEDUPLICATED
Tomato,F:/SIH_DATASET/processed/tomato\train\healthy\h30.jpg,F:/SIH_DATASET/processed/tomato\train\healthy\HL_(137).jpg,569ac5262975cbc0a17bf4af461dc2b35675cfbbfa66b4201a02e8e5fa169367,DEDUPLICATED
Tomato,F:/SIH_DATASET/processed/tomato\train\healthy\h33.jpg,F:/SIH_DATASET/processed/tomato\train\healthy\HL_(134).jpg,9c001246ea6e2dba854417cd1012b675e9d31388198c0b7256a0441e07cb0f35,DEDUPLICATED
Tomato,F:/SIH_DATASET/processed/tomato\train\healthy\h35.jpg,F:/SIH_DATASET/processed/tomato\train\healthy\HL_(132).jpg,9bba089d4dfded153b4580d782e41387b64ce59f3edba4793b7bbbbe112959cc,DEDUPLICATED
Tomato,F:/SIH_DATASET/processed/tomato\train\healthy\h36.jpg,F:/SIH_DATASET/processed/tomato\train\healthy\HL_(131).jpg,25d351d3124ec7a4d04459f25b6b04cac31d696a25f514c3db50e52a84dc956b,DEDUPLICATED
Tomato,F:/SIH_DATASET/processed/tomato\train\healthy\h39.jpg,F:/SIH_DATASET/processed/tomato\train\healthy\HL_(128).jpg,8f5c1ba64ce4686551686fdd7b44a0644818962204f3ff98d811d49008974e79,DEDUPLICATED
Tomato,F:/SIH_DATASET/processed/tomato\train\healthy\h4.jpg,F:/SIH_DATASET/processed/tomato\train\healthy\HL_(127).jpg,68b0836482f82c864798156caf71fc71b80b61c4e7f414063ea5016700337296,DEDUPLICATED
Tomato,F:/SIH_DATASET/processed/tomato\train\healthy\h41.jpg,F:/SIH_DATASET/processed/tomato\train\healthy\HL_(125).jpg,b1456d316faaf6b78428bee7bddb144452bf1345c5efa325fda182c45c03f6e8,DEDUPLICATED
Tomato,F:/SIH_DATASET/processed/tomato\train\healthy\h42.jpg,F:/SIH_DATASET/processed/tomato\train\healthy\HL_(124).jpg,34c98ede04967cf767ca1da12cd2ea8da3a9d6e38fd4ee8712c9a6c008d334cb,DEDUPLICATED
Tomato,F:/SIH_DATASET/processed/tomato\train\healthy\h45.jpg,F:/SIH_DATASET/processed/tomato\train\healthy\HL_(121).jpg,096fac25e713994aeeeaadf917dad0b2aaf97657881961eeaaa4d47eec27f80d,DEDUPLICATED
Tomato,F:/SIH_DATASET/processed/tomato\train\healthy\h48.jpg,F:/SIH_DATASET/processed/tomato\train\healthy\HL_(118).jpg,53ede201e075f90e50f19014c8ba849acd881e6051b936985ff2b48e222870fa,DEDUPLICATED
Tomato,F:/SIH_DATASET/processed/tomato\train\healthy\h52.jpg,F:/SIH_DATASET/processed/tomato\train\healthy\HL_(113).jpg,bd8e68b8b1f752dc88c57cce1b8c354f961ec73656de83f563089492a7206526,DEDUPLICATED
Tomato,F:/SIH_DATASET/processed/tomato\train\healthy\h56.jpg,F:/SIH_DATASET/processed/tomato\train\healthy\HL_(109).jpg,9724dbd65ec2fc9e58c86191948ccc8fd3b521343412f04828612cadb90cdac4,DEDUPLICATED
Tomato,F:/SIH_DATASET/processed/tomato\train\healthy\h57.jpg,F:/SIH_DATASET/processed/tomato\train\healthy\HL_(108).jpg,34bdfaa90a1eb277924807bb60f93849e13fadcb0c2caa342c3f2c6a651286a6,DEDUPLICATED
Tomato,F:/SIH_DATASET/processed/tomato\train\healthy\h58.jpg,F:/SIH_DATASET/processed/tomato\train\healthy\HL_(107).jpg,7160b5830b443e2c5903a6a6b262d80626d0147c67d28d8047fc9e0fc12f584c,DEDUPLICATED
Tomato,F:/SIH_DATASET/processed/tomato\train\healthy\h59.jpg,F:/SIH_DATASET/processed/tomato\train\healthy\HL_(106).jpg,4f78ca17780c383088a8d74d53954549f26c11f7098e82c54e70402df9e1a866,DEDUPLICATED
Tomato,F:/SIH_DATASET/processed/tomato\train\healthy\h60.jpg,F:/SIH_DATASET/processed/tomato\train\healthy\HL_(104).jpg,0d75193f3939aa34bea1ef0597c2cd26a84b9075de8255ee40812de5235c1ade,DEDUPLICATED
Tomato,F:/SIH_DATASET/processed/tomato\train\healthy\h61.jpg,F:/SIH_DATASET/processed/tomato\train\healthy\HL_(103).jpg,7deeb81b9cd64b44187ade0f7f62a15237233cb29d9afd4b899afc990184464a,DEDUPLICATED
Tomato,F:/SIH_DATASET/processed/tomato\train\healthy\h64.jpg,F:/SIH_DATASET/processed/tomato\train\healthy\HL_(100).jpg,abd06346ecd67dc9611872fccf9534c3711638e250950477daaadc1758951c8b,DEDUPLICATED
Tomato,F:/SIH_DATASET/processed/tomato\train\healthy\h65.jpg,F:/SIH_DATASET/processed/tomato\train\healthy\HL_(99).jpg,2d6c8d5c627d911e84c20bc2dbe68a606046bdbffb2e34dd2303a91767e80884,DEDUPLICATED
Tomato,F:/SIH_DATASET/processed/tomato\train\healthy\h66.jpg,F:/SIH_DATASET/processed/tomato\train\healthy\HL_(98).jpg,ee52cca9ee265063c66b5119d2b027fcec4ad80d2e5b30336acb06b6bf204c60,DEDUPLICATED
Tomato,F:/SIH_DATASET/processed/tomato\train\healthy\h69.jpg,F:/SIH_DATASET/processed/tomato\train\healthy\HL_(95).jpg,45bacbfbbfdbeabcf7e6f20168f586d9ca3780fd740ec27ca94080cc615e509c,DEDUPLICATED
Tomato,F:/SIH_DATASET/processed/tomato\train\healthy\h7.jpg,F:/SIH_DATASET/processed/tomato\train\healthy\HL_(94).jpg,7722b6c1f5be3c7923938e1f660f67304832ed9f0b7f3852dfdf1ee35f799b79,DEDUPLICATED
Tomato,F:/SIH_DATASET/processed/tomato\train\healthy\h70.jpg,F:/SIH_DATASET/processed/tomato\train\healthy\HL_(93).jpg,4d71e04d8fe8e1b17b1ba87063d0701312fa78358fbb44fc301b476ce999ecc5,DEDUPLICATED
Tomato,F:/SIH_DATASET/processed/tomato\train\healthy\h71.jpg,F:/SIH_DATASET/processed/tomato\train\healthy\HL_(92).jpg,72b3223bfc83934671621b6cb924dfdc5ed099affbe776035990169d4072a2c6,DEDUPLICATED
Tomato,F:/SIH_DATASET/processed/tomato\train\healthy\h72.jpg,F:/SIH_DATASET/processed/tomato\train\healthy\HL_(91).jpg,d57025cb99433fce9d2d156665963ac4f5aefb746f5c185097738a78a4162d13,DEDUPLICATED
Tomato,F:/SIH_DATASET/processed/tomato\train\healthy\h74.jpg,F:/SIH_DATASET/processed/tomato\train\healthy\HL_(89).jpg,8b11c1374b736e490941de3e4107e294becaa0cd1b4b800a5dad64d9fea9d91b,DEDUPLICATED
Tomato,F:/SIH_DATASET/processed/tomato\train\healthy\h76.jpg,F:/SIH_DATASET/processed/tomato\train\healthy\HL_(87).jpg,23a489401f3d044466a3174f3fa4dab0c9b7494e186a79bcb1b711f004820993,DEDUPLICATED
Tomato,F:/SIH_DATASET/processed/tomato\train\healthy\h77.jpg,F:/SIH_DATASET/processed/tomato\train\healthy\HL_(86).jpg,0595cddb96346dc9ff1ced5c3c885e8ddbfd0f549a94e35b09866e8c29413f1d,DEDUPLICATED
Tomato,F:/SIH_DATASET/processed/tomato\train\healthy\h8.jpg,F:/SIH_DATASET/processed/tomato\train\healthy\HL_(83).jpg,a342aa1755ab17b96f46cd600899beca240a306f298acdb5bc243361cd301aa8,DEDUPLICATED
Tomato,F:/SIH_DATASET/processed/tomato\train\healthy\h80.jpg,F:/SIH_DATASET/processed/tomato\train\healthy\HL_(82).jpg,e9ab037ee883e80463eca2a55b6061e2f57107248d3d3ee53d373e376e468259,DEDUPLICATED
Tomato,F:/SIH_DATASET/processed/tomato\train\healthy\h82.jpg,F:/SIH_DATASET/processed/tomato\train\healthy\HL_(80).jpg,09b8c90a76bd0122c3f46425881c5f4709fbe5d9e7dabd168c41763376502233,DEDUPLICATED
Tomato,F:/SIH_DATASET/processed/tomato\train\healthy\h83.jpg,F:/SIH_DATASET/processed/tomato\train\healthy\HL_(79).jpg,d5032dffec99a7805105a0f81d01203b8b9fb8c0000a741fa994139ee143098d,DEDUPLICATED
Tomato,F:/SIH_DATASET/processed/tomato\train\healthy\h84.jpg,F:/SIH_DATASET/processed/tomato\train\healthy\HL_(78).jpg,b4574f350b69c973297e35870119703b4d0fea1b7d71493b30b10874338c8b28,DEDUPLICATED
Tomato,F:/SIH_DATASET/processed/tomato\train\healthy\h86.jpg,F:/SIH_DATASET/processed/tomato\train\healthy\HL_(76).jpg,f5d49e3b7869e3d82cfd01560f9e1678e0b45f8aac97540ef370dde017ae7fec,DEDUPLICATED
Tomato,F:/SIH_DATASET/processed/tomato\train\healthy\h87.jpg,F:/SIH_DATASET/processed/tomato\train\healthy\HL_(75).jpg,00f47191ab7e87031b9f98263fc78c954f1b5cbf0dd67648d80baa9022702665,DEDUPLICATED
Tomato,F:/SIH_DATASET/processed/tomato\train\healthy\h90.jpg,F:/SIH_DATASET/processed/tomato\train\healthy\HL_(71).jpg,cbf4ca1b32bb13540562cf94f388f01d2af54fa42258e09ce6a68cf6b591eeb9,DEDUPLICATED
Tomato,F:/SIH_DATASET/processed/tomato\train\healthy\h92.jpg,F:/SIH_DATASET/processed/tomato\train\healthy\HL_(69).jpg,742b84cf3ef3391c0a23f6edff8c12382745817e16b6ab993543f4307a974ebc,DEDUPLICATED
Tomato,F:/SIH_DATASET/processed/tomato\train\healthy\h93.jpg,F:/SIH_DATASET/processed/tomato\train\healthy\HL_(68).jpg,490fa890d1faa035e02db4109400b07d4bde2c62bcd23007b9354cf6c31757bb,DEDUPLICATED
Tomato,F:/SIH_DATASET/processed/tomato\train\healthy\h94.jpg,F:/SIH_DATASET/processed/tomato\train\healthy\HL_(67).jpg,8c2b443cf789b1119d3f69d40daca249075dc5bb5da87966025b09f0b277e0f4,DEDUPLICATED
Tomato,F:/SIH_DATASET/processed/tomato\train\healthy\h96.jpg,F:/SIH_DATASET/processed/tomato\train\healthy\HL_(65).jpg,0b00e617a9253d16700d3e896107e1b45fc7c39ed50af5480db6dc1ffbf16b7d,DEDUPLICATED
Tomato,F:/SIH_DATASET/processed/tomato\train\healthy\h99.jpg,F:/SIH_DATASET/processed/tomato\train\healthy\HL_(62).jpg,0d3fc12f4efb281288d57f727078077bec419a98ca18a392ed378abd83a8e8ef,DEDUPLICATED
Banana,F:/SIH_DATASET/processed/banana_leaf\train\cordana\171_aug.jpeg,F:/SIH_DATASET/processed/banana_leaf\train\cordana\169_aug.jpeg,bf088a664a239d9fc01dff43f2caf2a1a1b76f04889518ceff080b4182134607,DEDUPLICATED
Banana,F:/SIH_DATASET/processed/banana_leaf\train\cordana\8_aug.jpeg,F:/SIH_DATASET/processed/banana_leaf\train\cordana\6_aug.jpeg,4c7bd2583fbf63f1b8cc3aa0622bc76cd4e1c8929916307fc2325250bc40a909,DEDUPLICATED
Banana,F:/SIH_DATASET/processed/banana_leaf\train\cordana\20_aug.jpeg,F:/SIH_DATASET/processed/banana_leaf\train\cordana\21_aug.jpeg,b10ffd7bac5cb7a3dbba3de6982596656ee46d12669e5cfa2f8d3ad7a6a88ac8,DEDUPLICATED
Banana,F:/SIH_DATASET/processed/banana_leaf\train\healthy\26.jpeg,F:/SIH_DATASET/processed/banana_leaf\train\healthy\56.jpeg,67ef1eb3e6578b9c606bfb95dd91780be62cd8aea4784310623a154b31c15a8b,DEDUPLICATED
Banana,F:/SIH_DATASET/processed/banana_leaf\train\healthy\51.jpeg,F:/SIH_DATASET/processed/banana_leaf\train\healthy\29.jpeg,6576c19f0a4541cbe9101b86d60a0b26ac971c31ab6610f09c762291c8946c3c,DEDUPLICATED
Banana,F:/SIH_DATASET/processed/banana_leaf\train\healthy\46.jpeg,F:/SIH_DATASET/processed/banana_leaf\train\healthy\101.jpeg,fe6f305519abf4734fcc36012f1ec8710e0e928590476f12f8fa047713900c74,DEDUPLICATED
Banana,F:/SIH_DATASET/processed/banana_leaf\train\healthy\136_aug.jpeg,F:/SIH_DATASET/processed/banana_leaf\train\healthy\145_aug.jpeg,7e0633684d4b591e373e6329721a4afbb0ee15296d9994b8670acd0950b12f18,DEDUPLICATED
Banana,F:/SIH_DATASET/processed/banana_leaf\train\healthy\10.jpeg,F:/SIH_DATASET/processed/banana_leaf\train\healthy\106.jpeg,c08fba19e8884e407b57e1d656686e42ea264b7bbb465e0d9bf323c33fcc9c8d,DEDUPLICATED
Banana,F:/SIH_DATASET/processed/banana_leaf\train\healthy\151_aug.jpeg,F:/SIH_DATASET/processed/banana_leaf\train\healthy\130_aug.jpeg,302559ca8832983a8fcd031dd49be002f31d1d42484f601ca9aaa7290950cea4,DEDUPLICATED
Banana,F:/SIH_DATASET/processed/banana_leaf\train\healthy\27.jpeg,F:/SIH_DATASET/processed/banana_leaf\train\healthy\57.jpeg,68cfd539496ae29928840e377e4d7d13bde766863384fc92961dc3bf8fc2f98d,DEDUPLICATED
Banana,F:/SIH_DATASET/processed/banana_leaf\train\healthy\102.jpeg,F:/SIH_DATASET/processed/banana_leaf\train\healthy\39.jpeg,ffb710fe4c8dd7d60b81909022c1a1b2f9e5f04733ed1f0eb11a8a3a84497765,DEDUPLICATED
Banana,F:/SIH_DATASET/processed/banana_leaf\train\healthy\9.jpeg,F:/SIH_DATASET/processed/banana_leaf\train\healthy\47.jpeg,34fd38ea0931e8dd56a50ac12900b27169fced092ac231a56ce40a78d3fa0b64,DEDUPLICATED
Banana,F:/SIH_DATASET/processed/banana_leaf\train\healthy\7.jpeg,F:/SIH_DATASET/processed/banana_leaf\train\healthy\40.jpeg,64d91f2ff4ceb70a7e403e28906200ad1ccce6be50de10e5efc485e45c538cf8,DEDUPLICATED
Banana,F:/SIH_DATASET/processed/banana_leaf\train\healthy\150_aug.jpeg,F:/SIH_DATASET/processed/banana_leaf\train\healthy\130_aug.jpeg,302559ca8832983a8fcd031dd49be002f31d1d42484f601ca9aaa7290950cea4,DEDUPLICATED
Banana,F:/SIH_DATASET/processed/banana_leaf\train\healthy\8.jpeg,F:/SIH_DATASET/processed/banana_leaf\train\healthy\41.jpeg,167c01676357aeeaa183b9f6d023fed0750004c050ced353b8f13f791c476cf2,DEDUPLICATED
Banana,F:/SIH_DATASET/processed/banana_leaf\train\healthy\32.jpeg,F:/SIH_DATASET/processed/banana_leaf\train\healthy\38.jpeg,67f8bea13f01cc204c6d3f236c9cbc46a0aec1058f50b219833650bb5557b593,DEDUPLICATED
Banana,F:/SIH_DATASET/processed/banana_leaf\train\healthy\54.jpeg,F:/SIH_DATASET/processed/banana_leaf\train\healthy\23.jpeg,595dd192268bd2efd44ce3acf71fbca5280747db20fcc41bcfc2b6cf3940c050,DEDUPLICATED
Banana,F:/SIH_DATASET/processed/banana_leaf\train\healthy\123.jpeg,F:/SIH_DATASET/processed/banana_leaf\train\healthy\4.jpeg,0fe44bbd254a5ff5cb11fcfd5e98a7378e7d01c1972daa5da9019fc4d03b1b60,DEDUPLICATED
Banana,F:/SIH_DATASET/processed/banana_leaf\train\healthy\257_aug.jpeg,F:/SIH_DATASET/processed/banana_leaf\train\healthy\258_aug.jpeg,e54a5a5e6a788c651a06dd289ff3339d6069cfe46249cc4db1cf7a984fdbadd0,DEDUPLICATED
Banana,F:/SIH_DATASET/processed/banana_leaf\train\healthy\44.jpeg,F:/SIH_DATASET/processed/banana_leaf\train\healthy\15.jpeg,fa1d5649f86ff3fc1a6ca0151b9f39cd37f8b90d88867a10147a5cf11192829b,DEDUPLICATED
Banana,F:/SIH_DATASET/processed/banana_leaf\train\healthy\92.jpeg,F:/SIH_DATASET/processed/banana_leaf\train\healthy\3.jpeg,9de39fb183e16df49b6dfe64cae74e6197f112dd13d17a089e26709c080375bf,DEDUPLICATED
Banana,F:/SIH_DATASET/processed/banana_leaf\train\healthy\22.jpeg,F:/SIH_DATASET/processed/banana_leaf\train\healthy\127.jpeg,d515a1a6a9349b55c9b2785ca3dd9f3d27c2cc42a8feb986499cb2367e668451,DEDUPLICATED
Banana,F:/SIH_DATASET/processed/banana_leaf\train\healthy\55.jpeg,F:/SIH_DATASET/processed/banana_leaf\train\healthy\25.jpeg,5666d47cef69b23667725d05c3b697a42e8641cc21701c9cbf0e64434e3465e8,DEDUPLICATED
Banana,F:/SIH_DATASET/processed/banana_leaf\train\healthy\59.jpeg,F:/SIH_DATASET/processed/banana_leaf\train\healthy\20.jpeg,e152f087777677f585aa72c97a1c713d8370c22145af4e3cd8e8c33583b98953,DEDUPLICATED
Banana,F:/SIH_DATASET/processed/banana_leaf\train\healthy\128.jpeg,F:/SIH_DATASET/processed/banana_leaf\train\healthy\21.jpeg,3c72fb32fa558f5f4fa536cda9c11e10444e6dafb77bad3fe1569b9d57c13bfa,DEDUPLICATED
Banana,F:/SIH_DATASET/processed/banana_leaf\train\healthy\111.jpeg,F:/SIH_DATASET/processed/banana_leaf\train\healthy\18.jpeg,13ff6648e6859fbeaae033d29e4a5bbe9ebc8b5138c75c8c0792aec83412839b,DEDUPLICATED
Banana,F:/SIH_DATASET/processed/banana_leaf\train\healthy\49.jpeg,F:/SIH_DATASET/processed/banana_leaf\train\healthy\5.jpeg,c32fa9bc901b0066fb1ac0a7f74fde579237c0e80a6822c12463e60261974c26,DEDUPLICATED
Banana,F:/SIH_DATASET/processed/banana_leaf\train\healthy\104.jpeg,F:/SIH_DATASET/processed/banana_leaf\train\healthy\0.jpeg,7896108cfe821220ab4933f560b117d8316c89f0f1cf8759e0f8b33275f19eb7,DEDUPLICATED
Banana,F:/SIH_DATASET/processed/banana_leaf\train\healthy\62.jpeg,F:/SIH_DATASET/processed/banana_leaf\train\healthy\112.jpeg,98227709b05bfd6d82f8626be48ca91bab430aa2459cbce3387a7f04e349b50d,DEDUPLICATED
Banana,F:/SIH_DATASET/processed/banana_leaf\train\healthy\281_aug.jpeg,F:/SIH_DATASET/processed/banana_leaf\train\healthy\280_aug.jpeg,bc89d32a71e6fdd2fe366530c401baa3435808eee61aa3fc23edcae023527cc5,DEDUPLICATED
Banana,F:/SIH_DATASET/processed/banana_leaf\train\healthy\1.jpeg,F:/SIH_DATASET/processed/banana_leaf\train\healthy\109.jpeg,a4028b2e264c189eecb73aeccedba0b414ae5cfad1f05816a5a6cf171a06d5c3,DEDUPLICATED
Banana,F:/SIH_DATASET/processed/banana_leaf\train\healthy\24.jpeg,F:/SIH_DATASET/processed/banana_leaf\train\healthy\126.jpeg,093f84343823f85bb18a4db225630208b822153cabaa7b831977f103aa954575,DEDUPLICATED
Banana,F:/SIH_DATASET/processed/banana_leaf\train\healthy\11.jpeg,F:/SIH_DATASET/processed/banana_leaf\train\healthy\105.jpeg,bbacd3addc7b21b2c52790115db62238e83cb46d20743c1811c484a48ab102f1,DEDUPLICATED
Banana,F:/SIH_DATASET/processed/banana_leaf\train\healthy\110.jpeg,F:/SIH_DATASET/processed/banana_leaf\train\healthy\103.jpeg,6dd0786c6eb41520b014c3004a8615b90e6882f6bd795efafbac9b575a3ebf78,DEDUPLICATED
Banana,F:/SIH_DATASET/processed/banana_leaf\train\healthy\31_aug.jpeg,F:/SIH_DATASET/processed/banana_leaf\train\healthy\190_aug.jpeg,f18332daeea86763db988288daad0ae646d527f0879a214f576c783bdb5c9375,DEDUPLICATED
Banana,F:/SIH_DATASET/processed/banana_leaf\train\pestalotiopsis\78.jpeg,F:/SIH_DATASET/processed/banana_leaf\train\healthy\122.jpeg,38d196d7b04c894fe392ca43d44be63da3d69bdd5f49d74d82e5cc61c8d5c8ba,DEDUPLICATED
Tea,F:/SIH_DATASET/processed/tea\train\gray_light\IMG_20220503_142632 - Copy.jpg,F:/SIH_DATASET/processed/tea\train\gray_light\IMG_20220503_142632.jpg,e43e17ddb926c601a1392de92fde0ce9c70023e84974d2dab43f249d1a76db4d,DEDUPLICATED
Tea,F:/SIH_DATASET/processed/tea\train\gray_light\IMG_20220503_142658.jpg,F:/SIH_DATASET/processed/tea\train\gray_light\IMG_20220503_142658 - Copy.jpg,3b9aef20fcbf7484a05d8818c54bb3a90b57f8ee177d04b0bff60803e21acf26,DEDUPLICATED
