record_id,state,district,taluk,hobli,office_type,rsk_name,office_name,designation,officer_name,cug_number,all_phones,place_of_office,pincode,verification_status,source_sl_no,source_line,source_record_raw
KA_BAGALKOTE_BAGALKOTE_6,Karnataka,Bagalkote,Bagalkote,,DEPARTMENT_OFFICE,,Joint Director Agriculture Bagalkote,Joint Director of Agriculture,,8277933500,8277933500,o/o Joint Director Agriculture Bagalkote,,VERIFIED_FROM_OFFICIAL_SOURCE,1,6,o/o Joint Director Agriculture Bagalkote | Joint Director of Agriculture | 8277933500
KA_BAGALKOTE_BAGALKOTE_10,Karnataka,Bagalkote,Bagalkote,,DEPARTMENT_OFFICE,,Joint Director Agriculture Bagalkote,Asst. Director of Agriculture (HQ),,8277933503,8277933503,o/o Joint Director Agriculture Bagalkote,,VERIFIED_FROM_OFFICIAL_SOURCE,2,10,o/o Joint Director Agriculture Bagalkote | Asst. Director of Agriculture (HQ) | 8277933503
KA_BAGALKOTE_BAGALKOTE_14,Karnataka,Bagalkote,Bagalkote,,DEPARTMENT_OFFICE,,Joint Director Agriculture Bagalkote,Asst. Director of Agriculture (SMS),,8277933521,8277933521,o/o Joint Director Agriculture Bagalkote,,VERIFIED_FROM_OFFICIAL_SOURCE,3,14,o/o Joint Director Agriculture Bagalkote | Asst. Director of Agriculture (SMS) | 8277933521
KA_BAGALKOTE_BAGALKOTE_18,Karnataka,Bagalkote,Bagalkote,,DEPARTMENT_OFFICE,,Joint Director Agriculture Bagalkote,Asst. Director of Agriculture (Veg-1),,8277933505,8277933505,o/o Joint Director Agriculture Bagalkote,,VERIFIED_FROM_OFFICIAL_SOURCE,4,18,o/o Joint Director Agriculture Bagalkote | Asst. Director of Agriculture (Veg-1) | 8277933505
KA_BAGALKOTE_BAGALKOTE_22,Karnataka,Bagalkote,Bagalkote,,DEPARTMENT_OFFICE,,Joint Director Agriculture Bagalkote,Asst. Director of Agriculture (Veg-2),,8277933554,8277933554,o/o Joint Director Agriculture Bagalkote,,VERIFIED_FROM_OFFICIAL_SOURCE,5,22,o/o Joint Director Agriculture Bagalkote | Asst. Director of Agriculture (Veg-2) | 8277933554
KA_BAGALKOTE_BAGALKOTE_26,Karnataka,Bagalkote,Bagalkote,,DEPARTMENT_OFFICE,,Joint Director Agriculture Bagalkote,Asst. Director of Agriculture (M&E),,8277933506,8277933506,o/o Joint Director Agriculture Bagalkote,,VERIFIED_FROM_OFFICIAL_SOURCE,6,26,o/o Joint Director Agriculture Bagalkote | Asst. Director of Agriculture (M&E) | 8277933506
KA_BAGALKOTE_BAGALKOTE_30,Karnataka,Bagalkote,Bagalkote,,DEPARTMENT_OFFICE,,Joint Director Agriculture Bagalkote,Asst. Director of Agriculture (FW),,8277933548,8277933548,o/o Joint Director Agriculture Bagalkote,,VERIFIED_FROM_OFFICIAL_SOURCE,7,30,o/o Joint Director Agriculture Bagalkote | Asst. Director of Agriculture (FW) | 8277933548
KA_BAGALKOTE_BAGALKOTE_34,Karnataka,Bagalkote,Bagalkote,,DEPARTMENT_OFFICE,,Joint Director Agriculture Bagalkote,Agriculture Officer (Tech-1),,8722013100,8722013100,o/o Joint Director Agriculture Bagalkote,,VERIFIED_FROM_OFFICIAL_SOURCE,8,34,o/o Joint Director Agriculture Bagalkote | Agriculture Officer (Tech-1) | 8722013100
KA_BAGALKOTE_BAGALKOTE_38,Karnataka,Bagalkote,Bagalkote,,DEPARTMENT_OFFICE,,Joint Director Agriculture Bagalkote,Agriculture Officer (Tech-2),,8277933538,8277933538,o/o Joint Director Agriculture Bagalkote,,VERIFIED_FROM_OFFICIAL_SOURCE,9,38,o/o Joint Director Agriculture Bagalkote | Agriculture Officer (Tech-2) | 8277933538
KA_BAGALKOTE_BAGALKOTE_42,Karnataka,Bagalkote,Bagalkote,,DEPARTMENT_OFFICE,,Deputy Director of Agriculture-1 Bagalkote,"DEPUTY DIRECTOR OF AGRICULTURE-1, BAGALKOTE",,8277933501,8277933501,Deputy Director of Agriculture-1 Bagalkote,,VERIFIED_FROM_OFFICIAL_SOURCE,10,42,"Deputy Director of Agriculture-1 Bagalkote | DEPUTY DIRECTOR OF AGRICULTURE-1, BAGALKOTE | 8277933501"
KA_BAGALKOTE_BAGALKOTE_46,Karnataka,Bagalkote,Bagalkote,,DEPARTMENT_OFFICE,,Deputy Director of Agriculture-1 Bagalkote,Agriculture Officer (TO-1),,8277927770,8277927770,Deputy Director of Agriculture-1 Bagalkote,,VERIFIED_FROM_OFFICIAL_SOURCE,11,46,Deputy Director of Agriculture-1 Bagalkote | Agriculture Officer (TO-1) | 8277927770
KA_BAGALKOTE_BAGALKOTE_50,Karnataka,Bagalkote,Bagalkote,,DEPARTMENT_OFFICE,,Deputy Director of Agriculture-1 Bagalkote,AO TECHNICAL (TO-2),,8277933509,8277933509,Deputy Director of Agriculture-1 Bagalkote,,VERIFIED_FROM_OFFICIAL_SOURCE,12,50,Deputy Director of Agriculture-1 Bagalkote | AO TECHNICAL (TO-2) | 8277933509
KA_BAGALKOTE_BAGALKOTE_54,Karnataka,Bagalkote,Bagalkote,,DEPARTMENT_OFFICE,,Deputy Director of Agriculture-1 Bagalkote Jamakhandi,Deputy Director Of Agriculture,,8277933502,8277933502,Deputy Director of Agriculture-1 Bagalkote Jamakhandi,,VERIFIED_FROM_OFFICIAL_SOURCE,13,54,Deputy Director of Agriculture-1 Bagalkote Jamakhandi | Deputy Director Of Agriculture | 8277933502
KA_BAGALKOTE_BAGALKOTE_58,Karnataka,Bagalkote,Bagalkote,,DEPARTMENT_OFFICE,,Deputy Director of Agriculture-1 Bagalkote Jamakhandi,Agriculture Officer(To-2),,8277927775,8277927775,Deputy Director of Agriculture-1 Bagalkote Jamakhandi,,VERIFIED_FROM_OFFICIAL_SOURCE,14,58,Deputy Director of Agriculture-1 Bagalkote Jamakhandi | Agriculture Officer(To-2) | 8277927775
KA_BAGALKOTE_BAGALKOTE_62,Karnataka,Bagalkote,Bagalkote,,DEPARTMENT_OFFICE,,Deputy Director of Agriculture-1 Bagalkote Jamakhandi,Deputy Director of Agriculture-1 Bagalkote Jamakhandi,,8277927774,8277927774,Deputy Director of Agriculture-1 Bagalkote Jamakhandi,,VERIFIED_FROM_OFFICIAL_SOURCE,15,62,Deputy Director of Agriculture-1 Bagalkote Jamakhandi | 8277927774
KA_BAGALKOTE_BAGALKOTE_65,Karnataka,Bagalkote,Bagalkote,,DEPARTMENT_OFFICE,,Asst. Director of Agriculture Bagalkote,Agriculture Officer(To-1),,8277933527,8277933527,Asst. Director of Agriculture Bagalkote,,VERIFIED_FROM_OFFICIAL_SOURCE,16,65,Asst. Director of Agriculture Bagalkote | Agriculture Officer(To-1) | 8277933527
KA_BAGALKOTE_BAGALKOTE_69,Karnataka,Bagalkote,Bagalkote,,DEPARTMENT_OFFICE,,Asst. Director of Agriculture Bagalkote,Agriculture Officer (Tech-1ADA BAGALKOTE),,8277933528,8277933528,Asst. Director of Agriculture Bagalkote,,VERIFIED_FROM_OFFICIAL_SOURCE,17,69,Asst. Director of Agriculture Bagalkote | Agriculture Officer (Tech-1ADA BAGALKOTE) | 8277933528
KA_BAGALKOTE_BAGALKOTE_73,Karnataka,Bagalkote,Bagalkote,,RSK,Bagalkote,RSK Bagalkote,Agriculture Officer (TO-1 RSK BAGALKOTE),,8277933540,8277933540,Rait Sampark Kendra Bagalkote,,VERIFIED_FROM_OFFICIAL_SOURCE,18,73,Rait Sampark Kendra Bagalkote | Agriculture Officer (TO-1 RSK BAGALKOTE) | 8277933540
KA_BAGALKOTE_BAGALKOTE_77,Karnataka,Bagalkote,Bagalkote,,RSK,Bagalkote,RSK Bagalkote,Agriculture Officer (InchargeTO-2 RSK BAGALKOTE),,8277933537,8277933537,Rait Sampark Kendra Bagalkote,,VERIFIED_FROM_OFFICIAL_SOURCE,19,77,Rait Sampark Kendra Bagalkote | Agriculture Officer (InchargeTO-2 RSK BAGALKOTE) | 8277933537
KA_BAGALKOTE_BAGALKOTE_81,Karnataka,Bagalkote,Bagalkote,,RSK,Kaladagi,RSK Kaladagi,Agriculture Officer (TO-1 RSKKALADAGI),,8277933531,8277933531,Rait Sampark Kendra Kaladagi,,VERIFIED_FROM_OFFICIAL_SOURCE,20,81,Rait Sampark Kendra Kaladagi | Agriculture Officer (TO-1 RSKKALADAGI) | 8277933531
KA_BAGALKOTE_BADAMI_85,Karnataka,Bagalkote,Badami,,DEPARTMENT_OFFICE,,Asst. Director of Agriculture Badami,Asst. Director of Agriculture Badami,,8277933508,8277933508,Asst. Director of Agriculture Badami,,VERIFIED_FROM_OFFICIAL_SOURCE,21,85,Asst. Director of Agriculture Badami | Asst. Director of Agriculture Badami | 8277933508
KA_BAGALKOTE_BADAMI_89,Karnataka,Bagalkote,Badami,,RSK,BADAMI,RSK BADAMI,Agriculture Officer (TO RSK BADAMI),,8277933516,8277933516,Rait Sampark Kendra Badami,,VERIFIED_FROM_OFFICIAL_SOURCE,22,89,Rait Sampark Kendra Badami | Agriculture Officer (TO RSK BADAMI) | 8277933516
KA_BAGALKOTE_BADAMI_93,Karnataka,Bagalkote,Badami,,RSK,BADAMI,RSK BADAMI,"AAO RSK, BADAMI( Incharge AO Badami)",,8277933520,8277933520,"RSK, BADAMI",,VERIFIED_FROM_OFFICIAL_SOURCE,23,93,"RSK, BADAMI | AAO RSK, BADAMI( Incharge AO Badami) | 8277933520"
KA_BAGALKOTE_BADAMI_97,Karnataka,Bagalkote,Badami,,DEPARTMENT_OFFICE,,Badami,AO (TO-1 Kerur Incharge),,8277933519,8277933519,Badami,,VERIFIED_FROM_OFFICIAL_SOURCE,24,97,Badami | AO (TO-1 Kerur Incharge) | 8277933519
KA_BAGALKOTE_BADAMI_101,Karnataka,Bagalkote,Badami,,DEPARTMENT_OFFICE,,Asst. Director of Agriculture Badami,Agriculture Officer (TO-2 ADA BADAMI),,8277933525,8277933525,Asst. Director of Agriculture Badami,,VERIFIED_FROM_OFFICIAL_SOURCE,25,101,Asst. Director of Agriculture Badami | Agriculture Officer (TO-2 ADA BADAMI) | 8277933525
KA_BAGALKOTE_BADAMI_105,Karnataka,Bagalkote,Badami,,RSK,GULEDGUDD,RSK GULEDGUDD,Agriculture Officer( RSK Guledgudd),,8722012500,8722012500,"RSK, GULEDGUDD",,VERIFIED_FROM_OFFICIAL_SOURCE,26,105,"RSK, GULEDGUDD | Agriculture Officer( RSK Guledgudd) | 8722012500"
KA_BAGALKOTE_BADAMI_109,Karnataka,Bagalkote,Badami,,RSK,KULAGERI,RSK KULAGERI,Agriculture Officer(AO RSK Kulageri),,8277933518,8277933518,"RSK, KULAGERI",,VERIFIED_FROM_OFFICIAL_SOURCE,27,109,"RSK, KULAGERI | Agriculture Officer(AO RSK Kulageri) | 8277933518"
KA_BAGALKOTE_BILAGI_113,Karnataka,Bagalkote,Bilagi,,DEPARTMENT_OFFICE,,Asst. Director of Agriculture Bilagi,Asst. Director of Agriculture Bilagi,,8277933507,8277933507,Asst. Director of Agriculture Bilagi,,VERIFIED_FROM_OFFICIAL_SOURCE,28,113,Asst. Director of Agriculture Bilagi | Asst. Director of Agriculture Bilagi | 8277933507
KA_BAGALKOTE_BILAGI_117,Karnataka,Bagalkote,Bilagi,,RSK,Anagwadi,RSK Anagwadi,AO RSK Anagwadi (Incharge),,8277933543,8277933543,RSK Anagwadi,,VERIFIED_FROM_OFFICIAL_SOURCE,29,117,RSK Anagwadi | AO RSK Anagwadi (Incharge) | 8277933543
KA_BAGALKOTE_BILAGI_121,Karnataka,Bagalkote,Bilagi,,RSK,Bilagi,RSK Bilagi,Agriculture Officer(TO-1 RSK Bilagi),,8277933544,8277933544,RSK Bilagi,,VERIFIED_FROM_OFFICIAL_SOURCE,30,121,RSK Bilagi | Agriculture Officer(TO-1 RSK Bilagi) | 8277933544
KA_BAGALKOTE_HUNAGUND_125,Karnataka,Bagalkote,Hunagund,,DEPARTMENT_OFFICE,,Asst. Director of Agriculture Hunagund,Asst. Director of Agriculture Hunagund,,8277933504,8277933504,Asst. Director of Agriculture Hunagund,,VERIFIED_FROM_OFFICIAL_SOURCE,31,125,Asst. Director of Agriculture Hunagund | Asst. Director of Agriculture Hunagund | 8277933504
KA_BAGALKOTE_HUNAGUND_129,Karnataka,Bagalkote,Hunagund,,DEPARTMENT_OFFICE,,Asst. Director of Agriculture Hunagund,Agriculture Officer (TO-1 ADA Hunagund),,8277933556,8277933556,Asst. Director of Agriculture Hunagund,,VERIFIED_FROM_OFFICIAL_SOURCE,32,129,Asst. Director of Agriculture Hunagund | Agriculture Officer (TO-1 ADA Hunagund) | 8277933556
KA_BAGALKOTE_HUNAGUND_133,Karnataka,Bagalkote,Hunagund,,DEPARTMENT_OFFICE,,Asst. Director of Agriculture Hunagund,Agriculture Officer (TO-2 ADA Hunagund),,8277933559,8277933559,Asst. Director of Agriculture Hunagund,,VERIFIED_FROM_OFFICIAL_SOURCE,33,133,Asst. Director of Agriculture Hunagund | Agriculture Officer (TO-2 ADA Hunagund) | 8277933559
KA_BAGALKOTE_HUNAGUND_137,Karnataka,Bagalkote,Hunagund,,RSK,KARADI,RSK KARADI,Agriculture Officer (AO RSK Karadi Incharge),,8277933563,8277933563,RSK KARADI,,VERIFIED_FROM_OFFICIAL_SOURCE,34,137,RSK KARADI | Agriculture Officer (AO RSK Karadi Incharge) | 8277933563
KA_BAGALKOTE_HUNAGUND_141,Karnataka,Bagalkote,Hunagund,,RSK,Ilakall,RSK Ilakall,Agriculture Officer (TO-1 RSK Ilakall),,8277933562,8277933562,RSK Ilakall,,VERIFIED_FROM_OFFICIAL_SOURCE,35,141,RSK Ilakall | Agriculture Officer (TO-1 RSK Ilakall) | 8277933562
KA_BAGALKOTE_HUNAGUND_145,Karnataka,Bagalkote,Hunagund,,RSK,ILKAL,RSK ILKAL,Agriculture Officer (TO-2 RSK Ilakall),,8277933558,8277933558,RSK ILKAL,,VERIFIED_FROM_OFFICIAL_SOURCE,36,145,RSK ILKAL | Agriculture Officer (TO-2 RSK Ilakall) | 8277933558
KA_BAGALKOTE_HUNAGUND_149,Karnataka,Bagalkote,Hunagund,,RSK,Aminagad,RSK Aminagad,Agriculture Officer (TO-1 RSK Aminagad),,8277933566,8277933566,RSK Aminagad,,VERIFIED_FROM_OFFICIAL_SOURCE,37,149,RSK Aminagad | Agriculture Officer (TO-1 RSK Aminagad) | 8277933566
KA_BAGALKOTE_JAMAKHANDI_153,Karnataka,Bagalkote,Jamakhandi,,DEPARTMENT_OFFICE,,Asst. Director of Agriculture Jamakhandi,Asst. Director of Agriculture Jamakhandi,,8277933569,8277933569,Asst. Director of Agriculture Jamakhandi,,VERIFIED_FROM_OFFICIAL_SOURCE,38,153,Asst. Director of Agriculture Jamakhandi | Asst. Director of Agriculture Jamakhandi | 8277933569
KA_BAGALKOTE_JAMAKHANDI_157,Karnataka,Bagalkote,Jamakhandi,,DEPARTMENT_OFFICE,,Asst. Director of Agriculture Jamakhandi,Agriculture Officer (TO-1 ADA Jamakhandi),,8277933583,8277933583,Asst. Director of Agriculture Jamakhandi,,VERIFIED_FROM_OFFICIAL_SOURCE,39,157,Asst. Director of Agriculture Jamakhandi | Agriculture Officer (TO-1 ADA Jamakhandi) | 8277933583
KA_BAGALKOTE_JAMAKHANDI_161,Karnataka,Bagalkote,Jamakhandi,,DEPARTMENT_OFFICE,,Jamkhandi,Agriculture Officer (TO-2 ADA Jamakhandi),,8277933571,8277933571,Jamkhandi,,VERIFIED_FROM_OFFICIAL_SOURCE,40,161,Jamkhandi | Agriculture Officer (TO-2 ADA Jamakhandi) | 8277933571
KA_BAGALKOTE_JAMAKHANDI_165,Karnataka,Bagalkote,Jamakhandi,,RSK,Jamkhandi,RSK Jamkhandi,AO-1 RSK JAMKHANDI,,8277933572,8277933572,Jamkhandi,,VERIFIED_FROM_OFFICIAL_SOURCE,41,165,Jamkhandi | AO-1 RSK JAMKHANDI | 8277933572
KA_BAGALKOTE_JAMAKHANDI_169,Karnataka,Bagalkote,Jamakhandi,,RSK,Terdal,RSK Terdal,Agriculture Officer (TO-2RSK Terdal),,8277933588,8277933588,RSK Terdal,,VERIFIED_FROM_OFFICIAL_SOURCE,42,169,RSK Terdal | Agriculture Officer (TO-2RSK Terdal) | 8277933588
KA_BAGALKOTE_JAMAKHANDI_173,Karnataka,Bagalkote,Jamakhandi,,RSK,Terdal,RSK Terdal,Agriculture Officer (TO-1RSK Terdal),,8277933579,8277933579,RSK Terdal,,VERIFIED_FROM_OFFICIAL_SOURCE,43,173,RSK Terdal | Agriculture Officer (TO-1RSK Terdal) | 8277933579
KA_BAGALKOTE_JAMAKHANDI_177,Karnataka,Bagalkote,Jamakhandi,,RSK,Jamkhandi,RSK Jamkhandi,Agriculture Officer (TO-2RSK Jamakhandi),,8277933582,8277933582,RSK Jamkhandi,,VERIFIED_FROM_OFFICIAL_SOURCE,44,177,RSK Jamkhandi | Agriculture Officer (TO-2RSK Jamakhandi) | 8277933582
KA_BAGALKOTE_JAMAKHANDI_181,Karnataka,Bagalkote,Jamakhandi,,RSK,Savalgi,RSK Savalgi,Agriculture Officer (TO-1RSK Savalagi),,8277933577,8277933577,RSK Savalgi,,VERIFIED_FROM_OFFICIAL_SOURCE,45,181,RSK Savalgi | Agriculture Officer (TO-1RSK Savalagi) | 8277933577
KA_BAGALKOTE_JAMAKHANDI_185,Karnataka,Bagalkote,Jamakhandi,,RSK,Savalgi,RSK Savalgi,Agriculture Officer (TO-2RSK Savalagi),,8277933580,8277933580,RSK Savalgi,,VERIFIED_FROM_OFFICIAL_SOURCE,46,185,RSK Savalgi | Agriculture Officer (TO-2RSK Savalagi) | 8277933580
KA_BAGALKOTE_MUDHOL_189,Karnataka,Bagalkote,Mudhol,,DEPARTMENT_OFFICE,,Asst. Director of Agriculture Mudhol,Asst. Director of Agriculture Mudhol,,8277933586,8277933586,Asst. Director of Agriculture Mudhol,,VERIFIED_FROM_OFFICIAL_SOURCE,47,189,Asst. Director of Agriculture Mudhol | Asst. Director of Agriculture Mudhol | 8277933586
KA_BAGALKOTE_MUDHOL_193,Karnataka,Bagalkote,Mudhol,,DEPARTMENT_OFFICE,,Asst. Director of Agriculture Mudhol,Agriculture Officer (TO-1 ADA Mudhol),,8277933551,8277933551,Asst. Director of Agriculture Mudhol,,VERIFIED_FROM_OFFICIAL_SOURCE,48,193,Asst. Director of Agriculture Mudhol | Agriculture Officer (TO-1 ADA Mudhol) | 8277933551
KA_BAGALKOTE_MUDHOL_197,Karnataka,Bagalkote,Mudhol,,DEPARTMENT_OFFICE,,Asst. Director of Agriculture Mudhol,Agriculture Officer (TO-2 ADA Mudhol),,8277927773,8277927773,Asst. Director of Agriculture Mudhol,,VERIFIED_FROM_OFFICIAL_SOURCE,49,197,Asst. Director of Agriculture Mudhol | Agriculture Officer (TO-2 ADA Mudhol) | 8277927773
KA_BAGALKOTE_MUDHOL_201,Karnataka,Bagalkote,Mudhol,,RSK,Mudhol,RSK Mudhol,Agriculture Officer (TO-1RSK Mudhol),,8277933587,8277933587,RSK Mudhol,,VERIFIED_FROM_OFFICIAL_SOURCE,50,201,RSK Mudhol | Agriculture Officer (TO-1RSK Mudhol) | 8277933587
KA_BAGALKOTE_MUDHOL_205,Karnataka,Bagalkote,Mudhol,,RSK,Mudhol,RSK Mudhol,Agriculture Officer (TO-2RSK Mudhol),,8277933590,8277933590,RSK Mudhol,,VERIFIED_FROM_OFFICIAL_SOURCE,51,205,RSK Mudhol | Agriculture Officer (TO-2RSK Mudhol) | 8277933590
KA_BAGALKOTE_MUDHOL_209,Karnataka,Bagalkote,Mudhol,,RSK,Mudhol,RSK Mudhol,Agriculture Officer Mudhol,,8722008086,8722008086,RSK Mudhol,,VERIFIED_FROM_OFFICIAL_SOURCE,52,209,RSK Mudhol | Agriculture Officer Mudhol | 8722008086
KA_BAGALKOTE_MUDHOL_213,Karnataka,Bagalkote,Mudhol,,RSK,Lokapur,RSK Lokapur,Agriculture Officer (TO-1 RSK Lokapur),,8722010700,8722010700,RSK Lokapur,,VERIFIED_FROM_OFFICIAL_SOURCE,53,213,RSK Lokapur | Agriculture Officer (TO-1 RSK Lokapur) | 8722010700
KA_BAGALKOTE_MUDHOL_217,Karnataka,Bagalkote,Mudhol,,RSK,Lokapur,RSK Lokapur,Agriculture Officer (TO-2 RSK Lokapur),,8277933591,8277933591,RSK Lokapur,,VERIFIED_FROM_OFFICIAL_SOURCE,54,217,RSK Lokapur | Agriculture Officer (TO-2 RSK Lokapur) | 8277933591
KA_BAGALKOTE_MUDHOL_221,Karnataka,Bagalkote,Mudhol,,DEPARTMENT_OFFICE,,Asst. Director of Agriculture (DATC Bagalkote),Asst. Director of Agriculture (DATC Bagalkote),,8277933510,8277933510,Asst. Director of Agriculture (DATC Bagalkote),,VERIFIED_FROM_OFFICIAL_SOURCE,55,221,Asst. Director of Agriculture (DATC Bagalkote) | Asst. Director of Agriculture (DATC Bagalkote) | 8277933510
KA_BAGALKOTE_MUDHOL_225,Karnataka,Bagalkote,Mudhol,,DEPARTMENT_OFFICE,,Asst. Director of Agriculture (DATC Bagalkote),Asst. Director of Agriculture (FW),,8277933589,8277933589,Asst. Director of Agriculture (DATC Bagalkote),,VERIFIED_FROM_OFFICIAL_SOURCE,56,225,Asst. Director of Agriculture (DATC Bagalkote) | Asst. Director of Agriculture (FW) | 8277933589
KA_BAGALKOTE_MUDHOL_229,Karnataka,Bagalkote,Mudhol,,DEPARTMENT_OFFICE,,Asst. Director of Agriculture (DATC Bagalkote),Agriculture Officer,,8277927776,8277927776,Asst. Director of Agriculture (DATC Bagalkote),,VERIFIED_FROM_OFFICIAL_SOURCE,57,229,Asst. Director of Agriculture (DATC Bagalkote) | Agriculture Officer | 8277927776
KA_BAGALKOTE_MUDHOL_233,Karnataka,Bagalkote,Mudhol,,DEPARTMENT_OFFICE,,Asst. Director of Agriculture (DATC Bagalkote),Agriculture Officer,,8277927778,8277927778,Asst. Director of Agriculture (DATC Bagalkote),,VERIFIED_FROM_OFFICIAL_SOURCE,58,233,Asst. Director of Agriculture (DATC Bagalkote) | Agriculture Officer | 8277927778
KA_BAGALKOTE_MUDHOL_237,Karnataka,Bagalkote,Mudhol,,DEPARTMENT_OFFICE,,Asst. Director of Agriculture (DATC Bagalkote),Agriculture Officer,,8277933526,8277933526,Asst. Director of Agriculture (DATC Bagalkote),,VERIFIED_FROM_OFFICIAL_SOURCE,59,237,Asst. Director of Agriculture (DATC Bagalkote) | Agriculture Officer | 8277933526
KA_BAGALKOTE_MUDHOL_241,Karnataka,Bagalkote,Mudhol,,DEPARTMENT_OFFICE,,Asst. Director of Agriculture (DATC Bagalkote),Agriculture Officer,,8277933534,8277933534,Asst. Director of Agriculture (DATC Bagalkote),,VERIFIED_FROM_OFFICIAL_SOURCE,60,241,Asst. Director of Agriculture (DATC Bagalkote) | Agriculture Officer | 8277933534
KA_BENGALURU_RURAL_BENGALURU_RURAL_250,Karnataka,Bengaluru Rural,Bengaluru Rural,,DEPARTMENT_OFFICE,,"Joint Director Agriculture , Bangalore Rural",Joint Director of Agriculture,,8277929918,8277929918,"o/o Joint Director Agriculture , Bangalore Rural",,VERIFIED_FROM_OFFICIAL_SOURCE,1,250,"o/o Joint Director Agriculture , Bangalore Rural | Joint Director of Agriculture | 8277929918"
KA_BENGALURU_RURAL_BENGALURU_RURAL_254,Karnataka,Bengaluru Rural,Bengaluru Rural,,DEPARTMENT_OFFICE,,"Joint Director Agriculture , Bangalore Rural",Asst. Director of Agriculture (HQ& SMS),,8277929921,8277929921,"o/o Joint Director Agriculture , Bangalore Rural",,VERIFIED_FROM_OFFICIAL_SOURCE,2,254,"o/o Joint Director Agriculture , Bangalore Rural | Asst. Director of Agriculture (HQ& SMS) | 8277929921"
KA_BENGALURU_RURAL_BENGALURU_RURAL_258,Karnataka,Bengaluru Rural,Bengaluru Rural,,DEPARTMENT_OFFICE,,"Joint Director Agriculture , Bangalore Rural",Asst. Director of Agriculture (Veg-1),,8884006315,8884006315,"o/o Joint Director Agriculture , Bangalore Rural",,VERIFIED_FROM_OFFICIAL_SOURCE,3,258,"o/o Joint Director Agriculture , Bangalore Rural | Asst. Director of Agriculture (Veg-1) | 8884006315"
KA_BENGALURU_RURAL_BENGALURU_RURAL_262,Karnataka,Bengaluru Rural,Bengaluru Rural,,DEPARTMENT_OFFICE,,"Joint Director Agriculture , Bangalore Rural",Agriculture Officer (TO-1),,,,"o/o Joint Director Agriculture , Bangalore Rural",,VERIFIED_FROM_OFFICIAL_SOURCE,4,262,"o/o Joint Director Agriculture , Bangalore Rural | Agriculture Officer (TO-1)"
KA_BENGALURU_RURAL_BENGALURU_RURAL_265,Karnataka,Bengaluru Rural,Bengaluru Rural,,DEPARTMENT_OFFICE,,"Joint Director Agriculture , Bangalore Rural",Agriculture Officer (TO-2),,,,"o/o Joint Director Agriculture , Bangalore Rural",,VERIFIED_FROM_OFFICIAL_SOURCE,5,265,"o/o Joint Director Agriculture , Bangalore Rural | Agriculture Officer (TO-2)"
KA_BENGALURU_RURAL_BENGALURU_RURAL_268,Karnataka,Bengaluru Rural,Bengaluru Rural,,DEPARTMENT_OFFICE,,"Joint Director Agriculture , Bangalore Rural",Agriculture Officer (TO-3),,,,"o/o Joint Director Agriculture , Bangalore Rural",,VERIFIED_FROM_OFFICIAL_SOURCE,6,268,"o/o Joint Director Agriculture , Bangalore Rural | Agriculture Officer (TO-3)"
KA_BENGALURU_RURAL_BENGALURU_RURAL_271,Karnataka,Bengaluru Rural,Bengaluru Rural,,DEPARTMENT_OFFICE,,"Deputy Director of Agriculture, Bangalore Rural",DEPUTY DIRECTOR OF AGRICULTURE,,8277929919,8277929919,"Deputy Director of Agriculture, Bangalore Rural",,VERIFIED_FROM_OFFICIAL_SOURCE,7,271,"Deputy Director of Agriculture, Bangalore Rural | DEPUTY DIRECTOR OF AGRICULTURE | 8277929919"
KA_BENGALURU_RURAL_BENGALURU_RURAL_275,Karnataka,Bengaluru Rural,Bengaluru Rural,,DEPARTMENT_OFFICE,,"Deputy Director of Agriculture, Bangalore Rural",Agriculture Officer (TO-1),,8277929931,8277929931,"Deputy Director of Agriculture, Bangalore Rural",,VERIFIED_FROM_OFFICIAL_SOURCE,8,275,"Deputy Director of Agriculture, Bangalore Rural | Agriculture Officer (TO-1) | 8277929931"
KA_BENGALURU_RURAL_BENGALURU_RURAL_279,Karnataka,Bengaluru Rural,Bengaluru Rural,,DEPARTMENT_OFFICE,,"Deputy Director of Agriculture, Bangalore Rural",Agriculture Officer (TO-2),,8277929935,8277929935,"Deputy Director of Agriculture, Bangalore Rural",,VERIFIED_FROM_OFFICIAL_SOURCE,9,279,"Deputy Director of Agriculture, Bangalore Rural | Agriculture Officer (TO-2) | 8277929935"
KA_BENGALURU_RURAL_DEVANAHALLI_283,Karnataka,Bengaluru Rural,Devanahalli,,DEPARTMENT_OFFICE,,Asst. Director of Agriculture Devanahalli,Asst. Director of Agriculture Devanahalli,,8884006416,8884006416,Asst. Director of Agriculture Devanahalli,,VERIFIED_FROM_OFFICIAL_SOURCE,10,283,Asst. Director of Agriculture Devanahalli | Asst. Director of Agriculture Devanahalli | 8884006416
KA_BENGALURU_RURAL_DEVANAHALLI_287,Karnataka,Bengaluru Rural,Devanahalli,,DEPARTMENT_OFFICE,,Asst. Director of Agriculture Devanahalli,Agriculture Officer To-1,,8884006429,8884006429,Asst. Director of Agriculture Devanahalli,,VERIFIED_FROM_OFFICIAL_SOURCE,11,287,Asst. Director of Agriculture Devanahalli | Agriculture Officer To-1 | 8884006429
KA_BENGALURU_RURAL_DEVANAHALLI_291,Karnataka,Bengaluru Rural,Devanahalli,,RSK,Asst. Director of Agriculture Devanahalli,RSK Asst. Director of Agriculture Devanahalli,Agriculture Officer Kundana,,8884006512,8884006512,Asst. Director of Agriculture Devanahalli,,VERIFIED_FROM_OFFICIAL_SOURCE,12,291,Asst. Director of Agriculture Devanahalli | Agriculture Officer Kundana | 8884006512
KA_BENGALURU_RURAL_DEVANAHALLI_295,Karnataka,Bengaluru Rural,Devanahalli,,RSK,Asst. Director of Agriculture Devanahalli,RSK Asst. Director of Agriculture Devanahalli,Agriculture Officer Kasaba,,8884006458,8884006458,Asst. Director of Agriculture Devanahalli,,VERIFIED_FROM_OFFICIAL_SOURCE,13,295,Asst. Director of Agriculture Devanahalli | Agriculture Officer Kasaba | 8884006458
KA_BENGALURU_RURAL_DEVANAHALLI_299,Karnataka,Bengaluru Rural,Devanahalli,,RSK,Asst. Director of Agriculture Devanahalli,RSK Asst. Director of Agriculture Devanahalli,Agriculture Officer Vijayapura,,8884006443,8884006443,Asst. Director of Agriculture Devanahalli,,VERIFIED_FROM_OFFICIAL_SOURCE,14,299,Asst. Director of Agriculture Devanahalli | Agriculture Officer Vijayapura | 8884006443
KA_BENGALURU_RURAL_DEVANAHALLI_303,Karnataka,Bengaluru Rural,Devanahalli,,RSK,Asst. Director of Agriculture Devanahalli,RSK Asst. Director of Agriculture Devanahalli,Agriculture Officer Channarayapattana,,8884006450,8884006450,Asst. Director of Agriculture Devanahalli,,VERIFIED_FROM_OFFICIAL_SOURCE,15,303,Asst. Director of Agriculture Devanahalli | Agriculture Officer Channarayapattana | 8884006450
KA_BENGALURU_RURAL_DODDABALLAPUR_307,Karnataka,Bengaluru Rural,Doddaballapur,,DEPARTMENT_OFFICE,,Asst. Director of Agriculture Doddaballapur,Asst. Director of Agriculture Doddaballapur,,8277929961,8277929961,Asst. Director of Agriculture Doddaballapur,,VERIFIED_FROM_OFFICIAL_SOURCE,16,307,Asst. Director of Agriculture Doddaballapur | Asst. Director of Agriculture Doddaballapur | 8277929961
KA_BENGALURU_RURAL_DODDABALLAPUR_311,Karnataka,Bengaluru Rural,Doddaballapur,,DEPARTMENT_OFFICE,,Asst. Director of Agriculture Doddaballapur,Agriculture Officer To-1,,8277929965,8277929965,Asst. Director of Agriculture Doddaballapur,,VERIFIED_FROM_OFFICIAL_SOURCE,17,311,Asst. Director of Agriculture Doddaballapur | Agriculture Officer To-1 | 8277929965
KA_BENGALURU_RURAL_DODDABALLAPUR_315,Karnataka,Bengaluru Rural,Doddaballapur,,DEPARTMENT_OFFICE,,Asst. Director of Agriculture Doddaballapur,Agriculture Officer To-2,,8277929971,8277929971,Asst. Director of Agriculture Doddaballapur,,VERIFIED_FROM_OFFICIAL_SOURCE,18,315,Asst. Director of Agriculture Doddaballapur | Agriculture Officer To-2 | 8277929971
KA_BENGALURU_RURAL_DODDABALLAPUR_319,Karnataka,Bengaluru Rural,Doddaballapur,,RSK,Asst. Director of Agriculture Doddaballapur,RSK Asst. Director of Agriculture Doddaballapur,Agriculture Officer Kasaba,,8277929963,8277929963,Asst. Director of Agriculture Doddaballapur,,VERIFIED_FROM_OFFICIAL_SOURCE,19,319,Asst. Director of Agriculture Doddaballapur | Agriculture Officer Kasaba | 8277929963
KA_BENGALURU_RURAL_DODDABALLAPUR_323,Karnataka,Bengaluru Rural,Doddaballapur,,RSK,Asst. Director of Agriculture Doddaballapur,RSK Asst. Director of Agriculture Doddaballapur,Agriculture Officer Kanasawadi,,8277929967,8277929967,Asst. Director of Agriculture Doddaballapur,,VERIFIED_FROM_OFFICIAL_SOURCE,20,323,Asst. Director of Agriculture Doddaballapur | Agriculture Officer Kanasawadi | 8277929967
KA_BENGALURU_RURAL_DODDABALLAPUR_327,Karnataka,Bengaluru Rural,Doddaballapur,,RSK,Asst. Director of Agriculture Doddaballapur,RSK Asst. Director of Agriculture Doddaballapur,Agriculture Officer Doddabelavangala,,8277929972,8277929972,Asst. Director of Agriculture Doddaballapur,,VERIFIED_FROM_OFFICIAL_SOURCE,21,327,Asst. Director of Agriculture Doddaballapur | Agriculture Officer Doddabelavangala | 8277929972
KA_BENGALURU_RURAL_DODDABALLAPUR_331,Karnataka,Bengaluru Rural,Doddaballapur,,RSK,Asst. Director of Agriculture Doddaballapur,RSK Asst. Director of Agriculture Doddaballapur,Agriculture Officer Tubagere,,8277929969,8277929969,Asst. Director of Agriculture Doddaballapur,,VERIFIED_FROM_OFFICIAL_SOURCE,22,331,Asst. Director of Agriculture Doddaballapur | Agriculture Officer Tubagere | 8277929969
KA_BENGALURU_RURAL_DODDABALLAPUR_335,Karnataka,Bengaluru Rural,Doddaballapur,,RSK,Asst. Director of Agriculture Doddaballapur,RSK Asst. Director of Agriculture Doddaballapur,Agriculture Officer Kasaba,,8277929968,8277929968,Asst. Director of Agriculture Doddaballapur,,VERIFIED_FROM_OFFICIAL_SOURCE,23,335,Asst. Director of Agriculture Doddaballapur | Agriculture Officer Kasaba | 8277929968
KA_BENGALURU_RURAL_DODDABALLAPUR_339,Karnataka,Bengaluru Rural,Doddaballapur,,RSK,Asst. Director of Agriculture Doddaballapur,RSK Asst. Director of Agriculture Doddaballapur,Agriculture Officer Sasalu,,8277929970,8277929970,Asst. Director of Agriculture Doddaballapur,,VERIFIED_FROM_OFFICIAL_SOURCE,24,339,Asst. Director of Agriculture Doddaballapur | Agriculture Officer Sasalu | 8277929970
KA_BENGALURU_RURAL_HOSKOTE_343,Karnataka,Bengaluru Rural,Hoskote,,DEPARTMENT_OFFICE,,Asst. Director of Agriculture Hoskote,Asst. Director of Agriculture Hoskote,,8884006419,8884006419,Asst. Director of Agriculture Hoskote,,VERIFIED_FROM_OFFICIAL_SOURCE,25,343,Asst. Director of Agriculture Hoskote | Asst. Director of Agriculture Hoskote | 8884006419
KA_BENGALURU_RURAL_HOSKOTE_347,Karnataka,Bengaluru Rural,Hoskote,,DEPARTMENT_OFFICE,,Asst. Director of Agriculture Hoskote,"Agriculture Officer To-1, Anugondanahalli",,8277930050,8277930050,Asst. Director of Agriculture Hoskote,,VERIFIED_FROM_OFFICIAL_SOURCE,26,347,"Asst. Director of Agriculture Hoskote | Agriculture Officer To-1, Anugondanahalli | 8277930050"
KA_BENGALURU_RURAL_HOSKOTE_351,Karnataka,Bengaluru Rural,Hoskote,,RSK,Asst. Director of Agriculture Hoskote,RSK Asst. Director of Agriculture Hoskote,Agriculture Officer To-2 Kasaba,,8277934029,8277934029,Asst. Director of Agriculture Hoskote,,VERIFIED_FROM_OFFICIAL_SOURCE,27,351,Asst. Director of Agriculture Hoskote | Agriculture Officer To-2 Kasaba | 8277934029
KA_BENGALURU_RURAL_HOSKOTE_355,Karnataka,Bengaluru Rural,Hoskote,,RSK,Asst. Director of Agriculture Hoskote,RSK Asst. Director of Agriculture Hoskote,"Agriculture Officer ,sulibele",,8277934037,8277934037,Asst. Director of Agriculture Hoskote,,VERIFIED_FROM_OFFICIAL_SOURCE,28,355,"Asst. Director of Agriculture Hoskote | Agriculture Officer ,sulibele | 8277934037"
KA_BENGALURU_RURAL_HOSKOTE_359,Karnataka,Bengaluru Rural,Hoskote,,RSK,Asst. Director of Agriculture Hoskote,RSK Asst. Director of Agriculture Hoskote,"Agriculture Officer , Nandagudi",,,,Asst. Director of Agriculture Hoskote,,VERIFIED_FROM_OFFICIAL_SOURCE,29,359,"Asst. Director of Agriculture Hoskote | Agriculture Officer , Nandagudi"
KA_BENGALURU_RURAL_HOSKOTE_362,Karnataka,Bengaluru Rural,Hoskote,,RSK,Asst. Director of Agriculture Hoskote,RSK Asst. Director of Agriculture Hoskote,"Agriculture Officer ,Jadigenahalli",,,,Asst. Director of Agriculture Hoskote,,VERIFIED_FROM_OFFICIAL_SOURCE,30,362,"Asst. Director of Agriculture Hoskote | Agriculture Officer ,Jadigenahalli"
KA_BENGALURU_RURAL_NELAMANGALA_365,Karnataka,Bengaluru Rural,Nelamangala,,DEPARTMENT_OFFICE,,Asst. Director of Agriculture Nelamangala,Asst. Director of Agriculture Nelamangala,,8884006610,8884006610,Asst. Director of Agriculture Nelamangala,,VERIFIED_FROM_OFFICIAL_SOURCE,31,365,Asst. Director of Agriculture Nelamangala | Asst. Director of Agriculture Nelamangala | 8884006610
KA_BENGALURU_RURAL_NELAMANGALA_369,Karnataka,Bengaluru Rural,Nelamangala,,DEPARTMENT_OFFICE,,Asst. Director of Agriculture Nelamangala,Agriculture Officer To-1,,8277934010,8277934010,Asst. Director of Agriculture Nelamangala,,VERIFIED_FROM_OFFICIAL_SOURCE,32,369,Asst. Director of Agriculture Nelamangala | Agriculture Officer To-1 | 8277934010
KA_BENGALURU_RURAL_NELAMANGALA_373,Karnataka,Bengaluru Rural,Nelamangala,,RSK,Asst. Director of Agriculture Nelamangala,RSK Asst. Director of Agriculture Nelamangala,Agriculture Officer Sompura,,8277934015,8277934015,Asst. Director of Agriculture Nelamangala,,VERIFIED_FROM_OFFICIAL_SOURCE,33,373,Asst. Director of Agriculture Nelamangala | Agriculture Officer Sompura | 8277934015
KA_BENGALURU_RURAL_NELAMANGALA_377,Karnataka,Bengaluru Rural,Nelamangala,,RSK,Asst. Director of Agriculture Nelamangala,RSK Asst. Director of Agriculture Nelamangala,Agriculture Officer Tymagondalu,,8277934008,8277934008,Asst. Director of Agriculture Nelamangala,,VERIFIED_FROM_OFFICIAL_SOURCE,34,377,Asst. Director of Agriculture Nelamangala | Agriculture Officer Tymagondalu | 8277934008
KA_BENGALURU_RURAL_NELAMANGALA_381,Karnataka,Bengaluru Rural,Nelamangala,,DEPARTMENT_OFFICE,,Asst. Director of Agriculture Nelamangala,Asst. Agriculture Officer,,,,Asst. Director of Agriculture Nelamangala,,VERIFIED_FROM_OFFICIAL_SOURCE,35,381,Asst. Director of Agriculture Nelamangala | Asst. Agriculture Officer
KA_BENGALURU_RURAL_NELAMANGALA_384,Karnataka,Bengaluru Rural,Nelamangala,,DEPARTMENT_OFFICE,,Asst. Director of Agriculture Nelamangala,Agriculture Officer To-2,,,,Asst. Director of Agriculture Nelamangala,,VERIFIED_FROM_OFFICIAL_SOURCE,36,384,Asst. Director of Agriculture Nelamangala | Agriculture Officer To-2
KA_BENGALURU_RURAL_NELAMANGALA_387,Karnataka,Bengaluru Rural,Nelamangala,,RSK,Asst. Director of Agriculture Nelamangala,RSK Asst. Director of Agriculture Nelamangala,Asst. Agriculture Officer Kasaba,,8277934011,8277934011,Asst. Director of Agriculture Nelamangala,,VERIFIED_FROM_OFFICIAL_SOURCE,37,387,Asst. Director of Agriculture Nelamangala | Asst. Agriculture Officer Kasaba | 8277934011
KA_BENGALURU_URBAN_BENGALURU_URBAN_396,Karnataka,Bengaluru Urban,Bengaluru Urban,,DEPARTMENT_OFFICE,,"JDA Office, Banashankari Bangalore",JDA,,8277929861,8277929861,"O/o JDA Office, Banashankari Bangalore",,VERIFIED_FROM_OFFICIAL_SOURCE,1,396,"O/o JDA Office, Banashankari Bangalore | JDA | 8277929861"
KA_BENGALURU_URBAN_BENGALURU_URBAN_400,Karnataka,Bengaluru Urban,Bengaluru Urban,,DEPARTMENT_OFFICE,,"JDA Office, Banashankari Bangalore",ADA (Hq),,8277929920,8277929920,"O/o JDA Office, Banashankari Bangalore",,VERIFIED_FROM_OFFICIAL_SOURCE,2,400,"O/o JDA Office, Banashankari Bangalore | ADA (Hq) | 8277929920"
KA_BENGALURU_URBAN_BENGALURU_URBAN_404,Karnataka,Bengaluru Urban,Bengaluru Urban,,DEPARTMENT_OFFICE,,"JDA Office, Banashankari Bangalore",ADAM&E),,8277929924,8277929924,"O/o JDA Office, Banashankari Bangalore",,VERIFIED_FROM_OFFICIAL_SOURCE,3,404,"O/o JDA Office, Banashankari Bangalore | ADAM&E) | 8277929924"
KA_BENGALURU_URBAN_BENGALURU_URBAN_408,Karnataka,Bengaluru Urban,Bengaluru Urban,,DEPARTMENT_OFFICE,,"JDA Office, Banashankari Bangalore",ADA (FW),,8277929923,8277929923,"O/o JDA Office, Banashankari Bangalore",,VERIFIED_FROM_OFFICIAL_SOURCE,4,408,"O/o JDA Office, Banashankari Bangalore | ADA (FW) | 8277929923"
KA_BENGALURU_URBAN_BENGALURU_URBAN_412,Karnataka,Bengaluru Urban,Bengaluru Urban,,DEPARTMENT_OFFICE,,"JDA Office, Banashankari Bangalore",ADA (Vig-1),,8884006719,8884006719,"O/o JDA Office, Banashankari Bangalore",,VERIFIED_FROM_OFFICIAL_SOURCE,5,412,"O/o JDA Office, Banashankari Bangalore | ADA (Vig-1) | 8884006719"
KA_BENGALURU_URBAN_BENGALURU_URBAN_416,Karnataka,Bengaluru Urban,Bengaluru Urban,,DEPARTMENT_OFFICE,,"JDA Office, Banashankari Bangalore",TO-1,,8277929925,8277929925,"O/o JDA Office, Banashankari Bangalore",,VERIFIED_FROM_OFFICIAL_SOURCE,6,416,"O/o JDA Office, Banashankari Bangalore | TO-1 | 8277929925"
KA_BENGALURU_URBAN_BENGALURU_URBAN_420,Karnataka,Bengaluru Urban,Bengaluru Urban,,DEPARTMENT_OFFICE,,"JDA Office, Banashankari Bangalore",TO-3(Inch),,8884006350,8884006350,"O/o JDA Office, Banashankari Bangalore",,VERIFIED_FROM_OFFICIAL_SOURCE,7,420,"O/o JDA Office, Banashankari Bangalore | TO-3(Inch) | 8884006350"
KA_BENGALURU_URBAN_BENGALURU_URBAN_424,Karnataka,Bengaluru Urban,Bengaluru Urban,,DEPARTMENT_OFFICE,,"JDA Office, Banashankari Bangalore",T.A Krushi sanjeevini - Anekal Taluk,,8277934034,8277934034,"O/o JDA Office, Banashankari Bangalore",,VERIFIED_FROM_OFFICIAL_SOURCE,8,424,"O/o JDA Office, Banashankari Bangalore | T.A Krushi sanjeevini | 8277934034 | Anekal Taluk"
KA_BENGALURU_URBAN_ANEKAL_429,Karnataka,Bengaluru Urban,Anekal,,DEPARTMENT_OFFICE,,"ADA Office, Anekal",ADA,,8277929936,8277929936,"O/o ADA Office, Anekal",,VERIFIED_FROM_OFFICIAL_SOURCE,9,429,"O/o ADA Office, Anekal | ADA | 8277929936"
KA_BENGALURU_URBAN_ANEKAL_433,Karnataka,Bengaluru Urban,Anekal,,DEPARTMENT_OFFICE,,"ADA Office, Anekal",TO-1,,8277929932,8277929932,"O/o ADA Office, Anekal",,VERIFIED_FROM_OFFICIAL_SOURCE,10,433,"O/o ADA Office, Anekal | TO-1 | 8277929932"
KA_BENGALURU_URBAN_ANEKAL_437,Karnataka,Bengaluru Urban,Anekal,,DEPARTMENT_OFFICE,,"ADA Office, Anekal",AO,,8277929945,8277929945,"O/o ADA Office, Anekal",,VERIFIED_FROM_OFFICIAL_SOURCE,11,437,"O/o ADA Office, Anekal | AO | 8277929945"
KA_BENGALURU_URBAN_ANEKAL_441,Karnataka,Bengaluru Urban,Anekal,,DEPARTMENT_OFFICE,,"ADA Office, Anekal",AO,,8277929950,8277929950,"O/o ADA Office, Anekal",,VERIFIED_FROM_OFFICIAL_SOURCE,12,441,"O/o ADA Office, Anekal | AO | 8277929950"
KA_BENGALURU_URBAN_ANEKAL_445,Karnataka,Bengaluru Urban,Anekal,,DEPARTMENT_OFFICE,,"ADA Office, Anekal",AO - DATC RK SHALA,,8277929949,8277929949,"O/o ADA Office, Anekal",,VERIFIED_FROM_OFFICIAL_SOURCE,13,445,"O/o ADA Office, Anekal | AO | 8277929949 | DATC RK SHALA"
KA_BENGALURU_URBAN_ANEKAL_450,Karnataka,Bengaluru Urban,Anekal,,DEPARTMENT_OFFICE,,DATC RK SHALA,ADA,,8277929958,8277929958,DATC RK SHALA,,VERIFIED_FROM_OFFICIAL_SOURCE,14,450,DATC RK SHALA | ADA | 8277929958
KA_BENGALURU_URBAN_ANEKAL_454,Karnataka,Bengaluru Urban,Anekal,,DEPARTMENT_OFFICE,,DATC RK SHALA,ADA (FW),,8277929851,8277929851,DATC RK SHALA,,VERIFIED_FROM_OFFICIAL_SOURCE,15,454,DATC RK SHALA | ADA (FW) | 8277929851
KA_BENGALURU_URBAN_ANEKAL_458,Karnataka,Bengaluru Urban,Anekal,,DEPARTMENT_OFFICE,,DATC RK SHALA,AO,,8277934030,8277934030,DATC RK SHALA,,VERIFIED_FROM_OFFICIAL_SOURCE,16,458,DATC RK SHALA | AO | 8277934030
KA_BENGALURU_URBAN_ANEKAL_462,Karnataka,Bengaluru Urban,Anekal,,DEPARTMENT_OFFICE,,DATC RK SHALA,AO - Bangalore North Taluk,,8884006357,8884006357,DATC RK SHALA,,VERIFIED_FROM_OFFICIAL_SOURCE,17,462,DATC RK SHALA | AO | 8884006357 | Bangalore North Taluk
KA_BENGALURU_URBAN_BANGALORE_NORTH_467,Karnataka,Bengaluru Urban,Bangalore North,,DEPARTMENT_OFFICE,,"ADA Office, Bangalore North",ADA,,8277929975,8277929975,"O/o ADA Office, Bangalore North",,VERIFIED_FROM_OFFICIAL_SOURCE,18,467,"O/o ADA Office, Bangalore North | ADA | 8277929975"
KA_BENGALURU_URBAN_BANGALORE_NORTH_471,Karnataka,Bengaluru Urban,Bangalore North,,DEPARTMENT_OFFICE,,"ADA Office, Bangalore North",AO(TO-1),,8277929978,8277929978,"O/o ADA Office, Bangalore North",,VERIFIED_FROM_OFFICIAL_SOURCE,19,471,"O/o ADA Office, Bangalore North | AO(TO-1) | 8277929978"
KA_BENGALURU_URBAN_BANGALORE_NORTH_475,Karnataka,Bengaluru Urban,Bangalore North,,DEPARTMENT_OFFICE,,"ADA Office, Bangalore North",AO(TO-2),,8277929985,8277929985,"O/o ADA Office, Bangalore North",,VERIFIED_FROM_OFFICIAL_SOURCE,20,475,"O/o ADA Office, Bangalore North | AO(TO-2) | 8277929985"
KA_BENGALURU_URBAN_BANGALORE_NORTH_479,Karnataka,Bengaluru Urban,Bangalore North,,DEPARTMENT_OFFICE,,"ADA Office, Bangalore North","AO,",,8277929980,8277929980,"O/o ADA Office, Bangalore North",,VERIFIED_FROM_OFFICIAL_SOURCE,21,479,"O/o ADA Office, Bangalore North | AO, | 8277929980"
KA_BENGALURU_URBAN_BANGALORE_NORTH_483,Karnataka,Bengaluru Urban,Bangalore North,,DEPARTMENT_OFFICE,,"ADA Office, Bangalore North",AAO,,8277929981,8277929981,"O/o ADA Office, Bangalore North",,VERIFIED_FROM_OFFICIAL_SOURCE,22,483,"O/o ADA Office, Bangalore North | AAO | 8277929981"
KA_BENGALURU_URBAN_BANGALORE_NORTH_487,Karnataka,Bengaluru Urban,Bangalore North,,DEPARTMENT_OFFICE,,"ADA Office, Bangalore North",AAO,,8277929976,8277929976,"O/o ADA Office, Bangalore North",,VERIFIED_FROM_OFFICIAL_SOURCE,23,487,"O/o ADA Office, Bangalore North | AAO | 8277929976"
KA_BENGALURU_URBAN_BANGALORE_NORTH_491,Karnataka,Bengaluru Urban,Bangalore North,,DEPARTMENT_OFFICE,,"ADA Office, Bangalore North",AO - PRAL Bangalore,,8277929983,8277929983,"O/o ADA Office, Bangalore North",,VERIFIED_FROM_OFFICIAL_SOURCE,24,491,"O/o ADA Office, Bangalore North | AO | 8277929983 | PRAL Bangalore"
KA_BENGALURU_URBAN_BANASHANKARI_BANGALORE_496,Karnataka,Bengaluru Urban,Banashankari Bangalore,,DEPARTMENT_OFFICE,,"ADA Office, Banashankari Bangalore",ADA,,8884006322,8884006322,"O/o ADA Office, Banashankari Bangalore",,VERIFIED_FROM_OFFICIAL_SOURCE,25,496,"O/o ADA Office, Banashankari Bangalore | ADA | 8884006322"
KA_BENGALURU_URBAN_BANASHANKARI_BANGALORE_500,Karnataka,Bengaluru Urban,Banashankari Bangalore,,DEPARTMENT_OFFICE,,"ADA Office, Banashankari Bangalore",AO,,8884006350,8884006350,"O/o ADA Office, Banashankari Bangalore",,VERIFIED_FROM_OFFICIAL_SOURCE,26,500,"O/o ADA Office, Banashankari Bangalore | AO | 8884006350"
KA_BENGALURU_URBAN_BANASHANKARI_BANGALORE_504,Karnataka,Bengaluru Urban,Banashankari Bangalore,,DEPARTMENT_OFFICE,,"ADA Office, Banashankari Bangalore",AO,,8884006341,8884006341,"O/o ADA Office, Banashankari Bangalore",,VERIFIED_FROM_OFFICIAL_SOURCE,27,504,"O/o ADA Office, Banashankari Bangalore | AO | 8884006341"
KA_BENGALURU_URBAN_BANASHANKARI_BANGALORE_508,Karnataka,Bengaluru Urban,Banashankari Bangalore,,DEPARTMENT_OFFICE,,"ADA Office, Banashankari Bangalore",AO,,8884006345,8884006345,"O/o ADA Office, Banashankari Bangalore",,VERIFIED_FROM_OFFICIAL_SOURCE,28,508,"O/o ADA Office, Banashankari Bangalore | AO | 8884006345"
KA_BELAGAVI_BELAGAVI_517,Karnataka,Belagavi,Belagavi,,DEPARTMENT_OFFICE,,"JDA, BELAGAVI",JDA,,8277934039,8277934039,"JDA, BELAGAVI",,VERIFIED_FROM_OFFICIAL_SOURCE,1,517,"JDA, BELAGAVI | JDA | 8277934039"
KA_BELAGAVI_BELAGAVI_521,Karnataka,Belagavi,Belagavi,,DEPARTMENT_OFFICE,,"JDA, BELAGAVI",ADA (ENF),,8277930317,8277930317,"JDA, BELAGAVI",,VERIFIED_FROM_OFFICIAL_SOURCE,2,521,"JDA, BELAGAVI | ADA (ENF) | 8277930317"
KA_BELAGAVI_BELAGAVI_525,Karnataka,Belagavi,Belagavi,,DEPARTMENT_OFFICE,,"JDA, BELAGAVI",ADA,,8277934049,8277934049,"JDA, BELAGAVI",,VERIFIED_FROM_OFFICIAL_SOURCE,3,525,"JDA, BELAGAVI | ADA | 8277934049"
KA_BELAGAVI_BELAGAVI_529,Karnataka,Belagavi,Belagavi,,DEPARTMENT_OFFICE,,"JDA, BELAGAVI",ADA (HQ),,8277930071,8277930071,"JDA, BELAGAVI",,VERIFIED_FROM_OFFICIAL_SOURCE,4,529,"JDA, BELAGAVI | ADA (HQ) | 8277930071"
KA_BELAGAVI_BELAGAVI_533,Karnataka,Belagavi,Belagavi,,DEPARTMENT_OFFICE,,"JDA, BELAGAVI",ADA (ENF),,8277934250,8277934250,"JDA, BELAGAVI",,VERIFIED_FROM_OFFICIAL_SOURCE,5,533,"JDA, BELAGAVI | ADA (ENF) | 8277934250"
KA_BELAGAVI_BELAGAVI_537,Karnataka,Belagavi,Belagavi,,DEPARTMENT_OFFICE,,"JDA, BELAGAVI",ADA (M&E),,8277934055,8277934055,"JDA, BELAGAVI",,VERIFIED_FROM_OFFICIAL_SOURCE,6,537,"JDA, BELAGAVI | ADA (M&E) | 8277934055"
KA_BELAGAVI_BELAGAVI_541,Karnataka,Belagavi,Belagavi,,DEPARTMENT_OFFICE,,"JDA, BELAGAVI",ADA (FW),,8277934048,8277934048,"JDA, BELAGAVI",,VERIFIED_FROM_OFFICIAL_SOURCE,7,541,"JDA, BELAGAVI | ADA (FW) | 8277934048"
KA_BELAGAVI_BELAGAVI_545,Karnataka,Belagavi,Belagavi,,DEPARTMENT_OFFICE,,"JDA, BELAGAVI",AO (T-1),,8277934291,8277934291,"JDA, BELAGAVI",,VERIFIED_FROM_OFFICIAL_SOURCE,8,545,"JDA, BELAGAVI | AO (T-1) | 8277934291"
KA_BELAGAVI_BELAGAVI_549,Karnataka,Belagavi,Belagavi,,DEPARTMENT_OFFICE,,"JDA, BELAGAVI",AO (T-2),,8277927879,8277927879,"JDA, BELAGAVI",,VERIFIED_FROM_OFFICIAL_SOURCE,9,549,"JDA, BELAGAVI | AO (T-2) | 8277927879"
KA_BELAGAVI_BELAGAVI_553,Karnataka,Belagavi,Belagavi,,DEPARTMENT_OFFICE,,"JDA, BELAGAVI",Agriculture Officer,,,,"JDA, BELAGAVI",,VERIFIED_FROM_OFFICIAL_SOURCE,10,553,"JDA, BELAGAVI"
KA_BELAGAVI_BELAGAVI_555,Karnataka,Belagavi,Belagavi,,DEPARTMENT_OFFICE,,"JDA, BELAGAVI",Agriculture Officer,,,,"JDA, BELAGAVI",,VERIFIED_FROM_OFFICIAL_SOURCE,11,555,"JDA, BELAGAVI"
KA_BELAGAVI_BELAGAVI_557,Karnataka,Belagavi,Belagavi,,DEPARTMENT_OFFICE,,"DATC,Arabhavi",ADA,,8277930369,8277930369,"DATC,Arabhavi",,VERIFIED_FROM_OFFICIAL_SOURCE,1,557,"DATC,Arabhavi | ADA | 8277930369"
KA_BELAGAVI_BELAGAVI_561,Karnataka,Belagavi,Belagavi,,DEPARTMENT_OFFICE,,"DATC,Arabhavi",A.O,,8277934169,8277934169,"DATC,Arabhavi",,VERIFIED_FROM_OFFICIAL_SOURCE,2,561,"DATC,Arabhavi | A.O | 8277934169"
KA_BELAGAVI_BELAGAVI_565,Karnataka,Belagavi,Belagavi,,DEPARTMENT_OFFICE,,"DATC,Arabhavi",A.O,,8277934215,8277934215,"DATC,Arabhavi",,VERIFIED_FROM_OFFICIAL_SOURCE,3,565,"DATC,Arabhavi | A.O | 8277934215"
KA_BELAGAVI_BELAGAVI_569,Karnataka,Belagavi,Belagavi,,DEPARTMENT_OFFICE,,"DATC,Arabhavi",A.O,,8277934168,8277934168,"DATC,Arabhavi",,VERIFIED_FROM_OFFICIAL_SOURCE,4,569,"DATC,Arabhavi | A.O | 8277934168"
KA_BELAGAVI_BELAGAVI_573,Karnataka,Belagavi,Belagavi,,DEPARTMENT_OFFICE,,DDA-2 Chikkodi,DDA,,8884003494,8884003494,DDA-2 Chikkodi,,VERIFIED_FROM_OFFICIAL_SOURCE,1,573,DDA-2 Chikkodi | DDA | 8884003494
KA_BELAGAVI_BELAGAVI_577,Karnataka,Belagavi,Belagavi,,DEPARTMENT_OFFICE,,DDA-2 Chikkodi,A.O (T-1),,8884003471,8884003471,DDA-2 Chikkodi,,VERIFIED_FROM_OFFICIAL_SOURCE,2,577,DDA-2 Chikkodi | A.O (T-1) | 8884003471
KA_BELAGAVI_BELAGAVI_581,Karnataka,Belagavi,Belagavi,,DEPARTMENT_OFFICE,,DDA-2 Chikkodi,A.O (T-2),,8277930321,8277930321,DDA-2 Chikkodi,,VERIFIED_FROM_OFFICIAL_SOURCE,3,581,DDA-2 Chikkodi | A.O (T-2) | 8277930321
KA_BELAGAVI_ATHANI_585,Karnataka,Belagavi,ATHANI,,DEPARTMENT_OFFICE,,ADA - ATHANI,ADA,,8277934081,8277934081,ADA - ATHANI,,VERIFIED_FROM_OFFICIAL_SOURCE,1,585,ADA - ATHANI | ADA | 8277934081
KA_BELAGAVI_ATHANI_589,Karnataka,Belagavi,ATHANI,,DEPARTMENT_OFFICE,,ADA - ATHANI,A.O (T-1),,8277927979,8277927979,ADA - ATHANI,,VERIFIED_FROM_OFFICIAL_SOURCE,2,589,ADA - ATHANI | A.O (T-1) | 8277927979
KA_BELAGAVI_ATHANI_593,Karnataka,Belagavi,ATHANI,,DEPARTMENT_OFFICE,,ADA - ATHANI,A.O (T-2),,8277934060,8277934060,ADA - ATHANI,,VERIFIED_FROM_OFFICIAL_SOURCE,3,593,ADA - ATHANI | A.O (T-2) | 8277934060
KA_BELAGAVI_ATHANI_597,Karnataka,Belagavi,ATHANI,,DEPARTMENT_OFFICE,,ADA - ATHANI,A.O,,8277927867,8277927867,ADA - ATHANI,,VERIFIED_FROM_OFFICIAL_SOURCE,4,597,ADA - ATHANI | A.O | 8277927867
KA_BELAGAVI_ATHANI_601,Karnataka,Belagavi,ATHANI,,DEPARTMENT_OFFICE,,ADA - ATHANI,A.O,,8277927928,8277927928,ADA - ATHANI,,VERIFIED_FROM_OFFICIAL_SOURCE,5,601,ADA - ATHANI | A.O | 8277927928
KA_BELAGAVI_ATHANI_605,Karnataka,Belagavi,ATHANI,,DEPARTMENT_OFFICE,,ADA - ATHANI,A.O,,8277927989,8277927989,ADA - ATHANI,,VERIFIED_FROM_OFFICIAL_SOURCE,6,605,ADA - ATHANI | A.O | 8277927989
KA_BELAGAVI_ATHANI_609,Karnataka,Belagavi,ATHANI,,DEPARTMENT_OFFICE,,ADA - ATHANI,A.O,,8277927989,8277927989,ADA - ATHANI,,VERIFIED_FROM_OFFICIAL_SOURCE,7,609,ADA - ATHANI | A.O | 8277927989
KA_BELAGAVI_ATHANI_613,Karnataka,Belagavi,ATHANI,,DEPARTMENT_OFFICE,,ADA - ATHANI,A.O,,8277927954,8277927954,ADA - ATHANI,,VERIFIED_FROM_OFFICIAL_SOURCE,8,613,ADA - ATHANI | A.O | 8277927954
KA_BELAGAVI_ATHANI_617,Karnataka,Belagavi,ATHANI,,DEPARTMENT_OFFICE,,ADA - ATHANI,A.O,,8277934069,8277934069,ADA - ATHANI,,VERIFIED_FROM_OFFICIAL_SOURCE,9,617,ADA - ATHANI | A.O | 8277934069
KA_BELAGAVI_ATHANI_621,Karnataka,Belagavi,ATHANI,,DEPARTMENT_OFFICE,,ADA - ATHANI,A.O,,8277934056,8277934056,ADA - ATHANI,,VERIFIED_FROM_OFFICIAL_SOURCE,10,621,ADA - ATHANI | A.O | 8277934056
KA_BELAGAVI_ATHANI_625,Karnataka,Belagavi,ATHANI,,DEPARTMENT_OFFICE,,ADA - ATHANI,A.O,,8277925558,8277925558,ADA - ATHANI,,VERIFIED_FROM_OFFICIAL_SOURCE,11,625,ADA - ATHANI | A.O | 8277925558
KA_BELAGAVI_ATHANI_629,Karnataka,Belagavi,ATHANI,,DEPARTMENT_OFFICE,,ADA - ATHANI,A.O,,8277930075,8277930075,ADA - ATHANI,,VERIFIED_FROM_OFFICIAL_SOURCE,12,629,ADA - ATHANI | A.O | 8277930075
KA_BELAGAVI_RAYBAG_633,Karnataka,Belagavi,RAYBAG,,DEPARTMENT_OFFICE,,ADA - RAYBAG,A D A,,8277930293,8277930293,ADA - RAYBAG,,VERIFIED_FROM_OFFICIAL_SOURCE,12,633,ADA - RAYBAG | A D A | 8277930293
KA_BELAGAVI_RAYBAG_637,Karnataka,Belagavi,RAYBAG,,DEPARTMENT_OFFICE,,ADA - RAYBAG,A.O (T-1),,8277934245,8277934245,ADA - RAYBAG,,VERIFIED_FROM_OFFICIAL_SOURCE,13,637,ADA - RAYBAG | A.O (T-1) | 8277934245
KA_BELAGAVI_RAYBAG_641,Karnataka,Belagavi,RAYBAG,,DEPARTMENT_OFFICE,,ADA - RAYBAG,A.O,,8277930314,8277930314,ADA - RAYBAG,,VERIFIED_FROM_OFFICIAL_SOURCE,14,641,ADA - RAYBAG | A.O | 8277930314
KA_BELAGAVI_RAYBAG_645,Karnataka,Belagavi,RAYBAG,,DEPARTMENT_OFFICE,,ADA - RAYBAG,A.A.O,,8277934247,8277934247,ADA - RAYBAG,,VERIFIED_FROM_OFFICIAL_SOURCE,15,645,ADA - RAYBAG | A.A.O | 8277934247
KA_BELAGAVI_RAYBAG_649,Karnataka,Belagavi,RAYBAG,,DEPARTMENT_OFFICE,,ADA - RAYBAG,A.A.O,,8277930323,8277930323,ADA - RAYBAG,,VERIFIED_FROM_OFFICIAL_SOURCE,16,649,ADA - RAYBAG | A.A.O | 8277930323
KA_BELAGAVI_RAYBAG_653,Karnataka,Belagavi,RAYBAG,,DEPARTMENT_OFFICE,,ADA - RAYBAG,A.O,,8277934237,8277934237,ADA - RAYBAG,,VERIFIED_FROM_OFFICIAL_SOURCE,17,653,ADA - RAYBAG | A.O | 8277934237
KA_BELAGAVI_RAYBAG_657,Karnataka,Belagavi,RAYBAG,,DEPARTMENT_OFFICE,,ADA - RAYBAG,A.A.O,,8277934246,8277934246,ADA - RAYBAG,,VERIFIED_FROM_OFFICIAL_SOURCE,18,657,ADA - RAYBAG | A.A.O | 8277934246
KA_BELAGAVI_HUKKERI_661,Karnataka,Belagavi,HUKKERI,,DEPARTMENT_OFFICE,,ADA-HUKKERI,ADA,,8277934761,8277934761,ADA-HUKKERI,,VERIFIED_FROM_OFFICIAL_SOURCE,1,661,ADA-HUKKERI | ADA | 8277934761
KA_BELAGAVI_HUKKERI_665,Karnataka,Belagavi,HUKKERI,,DEPARTMENT_OFFICE,,ADA-HUKKERI,AO,,8277927937,8277927937,ADA-HUKKERI,,VERIFIED_FROM_OFFICIAL_SOURCE,2,665,ADA-HUKKERI | AO | 8277927937
KA_BELAGAVI_HUKKERI_669,Karnataka,Belagavi,HUKKERI,,DEPARTMENT_OFFICE,,ADA-HUKKERI,AO,,8277934206,8277934206,ADA-HUKKERI,,VERIFIED_FROM_OFFICIAL_SOURCE,3,669,ADA-HUKKERI | AO | 8277934206
KA_BELAGAVI_HUKKERI_673,Karnataka,Belagavi,HUKKERI,,DEPARTMENT_OFFICE,,ADA-HUKKERI,AO,,8277934205,8277934205,ADA-HUKKERI,,VERIFIED_FROM_OFFICIAL_SOURCE,4,673,ADA-HUKKERI | AO | 8277934205
KA_BELAGAVI_HUKKERI_677,Karnataka,Belagavi,HUKKERI,,DEPARTMENT_OFFICE,,ADA-HUKKERI,AO,,8277934204,8277934204,ADA-HUKKERI,,VERIFIED_FROM_OFFICIAL_SOURCE,5,677,ADA-HUKKERI | AO | 8277934204
KA_BELAGAVI_HUKKERI_681,Karnataka,Belagavi,HUKKERI,,DEPARTMENT_OFFICE,,ADA-HUKKERI,AO,,2877934193,2877934193,ADA-HUKKERI,,VERIFIED_FROM_OFFICIAL_SOURCE,6,681,ADA-HUKKERI | AO | 2877934193
KA_BELAGAVI_HUKKERI_685,Karnataka,Belagavi,HUKKERI,,DEPARTMENT_OFFICE,,ADA-HUKKERI,AO,,8277934209,8277934209,ADA-HUKKERI,,VERIFIED_FROM_OFFICIAL_SOURCE,7,685,ADA-HUKKERI | AO | 8277934209
KA_BELAGAVI_BAILHONGAL_689,Karnataka,Belagavi,Bailhongal,,DEPARTMENT_OFFICE,,ADA Bailhongal,ADA,,8277930116,8277930116,ADA Bailhongal,,VERIFIED_FROM_OFFICIAL_SOURCE,1,689,ADA Bailhongal | ADA | 8277930116
KA_BELAGAVI_BAILHONGAL_693,Karnataka,Belagavi,Bailhongal,,DEPARTMENT_OFFICE,,ADA Bailhongal,AO (Tech-1),,8277934091,8277934091,ADA Bailhongal,,VERIFIED_FROM_OFFICIAL_SOURCE,2,693,ADA Bailhongal | AO (Tech-1) | 8277934091
KA_BELAGAVI_BAILHONGAL_697,Karnataka,Belagavi,Bailhongal,,DEPARTMENT_OFFICE,,ADA Bailhongal,AO (Tech-2),,8277930133,8277930133,ADA Bailhongal,,VERIFIED_FROM_OFFICIAL_SOURCE,3,697,ADA Bailhongal | AO (Tech-2) | 8277930133
KA_BELAGAVI_BAILHONGAL_701,Karnataka,Belagavi,Bailhongal,,DEPARTMENT_OFFICE,,ADA Bailhongal,AO,,8277934092,8277934092,ADA Bailhongal,,VERIFIED_FROM_OFFICIAL_SOURCE,4,701,ADA Bailhongal | AO | 8277934092
KA_BELAGAVI_BAILHONGAL_705,Karnataka,Belagavi,Bailhongal,,DEPARTMENT_OFFICE,,ADA Bailhongal,AO,,8277927863,8277927863,ADA Bailhongal,,VERIFIED_FROM_OFFICIAL_SOURCE,5,705,ADA Bailhongal | AO | 8277927863
KA_BELAGAVI_BAILHONGAL_709,Karnataka,Belagavi,Bailhongal,,DEPARTMENT_OFFICE,,ADA Bailhongal,AO,,8277934089,8277934089,ADA Bailhongal,,VERIFIED_FROM_OFFICIAL_SOURCE,6,709,ADA Bailhongal | AO | 8277934089
KA_BELAGAVI_BAILHONGAL_713,Karnataka,Belagavi,Bailhongal,,DEPARTMENT_OFFICE,,ADA Bailhongal,AO,,8277927792,8277927792,ADA Bailhongal,,VERIFIED_FROM_OFFICIAL_SOURCE,7,713,ADA Bailhongal | AO | 8277927792
KA_BELAGAVI_BAILHONGAL_717,Karnataka,Belagavi,Bailhongal,,DEPARTMENT_OFFICE,,ADA Bailhongal,AO,,7996561655,7996561655,ADA Bailhongal,,VERIFIED_FROM_OFFICIAL_SOURCE,8,717,ADA Bailhongal | AO | 7996561655
KA_BELAGAVI_BAILHONGAL_721,Karnataka,Belagavi,Bailhongal,,DEPARTMENT_OFFICE,,ADA Bailhongal,AAO,,8277934102,8277934102,ADA Bailhongal,,VERIFIED_FROM_OFFICIAL_SOURCE,9,721,ADA Bailhongal | AAO | 8277934102
KA_BELAGAVI_BAILHONGAL_725,Karnataka,Belagavi,Bailhongal,,DEPARTMENT_OFFICE,,ADA Bailhongal,AAO,,8277934087,8277934087,ADA Bailhongal,,VERIFIED_FROM_OFFICIAL_SOURCE,10,725,ADA Bailhongal | AAO | 8277934087
KA_BELAGAVI_RAMADURG_729,Karnataka,Belagavi,RAMADURG,,DEPARTMENT_OFFICE,,ADA RAMADURG,ADA,,8277930324,8277930324,ADA RAMADURG,,VERIFIED_FROM_OFFICIAL_SOURCE,1,729,ADA RAMADURG | ADA | 8277930324
KA_BELAGAVI_RAMADURG_733,Karnataka,Belagavi,RAMADURG,,DEPARTMENT_OFFICE,,ADA RAMADURG,AO T-01,,8277934254,8277934254,ADA RAMADURG,,VERIFIED_FROM_OFFICIAL_SOURCE,2,733,ADA RAMADURG | AO T-01 | 8277934254
KA_BELAGAVI_RAMADURG_737,Karnataka,Belagavi,RAMADURG,,DEPARTMENT_OFFICE,,ADA RAMADURG,AO T-02,,8277934266,8277934266,ADA RAMADURG,,VERIFIED_FROM_OFFICIAL_SOURCE,3,737,ADA RAMADURG | AO T-02 | 8277934266
KA_BELAGAVI_RAMADURG_741,Karnataka,Belagavi,RAMADURG,,DEPARTMENT_OFFICE,,ADA RAMADURG,AO,,8277934244,8277934244,ADA RAMADURG,,VERIFIED_FROM_OFFICIAL_SOURCE,4,741,ADA RAMADURG | AO | 8277934244
KA_BELAGAVI_RAMADURG_745,Karnataka,Belagavi,RAMADURG,,DEPARTMENT_OFFICE,,ADA RAMADURG,AO,,8277930305,8277930305,ADA RAMADURG,,VERIFIED_FROM_OFFICIAL_SOURCE,5,745,ADA RAMADURG | AO | 8277930305
KA_BELAGAVI_RAMADURG_749,Karnataka,Belagavi,RAMADURG,,DEPARTMENT_OFFICE,,ADA RAMADURG,AO,,8277934256,8277934256,ADA RAMADURG,,VERIFIED_FROM_OFFICIAL_SOURCE,6,749,ADA RAMADURG | AO | 8277934256
KA_BELAGAVI_RAMADURG_753,Karnataka,Belagavi,RAMADURG,,DEPARTMENT_OFFICE,,"JDA,VIGILANCE, BELAGAVI",JDA,,8277934042,8277934042,"JDA,VIGILANCE, BELAGAVI",,VERIFIED_FROM_OFFICIAL_SOURCE,1,753,"JDA,VIGILANCE, BELAGAVI | JDA | 8277934042"
KA_BELAGAVI_RAMADURG_757,Karnataka,Belagavi,RAMADURG,,DEPARTMENT_OFFICE,,"JDA,VIGILANCE, BELAGAVI",DDA,,8277934043,8277934043,"JDA,VIGILANCE, BELAGAVI",,VERIFIED_FROM_OFFICIAL_SOURCE,2,757,"JDA,VIGILANCE, BELAGAVI | DDA | 8277934043"
KA_BELAGAVI_RAMADURG_761,Karnataka,Belagavi,RAMADURG,,DEPARTMENT_OFFICE,,"JDA,VIGILANCE, BELAGAVI",ADA,,8277934051,8277934051,"JDA,VIGILANCE, BELAGAVI",,VERIFIED_FROM_OFFICIAL_SOURCE,3,761,"JDA,VIGILANCE, BELAGAVI | ADA | 8277934051"
KA_BELAGAVI_RAMADURG_765,Karnataka,Belagavi,RAMADURG,,DEPARTMENT_OFFICE,,"JDA,VIGILANCE, BELAGAVI",ADA,,8277930073,8277930073,"JDA,VIGILANCE, BELAGAVI",,VERIFIED_FROM_OFFICIAL_SOURCE,4,765,"JDA,VIGILANCE, BELAGAVI | ADA | 8277930073"
KA_BELAGAVI_RAMADURG_769,Karnataka,Belagavi,RAMADURG,,DEPARTMENT_OFFICE,,"JDA,VIGILANCE, BELAGAVI",ADA,,8277934047,8277934047,"JDA,VIGILANCE, BELAGAVI",,VERIFIED_FROM_OFFICIAL_SOURCE,5,769,"JDA,VIGILANCE, BELAGAVI | ADA | 8277934047"
KA_BELAGAVI_GOKAK_773,Karnataka,Belagavi,GOKAK,,DEPARTMENT_OFFICE,,"ADA ,GOKAK",ADA,,8277934172,8277934172,"ADA ,GOKAK",,VERIFIED_FROM_OFFICIAL_SOURCE,1,773,"ADA ,GOKAK | ADA | 8277934172"
KA_BELAGAVI_GOKAK_777,Karnataka,Belagavi,GOKAK,,DEPARTMENT_OFFICE,,"ADA ,GOKAK",TO-01,,8277934186,8277934186,"ADA ,GOKAK",,VERIFIED_FROM_OFFICIAL_SOURCE,2,777,"ADA ,GOKAK | TO-01 | 8277934186"
KA_BELAGAVI_GOKAK_781,Karnataka,Belagavi,GOKAK,,DEPARTMENT_OFFICE,,"ADA ,GOKAK",TO-02,,8277934177,8277934177,"ADA ,GOKAK",,VERIFIED_FROM_OFFICIAL_SOURCE,3,781,"ADA ,GOKAK | TO-02 | 8277934177"
KA_BELAGAVI_GOKAK_785,Karnataka,Belagavi,GOKAK,,DEPARTMENT_OFFICE,,"ADA ,GOKAK",AO,,8277934180,8277934180,"ADA ,GOKAK",,VERIFIED_FROM_OFFICIAL_SOURCE,4,785,"ADA ,GOKAK | AO | 8277934180"
KA_BELAGAVI_GOKAK_789,Karnataka,Belagavi,GOKAK,,DEPARTMENT_OFFICE,,"ADA ,GOKAK",AO,,8277927975,8277927975,"ADA ,GOKAK",,VERIFIED_FROM_OFFICIAL_SOURCE,5,789,"ADA ,GOKAK | AO | 8277927975"
KA_BELAGAVI_GOKAK_793,Karnataka,Belagavi,GOKAK,,DEPARTMENT_OFFICE,,"ADA ,GOKAK",AO,,8277934160,8277934160,"ADA ,GOKAK",,VERIFIED_FROM_OFFICIAL_SOURCE,6,793,"ADA ,GOKAK | AO | 8277934160"
KA_BELAGAVI_GOKAK_797,Karnataka,Belagavi,GOKAK,,DEPARTMENT_OFFICE,,"ADA ,GOKAK",AO,,8277934181,8277934181,"ADA ,GOKAK",,VERIFIED_FROM_OFFICIAL_SOURCE,7,797,"ADA ,GOKAK | AO | 8277934181"
KA_BELAGAVI_GOKAK_801,Karnataka,Belagavi,GOKAK,,DEPARTMENT_OFFICE,,"ADA ,GOKAK",AAO,,8884003490,8884003490,"ADA ,GOKAK",,VERIFIED_FROM_OFFICIAL_SOURCE,8,801,"ADA ,GOKAK | AAO | 8884003490"
KA_BELAGAVI_GOKAK_805,Karnataka,Belagavi,GOKAK,,DEPARTMENT_OFFICE,,"ADA ,GOKAK",-,,8277930217,8277930217,"ADA ,GOKAK",,VERIFIED_FROM_OFFICIAL_SOURCE,9,805,"ADA ,GOKAK | - | 8277930217"
KA_BELAGAVI_SAVADATTI_809,Karnataka,Belagavi,SAVADATTI,,DEPARTMENT_OFFICE,,ADA SAVADATTI,ADA,,8277934273,8277934273,ADA SAVADATTI,,VERIFIED_FROM_OFFICIAL_SOURCE,1,809,ADA SAVADATTI | ADA | 8277934273
KA_BELAGAVI_SAVADATTI_813,Karnataka,Belagavi,SAVADATTI,,DEPARTMENT_OFFICE,,ADA SAVADATTI,TECH-1,,8277934285,8277934285,ADA SAVADATTI,,VERIFIED_FROM_OFFICIAL_SOURCE,2,813,ADA SAVADATTI | TECH-1 | 8277934285
KA_BELAGAVI_SAVADATTI_817,Karnataka,Belagavi,SAVADATTI,,DEPARTMENT_OFFICE,,ADA SAVADATTI,TECH-2,,8277934279,8277934279,ADA SAVADATTI,,VERIFIED_FROM_OFFICIAL_SOURCE,3,817,ADA SAVADATTI | TECH-2 | 8277934279
KA_BELAGAVI_SAVADATTI_821,Karnataka,Belagavi,SAVADATTI,,DEPARTMENT_OFFICE,,ADA SAVADATTI,AO SAVADATTI,,8277934282,8277934282,ADA SAVADATTI,,VERIFIED_FROM_OFFICIAL_SOURCE,4,821,ADA SAVADATTI | AO SAVADATTI | 8277934282
KA_BELAGAVI_SAVADATTI_825,Karnataka,Belagavi,SAVADATTI,,DEPARTMENT_OFFICE,,ADA SAVADATTI,AO MUNAVALLI,,8277934140,8277934140,ADA SAVADATTI,,VERIFIED_FROM_OFFICIAL_SOURCE,5,825,ADA SAVADATTI | AO MUNAVALLI | 8277934140
KA_BELAGAVI_SAVADATTI_829,Karnataka,Belagavi,SAVADATTI,,DEPARTMENT_OFFICE,,ADA SAVADATTI,AO MURAGOD,,8277934284,8277934284,ADA SAVADATTI,,VERIFIED_FROM_OFFICIAL_SOURCE,6,829,ADA SAVADATTI | AO MURAGOD | 8277934284
KA_BELAGAVI_SAVADATTI_833,Karnataka,Belagavi,SAVADATTI,,DEPARTMENT_OFFICE,,ADA SAVADATTI,AO YARAGATTI,,8277927839,8277927839,ADA SAVADATTI,,VERIFIED_FROM_OFFICIAL_SOURCE,7,833,ADA SAVADATTI | AO YARAGATTI | 8277927839
KA_BIDAR_BIDAR_842,Karnataka,Bidar,Bidar,,DEPARTMENT_OFFICE,,"Joint Director of Agriculture, Behind DC Office, Bidar-585401",Joint Director of Agriculture,,8277930501,8277930501,"O/o Joint Director of Agriculture, Behind DC Office, Bidar-585401",585401,VERIFIED_FROM_OFFICIAL_SOURCE,1,842,"O/o Joint Director of Agriculture, Behind DC Office, Bidar-585401 | Joint Director of Agriculture | 8277930501"
KA_BIDAR_BIDAR_846,Karnataka,Bidar,Bidar,,DEPARTMENT_OFFICE,,"Deputy Director of Agriculture-1, JDA Office, First Floor, Behind DC Office, Bidar-585401",Deputy Director of Agriculture,,8277930502,8277930502,"O/o Deputy Director of Agriculture-1, JDA Office, First Floor, Behind DC Office, Bidar-585401",585401,VERIFIED_FROM_OFFICIAL_SOURCE,2,846,"O/o Deputy Director of Agriculture-1, JDA Office, First Floor, Behind DC Office, Bidar-585401 | Deputy Director of Agriculture | 8277930502"
KA_BIDAR_BIDAR_850,Karnataka,Bidar,Bidar,,DEPARTMENT_OFFICE,,"Deputy Director of Agriculture-2, Opp. HDFC Bank, Basavakalyan -585327",Deputy Director of Agriculture,,8277930503,8277930503,"O/o Deputy Director of Agriculture-2, Opp. HDFC Bank, Basavakalyan -585327",585327,VERIFIED_FROM_OFFICIAL_SOURCE,3,850,"O/o Deputy Director of Agriculture-2, Opp. HDFC Bank, Basavakalyan -585327 | Deputy Director of Agriculture | 8277930503"
KA_BIDAR_BIDAR_854,Karnataka,Bidar,Bidar,,DEPARTMENT_OFFICE,,"Joint Director of Agriculture, Behind DC Office, Bidar-585401",Assistant Director of Agriculture(HQA),,8277930508,8277930508,"O/o Joint Director of Agriculture, Behind DC Office, Bidar-585401",585401,VERIFIED_FROM_OFFICIAL_SOURCE,4,854,"O/o Joint Director of Agriculture, Behind DC Office, Bidar-585401 | Assistant Director of Agriculture(HQA) | 8277930508"
KA_BIDAR_BIDAR_858,Karnataka,Bidar,Bidar,,DEPARTMENT_OFFICE,,"Joint Director of Agriculture, Behind DC Office, Bidar-585401",Assistant Director of Agriculture(Vigillance),,8277930504,8277930504,"O/o Joint Director of Agriculture, Behind DC Office, Bidar-585401",585401,VERIFIED_FROM_OFFICIAL_SOURCE,5,858,"O/o Joint Director of Agriculture, Behind DC Office, Bidar-585401 | Assistant Director of Agriculture(Vigillance) | 8277930504"
KA_BIDAR_BIDAR_862,Karnataka,Bidar,Bidar,,DEPARTMENT_OFFICE,,"Joint Director of Agriculture, Behind DC Office, Bidar-585401",Assistant Director of Agriculture (SMS),,8277930520,8277930520,"O/o Joint Director of Agriculture, Behind DC Office, Bidar-585401",585401,VERIFIED_FROM_OFFICIAL_SOURCE,6,862,"O/o Joint Director of Agriculture, Behind DC Office, Bidar-585401 | Assistant Director of Agriculture (SMS) | 8277930520"
KA_BIDAR_BIDAR_866,Karnataka,Bidar,Bidar,,DEPARTMENT_OFFICE,,"Joint Director of Agriculture, Behind DC Office, Bidar-585401",Assistant Director of Agriculture (M&E),,8884003543,8884003543,"O/o Joint Director of Agriculture, Behind DC Office, Bidar-585401",585401,VERIFIED_FROM_OFFICIAL_SOURCE,7,866,"O/o Joint Director of Agriculture, Behind DC Office, Bidar-585401 | Assistant Director of Agriculture (M&E) | 8884003543"
KA_BIDAR_BIDAR_870,Karnataka,Bidar,Bidar,,DEPARTMENT_OFFICE,,"Joint Director of Agriculture, Behind DC Office, Bidar-585401",Technical Officer,,8277930510,8277930510,"O/o Joint Director of Agriculture, Behind DC Office, Bidar-585401",585401,VERIFIED_FROM_OFFICIAL_SOURCE,8,870,"O/o Joint Director of Agriculture, Behind DC Office, Bidar-585401 | Technical Officer | 8277930510"
KA_BIDAR_BIDAR_874,Karnataka,Bidar,Bidar,,DEPARTMENT_OFFICE,,"Deputy Director of Agriculture-1, JDA Office, First Floor, Behind DC Office, Bidar-585401",Technical Officer,,8277930522,8277930522,"O/o Deputy Director of Agriculture-1, JDA Office, First Floor, Behind DC Office, Bidar-585401",585401,VERIFIED_FROM_OFFICIAL_SOURCE,9,874,"O/o Deputy Director of Agriculture-1, JDA Office, First Floor, Behind DC Office, Bidar-585401 | Technical Officer | 8277930522"
KA_BIDAR_BIDAR_878,Karnataka,Bidar,Bidar,,DEPARTMENT_OFFICE,,"Deputy Director of Agriculture-2, Opp. HDFC Bank, Basavakalyan -585327",Technical Officer,,8277930512,8277930512,"O/o Deputy Director of Agriculture-2, Opp. HDFC Bank, Basavakalyan -585327",585327,VERIFIED_FROM_OFFICIAL_SOURCE,10,878,"O/o Deputy Director of Agriculture-2, Opp. HDFC Bank, Basavakalyan -585327 | Technical Officer | 8277930512"
KA_BIDAR_BIDAR_882,Karnataka,Bidar,Bidar,,DEPARTMENT_OFFICE,,"Assistant Director of Agriculture, JDA Office Campus, Behind DC Office, Bidar-585401",Assistant Director of Agriculture,,8277930507,8277930507,"O/o Assistant Director of Agriculture, JDA Office Campus, Behind DC Office, Bidar-585401",585401,VERIFIED_FROM_OFFICIAL_SOURCE,11,882,"O/o Assistant Director of Agriculture, JDA Office Campus, Behind DC Office, Bidar-585401 | Assistant Director of Agriculture | 8277930507"
KA_BIDAR_BIDAR_886,Karnataka,Bidar,Bidar,,DEPARTMENT_OFFICE,,"Assistant Director of Agriculture, JDA Office Campus, Behind DC Office, Bidar-585401",Technical Officer,,8277930511,8277930511,"O/o Assistant Director of Agriculture, JDA Office Campus, Behind DC Office, Bidar-585401",585401,VERIFIED_FROM_OFFICIAL_SOURCE,12,886,"O/o Assistant Director of Agriculture, JDA Office Campus, Behind DC Office, Bidar-585401 | Technical Officer | 8277930511"
KA_BIDAR_BIDAR_890,Karnataka,Bidar,Bidar,,DEPARTMENT_OFFICE,,"Assistant Director of Agriculture, JDA Office Campus, Behind DC Office, Bidar-585401",Technical Officer,,8277930527,8277930527,"O/o Assistant Director of Agriculture, JDA Office Campus, Behind DC Office, Bidar-585401",585401,VERIFIED_FROM_OFFICIAL_SOURCE,13,890,"O/o Assistant Director of Agriculture, JDA Office Campus, Behind DC Office, Bidar-585401 | Technical Officer | 8277930527"
KA_BIDAR_BIDAR_894,Karnataka,Bidar,Bidar,,RSK,"Bidar North, Opp.First Grade Degree College, Bidar","RSK Bidar North, Opp.First Grade Degree College, Bidar",Agriculture Officer,,8277930521,8277930521,"O/o Raita Samparka Kendra, Bidar North, Opp.First Grade Degree College, Bidar-585402",585402,VERIFIED_FROM_OFFICIAL_SOURCE,14,894,"O/o Raita Samparka Kendra, Bidar North, Opp.First Grade Degree College, Bidar-585402 | Agriculture Officer | 8277930521"
KA_BIDAR_BIDAR_898,Karnataka,Bidar,Bidar,,RSK,"Bidar South, Chitta","RSK Bidar South, Chitta",Agriculture Officer,,8277935590,8277935590; 8277930583,"O/o Raita Samparka Kendra, Bidar South, Chitta-585403",585403,VERIFIED_FROM_OFFICIAL_SOURCE,15,898,"O/o Raita Samparka Kendra, Bidar South, Chitta-585403 | Agriculture Officer | 8277935590 8277930583"
KA_BIDAR_BIDAR_902,Karnataka,Bidar,Bidar,,RSK,Kamthana,RSK Kamthana,Agriculture Officer,,8277930528,8277930528,"O/o Raita Samparka Kendra, Kamthana-585226",585226,VERIFIED_FROM_OFFICIAL_SOURCE,16,902,"O/o Raita Samparka Kendra, Kamthana-585226 | Agriculture Officer | 8277930528"
KA_BIDAR_BIDAR_906,Karnataka,Bidar,Bidar,,RSK,Mannalli,RSK Mannalli,Agriculture Officer,,8277930549,8277930549,"O/o Raita Samparka Kendra, Mannalli-585403",585403,VERIFIED_FROM_OFFICIAL_SOURCE,17,906,"O/o Raita Samparka Kendra, Mannalli-585403 | Agriculture Officer | 8277930549"
KA_BIDAR_BIDAR_910,Karnataka,Bidar,Bidar,,RSK,Bagdal,RSK Bagdal,Agriculture Officer,,8277930524,8277930524,"O/o Raita Samparka Kendra, Bagdal-585226",585226,VERIFIED_FROM_OFFICIAL_SOURCE,18,910,"O/o Raita Samparka Kendra, Bagdal-585226 | Agriculture Officer | 8277930524"
KA_BIDAR_BIDAR_914,Karnataka,Bidar,Bidar,,RSK,Janwada,RSK Janwada,Agriculture Officer,,8277930526,8277930526,"O/o Raita Samparka Kendra, Janwada-585402",585402,VERIFIED_FROM_OFFICIAL_SOURCE,19,914,"O/o Raita Samparka Kendra, Janwada-585402 | Agriculture Officer | 8277930526"
KA_BIDAR_KALLUR_ROAD_918,Karnataka,Bidar,Kallur Road,,DEPARTMENT_OFFICE,,"Assistant Director of Agriculture, Kallur Road, Humnabad-585330",Assistant Director of Agriculture,,8277930561,8277930561,"O/o Assistant Director of Agriculture, Kallur Road, Humnabad-585330",585330,VERIFIED_FROM_OFFICIAL_SOURCE,20,918,"O/o Assistant Director of Agriculture, Kallur Road, Humnabad-585330 | Assistant Director of Agriculture | 8277930561"
KA_BIDAR_KALLUR_ROAD_922,Karnataka,Bidar,Kallur Road,,DEPARTMENT_OFFICE,,"Assistant Director of Agriculture, Kallur Road, Humnabad-585330",Technical Officer,,8277930525,8277930525,"O/o Assistant Director of Agriculture, Kallur Road, Humnabad-585330",585330,VERIFIED_FROM_OFFICIAL_SOURCE,21,922,"O/o Assistant Director of Agriculture, Kallur Road, Humnabad-585330 | Technical Officer | 8277930525"
KA_BIDAR_KALLUR_ROAD_926,Karnataka,Bidar,Kallur Road,,RSK,Humnabad,RSK Humnabad,Agriculture Officer,,8277930566,8277930566,"O/o Raita Samparka Kendra, Humnabad-585330",585330,VERIFIED_FROM_OFFICIAL_SOURCE,22,926,"O/o Raita Samparka Kendra, Humnabad-585330 | Agriculture Officer | 8277930566"
KA_BIDAR_KALLUR_ROAD_930,Karnataka,Bidar,Kallur Road,,RSK,Humnabad,RSK Humnabad,Agriculture Officer,,8277930572,8277930572,"O/o Raita Samparka Kendra, Humnabad-585330",585330,VERIFIED_FROM_OFFICIAL_SOURCE,23,930,"O/o Raita Samparka Kendra, Humnabad-585330 | Agriculture Officer | 8277930572"
KA_BIDAR_KALLUR_ROAD_934,Karnataka,Bidar,Kallur Road,,RSK,Dubalgundi,RSK Dubalgundi,Agriculture Officer,,8277930533,8277930533,"O/o Raita Samparka Kendra, Dubalgundi-585418",585418,VERIFIED_FROM_OFFICIAL_SOURCE,24,934,"O/o Raita Samparka Kendra, Dubalgundi-585418 | Agriculture Officer | 8277930533"
KA_BIDAR_KALLUR_ROAD_938,Karnataka,Bidar,Kallur Road,,RSK,Chitguppa,RSK Chitguppa,Agriculture Officer,,8277930571,8277930571,"O/o Raita Samparka Kendra, Chitguppa-585412",585412,VERIFIED_FROM_OFFICIAL_SOURCE,25,938,"O/o Raita Samparka Kendra, Chitguppa-585412 | Agriculture Officer | 8277930571"
KA_BIDAR_KALLUR_ROAD_942,Karnataka,Bidar,Kallur Road,,RSK,Bemalkhed,RSK Bemalkhed,Agriculture Officer,,8277930564,8277930564,"O/o Raita Samparka Kendra, Bemalkhed- 585227",585227,VERIFIED_FROM_OFFICIAL_SOURCE,26,942,"O/o Raita Samparka Kendra, Bemalkhed- 585227 | Agriculture Officer | 8277930564"
KA_BIDAR_KALLUR_ROAD_946,Karnataka,Bidar,Kallur Road,,DEPARTMENT_OFFICE,,"Assistant Director of Agriculture, Kallur Road, Humnabad-585330",Agriculture Officer,,8277935581,8277935581,"O/o Assistant Director of Agriculture, Kallur Road, Humnabad-585330",585330,VERIFIED_FROM_OFFICIAL_SOURCE,27,946,"O/o Assistant Director of Agriculture, Kallur Road, Humnabad-585330 | Agriculture Officer | 8277935581"
KA_BIDAR_KALLUR_ROAD_950,Karnataka,Bidar,Kallur Road,,RSK,Nirna,RSK Nirna,Assistant Agriculture Officer,,8277935580,8277935580,"O/o Raita Samparka Kendra, Nirna-585227",585227,VERIFIED_FROM_OFFICIAL_SOURCE,28,950,"O/o Raita Samparka Kendra, Nirna-585227 | Assistant Agriculture Officer | 8277935580"
KA_BIDAR_KALLUR_ROAD_954,Karnataka,Bidar,Kallur Road,,DEPARTMENT_OFFICE,,"Seed Farm, Hudgi-585330",Agriculture Officer,,8277930565,8277930565,"O/o Seed Farm, Hudgi-585330",585330,VERIFIED_FROM_OFFICIAL_SOURCE,29,954,"O/o Seed Farm, Hudgi-585330 | Agriculture Officer | 8277930565"
KA_BIDAR_KALLUR_ROAD_958,Karnataka,Bidar,Kallur Road,,DEPARTMENT_OFFICE,,"Assistant Director of Agriculture, Kallur Road, Humnabad-585330",Technical Officer,,8277930562,8277930562,"O/o Assistant Director of Agriculture, Kallur Road, Humnabad-585330",585330,VERIFIED_FROM_OFFICIAL_SOURCE,30,958,"O/o Assistant Director of Agriculture, Kallur Road, Humnabad-585330 | Technical Officer | 8277930562"
KA_BIDAR_KALLUR_ROAD_962,Karnataka,Bidar,Kallur Road,,DEPARTMENT_OFFICE,,"Assistant Director of Agriculture, Opp. HDFC Bank, Basavakalyan -585327",Assistant Director of Agriculture,,8277930513,8277930513,"O/o Assistant Director of Agriculture, Opp. HDFC Bank, Basavakalyan -585327",585327,VERIFIED_FROM_OFFICIAL_SOURCE,31,962,"O/o Assistant Director of Agriculture, Opp. HDFC Bank, Basavakalyan -585327 | Assistant Director of Agriculture | 8277930513"
KA_BIDAR_KALLUR_ROAD_966,Karnataka,Bidar,Kallur Road,,DEPARTMENT_OFFICE,,"Assistant Director of Agriculture, Opp. HDFC Bank, Basavakalyan -585327",Technical Officer,,8277930543,8277930543,"O/o Assistant Director of Agriculture, Opp. HDFC Bank, Basavakalyan -585327",585327,VERIFIED_FROM_OFFICIAL_SOURCE,32,966,"O/o Assistant Director of Agriculture, Opp. HDFC Bank, Basavakalyan -585327 | Technical Officer | 8277930543"
KA_BIDAR_KALLUR_ROAD_970,Karnataka,Bidar,Kallur Road,,RSK,Mudbi,RSK Mudbi,Agriculture Officer,,8277930537,8277930537,"O/o Raita Samparka Kendra, Mudbi-585437",585437,VERIFIED_FROM_OFFICIAL_SOURCE,33,970,"O/o Raita Samparka Kendra, Mudbi-585437 | Agriculture Officer | 8277930537"
KA_BIDAR_KALLUR_ROAD_974,Karnataka,Bidar,Kallur Road,,RSK,Mudbi,RSK Mudbi,Assistant Agriculture Officer,,8277935586,8277935586,"O/o Raita Samparka Kendra, Mudbi-585437",585437,VERIFIED_FROM_OFFICIAL_SOURCE,34,974,"O/o Raita Samparka Kendra, Mudbi-585437 | Assistant Agriculture Officer | 8277935586"
KA_BIDAR_KALLUR_ROAD_978,Karnataka,Bidar,Kallur Road,,RSK,Hulsoor,RSK Hulsoor,Agriculture Officer,,8277930531,8277930531,"O/o Raita Samparka Kendra, Hulsoor-585437",585437,VERIFIED_FROM_OFFICIAL_SOURCE,35,978,"O/o Raita Samparka Kendra, Hulsoor-585437 | Agriculture Officer | 8277930531"
KA_BIDAR_KALLUR_ROAD_982,Karnataka,Bidar,Kallur Road,,RSK,Rajeshwar,RSK Rajeshwar,Agriculture Officer,,8277930530,8277930530,"O/o Raita Samparka Kendra, Rajeshwar-585437",585437,VERIFIED_FROM_OFFICIAL_SOURCE,36,982,"O/o Raita Samparka Kendra, Rajeshwar-585437 | Agriculture Officer | 8277930530"
KA_BIDAR_KALLUR_ROAD_986,Karnataka,Bidar,Kallur Road,,RSK,Nirna,RSK Nirna,Agriculture Officer,,8277930573,8277930573,"O/o Raita Samparka Kendra, Nirna-585227",585227,VERIFIED_FROM_OFFICIAL_SOURCE,37,986,"O/o Raita Samparka Kendra, Nirna-585227 | Agriculture Officer | 8277930573"
KA_BIDAR_KALLUR_ROAD_990,Karnataka,Bidar,Kallur Road,,RSK,Hallikhed,RSK Hallikhed,Agriculture Officer,,8277930574,8277930574,"O/o Raita Samparka Kendra, Hallikhed(B)-585414",585414,VERIFIED_FROM_OFFICIAL_SOURCE,38,990,"O/o Raita Samparka Kendra, Hallikhed(B)-585414 | Agriculture Officer | 8277930574"
KA_BIDAR_NEAR_SBI_BANK_994,Karnataka,Bidar,Near SBI Bank,,DEPARTMENT_OFFICE,,"Assistant Director of Agriculture, Near SBI Bank, Udgir Road, Bhalki-585328",Assistant Director of Agriculture,,8277930540,8277930540,"O/o Assistant Director of Agriculture, Near SBI Bank, Udgir Road, Bhalki-585328",585328,VERIFIED_FROM_OFFICIAL_SOURCE,39,994,"O/o Assistant Director of Agriculture, Near SBI Bank, Udgir Road, Bhalki-585328 | Assistant Director of Agriculture | 8277930540"
KA_BIDAR_NEAR_SBI_BANK_998,Karnataka,Bidar,Near SBI Bank,,DEPARTMENT_OFFICE,,"Assistant Director of Agriculture, Near SBI Bank, Udgir Road, Bhalki-585328",Technical Officer,,8277930556,8277930556,"O/o Assistant Director of Agriculture, Near SBI Bank, Udgir Road, Bhalki-585328",585328,VERIFIED_FROM_OFFICIAL_SOURCE,40,998,"O/o Assistant Director of Agriculture, Near SBI Bank, Udgir Road, Bhalki-585328 | Technical Officer | 8277930556"
KA_BIDAR_NEAR_SBI_BANK_1002,Karnataka,Bidar,Near SBI Bank,,RSK,Bhalki,RSK Bhalki,Agriculture Officer,,8277930580,8277930580,"O/o Raita Samparka Kendra, Bhalki-585328",585328,VERIFIED_FROM_OFFICIAL_SOURCE,41,1002,"O/o Raita Samparka Kendra, Bhalki-585328 | Agriculture Officer | 8277930580"
KA_BIDAR_NEAR_SBI_BANK_1006,Karnataka,Bidar,Near SBI Bank,,RSK,Lakhangoan,RSK Lakhangoan,Agriculture Officer,,8277930558,8277930558,"O/o Raita Samparka Kendra, Lakhangoan-585411",585411,VERIFIED_FROM_OFFICIAL_SOURCE,42,1006,"O/o Raita Samparka Kendra, Lakhangoan-585411 | Agriculture Officer | 8277930558"
KA_BIDAR_NEAR_SBI_BANK_1010,Karnataka,Bidar,Near SBI Bank,,RSK,Bhalki,RSK Bhalki,Assistant Agriculture Officer,,8277930559,8277930559,"O/o Raita Samparka Kendra, Bhalki-585328",585328,VERIFIED_FROM_OFFICIAL_SOURCE,43,1010,"O/o Raita Samparka Kendra, Bhalki-585328 | Assistant Agriculture Officer | 8277930559"
KA_BIDAR_NEAR_SBI_BANK_1014,Karnataka,Bidar,Near SBI Bank,,RSK,Nirna,RSK Nirna,Assistant Agriculture Officer,,8277930569,8277930569,"O/o Raita Samparka Kendra, Nirna-585227",585227,VERIFIED_FROM_OFFICIAL_SOURCE,44,1014,"O/o Raita Samparka Kendra, Nirna-585227 | Assistant Agriculture Officer | 8277930569"
KA_BIDAR_NEAR_APMC_CROSS_1018,Karnataka,Bidar,Near APMC Cross,,DEPARTMENT_OFFICE,,"Assistant Director of Agriculture, Near APMC Cross, Aurad -585326",Assistant Director of Agriculture,,8880003532,8880003532,"O/o Assistant Director of Agriculture, Near APMC Cross, Aurad -585326",585326,VERIFIED_FROM_OFFICIAL_SOURCE,45,1018,"O/o Assistant Director of Agriculture, Near APMC Cross, Aurad -585326 | Assistant Director of Agriculture | 8880003532"
KA_BIDAR_NEAR_APMC_CROSS_1022,Karnataka,Bidar,Near APMC Cross,,DEPARTMENT_OFFICE,,"Assistant Director of Agriculture, Near APMC Cross, Aurad -585326",Technical Officer,,8277930582,8277930582,"O/o Assistant Director of Agriculture, Near APMC Cross, Aurad -585326",585326,VERIFIED_FROM_OFFICIAL_SOURCE,46,1022,"O/o Assistant Director of Agriculture, Near APMC Cross, Aurad -585326 | Technical Officer | 8277930582"
KA_BIDAR_NEAR_APMC_CROSS_1026,Karnataka,Bidar,Near APMC Cross,,RSK,Chintaki,RSK Chintaki,Agriculture Officer,,8277930585,8277930585,"O/o Raita Samparka Kendra, Chintaki-585326",585326,VERIFIED_FROM_OFFICIAL_SOURCE,47,1026,"O/o Raita Samparka Kendra, Chintaki-585326 | Agriculture Officer | 8277930585"
KA_BIDAR_NEAR_APMC_CROSS_1030,Karnataka,Bidar,Near APMC Cross,,RSK,Dabka,RSK Dabka,Agriculture Officer,,8277935574,8277935574,"O/o Raita Samparka Kendra, Dabka -585326",585326,VERIFIED_FROM_OFFICIAL_SOURCE,48,1030,"O/o Raita Samparka Kendra, Dabka -585326 | Agriculture Officer | 8277935574"
KA_BIDAR_NEAR_APMC_CROSS_1034,Karnataka,Bidar,Near APMC Cross,,RSK,Kushnoor T,RSK Kushnoor T,Assistant Agriculture Officer,,8277935575,8277935575,"O/o Raita Samparka Kendra, Kushnoor T -585326",585326,VERIFIED_FROM_OFFICIAL_SOURCE,49,1034,"O/o Raita Samparka Kendra, Kushnoor T -585326 | Assistant Agriculture Officer | 8277935575"
KA_BIDAR_DISTRICT_AGRICULTURE_TRAINING_CENTRE_1038,Karnataka,Bidar,District Agriculture Training Centre,,DEPARTMENT_OFFICE,,"Assistant Director of Agriculture, District Agriculture Training Centre, Degloor Road, Aurad-585326",Assistant Director of Agriculture - ,,8277930514,8277930514,"O/o Assistant Director of Agriculture, District Agriculture Training Centre, Degloor Road, Aurad-585326",585326,VERIFIED_FROM_OFFICIAL_SOURCE,50,1038,"O/o Assistant Director of Agriculture, District Agriculture Training Centre, Degloor Road, Aurad-585326 | Assistant Director of Agriculture | 8277930514 | "
KA_BALLARI_BALLARI_1048,Karnataka,Ballari,Ballari,,DEPARTMENT_OFFICE,,"Joint Director of Agriculture, Ballari","Joint Director of Agriculture,",,8277930401,8277930401,"Joint Director of Agriculture, Ballari",,VERIFIED_FROM_OFFICIAL_SOURCE,1,1048,"Joint Director of Agriculture, Ballari | Joint Director of Agriculture, | 8277930401"
KA_BALLARI_BALLARI_1052,Karnataka,Ballari,Ballari,,DEPARTMENT_OFFICE,,"Joint Director of Agriculture, Ballari",Assistant Director of Agriculture (HQ),,8277927999,8277927999,"Joint Director of Agriculture, Ballari",,VERIFIED_FROM_OFFICIAL_SOURCE,2,1052,Assistant Director of Agriculture (HQ) | 8277927999
KA_BALLARI_BALLARI_1055,Karnataka,Ballari,Ballari,,DEPARTMENT_OFFICE,,"Joint Director of Agriculture, Ballari",Assistant Director of Agriculture (SMS) (Vigilance) Incharge,,8277928000,8277928000,"Joint Director of Agriculture, Ballari",,VERIFIED_FROM_OFFICIAL_SOURCE,3,1055,Assistant Director of Agriculture (SMS) (Vigilance) Incharge | 8277928000
KA_BALLARI_BALLARI_1058,Karnataka,Ballari,Ballari,,DEPARTMENT_OFFICE,,"Joint Director of Agriculture, Ballari",Assistant Director of Agriculture (M&E),,8277930407,8277930407,"Joint Director of Agriculture, Ballari",,VERIFIED_FROM_OFFICIAL_SOURCE,4,1058,Assistant Director of Agriculture (M&E) | 8277930407
KA_BALLARI_BALLARI_1061,Karnataka,Ballari,Ballari,,DEPARTMENT_OFFICE,,"Joint Director of Agriculture, Ballari",Assistant Director of Agriculture (SMS),,8277930406,8277930406,"Joint Director of Agriculture, Ballari",,VERIFIED_FROM_OFFICIAL_SOURCE,5,1061,Assistant Director of Agriculture (SMS) | 8277930406
KA_BALLARI_BALLARI_1064,Karnataka,Ballari,Ballari,,DEPARTMENT_OFFICE,,"Deputy Director of Agricutlure-1, Ballari",Deputy Director of Agricutlure,,8277930402,8277930402,"Deputy Director of Agricutlure-1, Ballari",,VERIFIED_FROM_OFFICIAL_SOURCE,1,1064,"Deputy Director of Agricutlure-1, Ballari | Deputy Director of Agricutlure | 8277930402"
KA_BALLARI_BALLARI_1068,Karnataka,Ballari,Ballari,,DEPARTMENT_OFFICE,,Deputy Director of Agricutlure (SPTL) Ballari,Deputy Director of Agricutlure,,8277930403,8277930403,Deputy Director of Agricutlure (SPTL) Ballari,,VERIFIED_FROM_OFFICIAL_SOURCE,1,1068,Deputy Director of Agricutlure (SPTL) Ballari | Deputy Director of Agricutlure | 8277930403
KA_BALLARI_BALLARI_1072,Karnataka,Ballari,Ballari,,DEPARTMENT_OFFICE,,Deputy Director of Agricutlure (SPTL) Ballari,Agriculture Officer,,8277931169,8277931169,Deputy Director of Agricutlure (SPTL) Ballari,,VERIFIED_FROM_OFFICIAL_SOURCE,2,1072,Agriculture Officer | 8277931169
KA_BALLARI_BALLARI_1075,Karnataka,Ballari,Ballari,,DEPARTMENT_OFFICE,,"Assistant Director of Agricutlure, Ballari",Assistant Director of Agriculture,,8277934294,8277934294,"Assistant Director of Agricutlure, Ballari",,VERIFIED_FROM_OFFICIAL_SOURCE,1,1075,"Assistant Director of Agricutlure, Ballari | Assistant Director of Agriculture | 8277934294"
KA_BALLARI_BALLARI_1079,Karnataka,Ballari,Ballari,,DEPARTMENT_OFFICE,,"Assistant Director of Agricutlure, Ballari",Agriculture Officer,,8277934295,8277934295,"Assistant Director of Agricutlure, Ballari",,VERIFIED_FROM_OFFICIAL_SOURCE,2,1079,Agriculture Officer | 8277934295
KA_BALLARI_BALLARI_1082,Karnataka,Ballari,Ballari,,DEPARTMENT_OFFICE,,"Assistant Director of Agricutlure, Ballari",Agriculture Officer,,8277934300,8277934300,"Assistant Director of Agricutlure, Ballari",,VERIFIED_FROM_OFFICIAL_SOURCE,3,1082,Agriculture Officer | 8277934300
KA_BALLARI_BALLARI_1085,Karnataka,Ballari,Ballari,,DEPARTMENT_OFFICE,,"Assistant Director of Agricutlure, Ballari",Agriculture Officer,,8277928081,8277928081,"Assistant Director of Agricutlure, Ballari",,VERIFIED_FROM_OFFICIAL_SOURCE,4,1085,Agriculture Officer | 8277928081
KA_BALLARI_BALLARI_1088,Karnataka,Ballari,Ballari,,DEPARTMENT_OFFICE,,"Assistant Director of Agricutlure, Ballari",Agriculture Officer,,8277930411,8277930411,"Assistant Director of Agricutlure, Ballari",,VERIFIED_FROM_OFFICIAL_SOURCE,5,1088,Agriculture Officer | 8277930411
KA_BALLARI_BALLARI_1091,Karnataka,Ballari,Ballari,,DEPARTMENT_OFFICE,,"Assistant Director of Agricutlure, Ballari",Agriculture Officer,,8277930419,8277930419,"Assistant Director of Agricutlure, Ballari",,VERIFIED_FROM_OFFICIAL_SOURCE,6,1091,Agriculture Officer | 8277930419
KA_BALLARI_BALLARI_1094,Karnataka,Ballari,Ballari,,DEPARTMENT_OFFICE,,"Assistant Director of Agricutlure, Ballari",Agriculture Officer,,8277934297,8277934297,"Assistant Director of Agricutlure, Ballari",,VERIFIED_FROM_OFFICIAL_SOURCE,7,1094,Agriculture Officer | 8277934297
KA_BALLARI_BALLARI_1097,Karnataka,Ballari,Ballari,,DEPARTMENT_OFFICE,,"Assistant Director of Agricutlure, Ballari",Agriculture Officer,,8277930425,8277930425,"Assistant Director of Agricutlure, Ballari",,VERIFIED_FROM_OFFICIAL_SOURCE,8,1097,Agriculture Officer | 8277930425
KA_BALLARI_BALLARI_1100,Karnataka,Ballari,Ballari,,DEPARTMENT_OFFICE,,"Assistant Director of Agricutlure, Ballari",Agriculture Officer,,8277930422,8277930422,"Assistant Director of Agricutlure, Ballari",,VERIFIED_FROM_OFFICIAL_SOURCE,9,1100,Agriculture Officer | 8277930422
KA_BALLARI_BALLARI_1103,Karnataka,Ballari,Ballari,,DEPARTMENT_OFFICE,,"Assistant Director of Agricutlure, Ballari",Assistant Agriculture Officer,,8277928131,8277928131,"Assistant Director of Agricutlure, Ballari",,VERIFIED_FROM_OFFICIAL_SOURCE,10,1103,Assistant Agriculture Officer | 8277928131
KA_BALLARI_BALLARI_1106,Karnataka,Ballari,Ballari,,DEPARTMENT_OFFICE,,"Assistant Director of Agricutlure, Ballari",Assistant Agriculture Officer,,8277930412,8277930412,"Assistant Director of Agricutlure, Ballari",,VERIFIED_FROM_OFFICIAL_SOURCE,11,1106,Assistant Agriculture Officer | 8277930412
KA_BALLARI_BALLARI_1109,Karnataka,Ballari,Ballari,,DEPARTMENT_OFFICE,,"Assistant Director of Agricutlure, Ballari",Assistant Agriculture Officer,,8277928108,8277928108,"Assistant Director of Agricutlure, Ballari",,VERIFIED_FROM_OFFICIAL_SOURCE,12,1109,Assistant Agriculture Officer | 8277928108
KA_BALLARI_BALLARI_1112,Karnataka,Ballari,Ballari,,DEPARTMENT_OFFICE,,"Assistant Director of Agricutlure, Ballari",Assistant Agriculture Officer,,8277354524,8277354524,"Assistant Director of Agricutlure, Ballari",,VERIFIED_FROM_OFFICIAL_SOURCE,13,1112,Assistant Agriculture Officer | 8277354524
KA_BALLARI_SIRUGUPPA_1115,Karnataka,Ballari,Siruguppa,,DEPARTMENT_OFFICE,,"Assistant Director of Agricutlure, Siruguppa",Assistant Director of Agriculture,,8277930426,8277930426,"Assistant Director of Agricutlure, Siruguppa",,VERIFIED_FROM_OFFICIAL_SOURCE,1,1115,"Assistant Director of Agricutlure, Siruguppa | Assistant Director of Agriculture | 8277930426"
KA_BALLARI_SIRUGUPPA_1119,Karnataka,Ballari,Siruguppa,,DEPARTMENT_OFFICE,,"Assistant Director of Agricutlure, Siruguppa",Agriculture Officer (Technical Officer),,8277934301,8277934301,"Assistant Director of Agricutlure, Siruguppa",,VERIFIED_FROM_OFFICIAL_SOURCE,2,1119,Agriculture Officer (Technical Officer) | 8277934301
KA_BALLARI_SIRUGUPPA_1122,Karnataka,Ballari,Siruguppa,,RSK,"Assistant Director of Agricutlure, Siruguppa","RSK Assistant Director of Agricutlure, Siruguppa","Agriculture Officer, Hatchholli",,8277928176,8277928176,"Assistant Director of Agricutlure, Siruguppa",,VERIFIED_FROM_OFFICIAL_SOURCE,3,1122,"Agriculture Officer, Hatchholli | 8277928176"
KA_BALLARI_SIRUGUPPA_1125,Karnataka,Ballari,Siruguppa,,RSK,"Assistant Director of Agricutlure, Siruguppa","RSK Assistant Director of Agricutlure, Siruguppa","Agriculture Officer, Tekkalakote",,8277928182,8277928182,"Assistant Director of Agricutlure, Siruguppa",,VERIFIED_FROM_OFFICIAL_SOURCE,4,1125,"Agriculture Officer, Tekkalakote | 8277928182"
KA_BALLARI_SIRUGUPPA_1128,Karnataka,Ballari,Siruguppa,,RSK,"Assistant Director of Agricutlure, Siruguppa","RSK Assistant Director of Agricutlure, Siruguppa","Agriculture Officer, Tekkalakote",,8277934303,8277934303,"Assistant Director of Agricutlure, Siruguppa",,VERIFIED_FROM_OFFICIAL_SOURCE,5,1128,"Agriculture Officer, Tekkalakote | 8277934303"
KA_BALLARI_SIRUGUPPA_1131,Karnataka,Ballari,Siruguppa,,RSK,"Assistant Director of Agricutlure, Siruguppa","RSK Assistant Director of Agricutlure, Siruguppa","Agriculture Officer, Karur",,8277934302,8277934302,"Assistant Director of Agricutlure, Siruguppa",,VERIFIED_FROM_OFFICIAL_SOURCE,6,1131,"Agriculture Officer, Karur | 8277934302"
KA_BALLARI_SIRUGUPPA_1134,Karnataka,Ballari,Siruguppa,,RSK,"Raitha Samprka Kendra, Kampli","RSK Raitha Samprka Kendra, Kampli","Agriculture Officer,",,8277930453,8277930453,"Raitha Samprka Kendra, Kampli",,VERIFIED_FROM_OFFICIAL_SOURCE,1,1134,"Raitha Samprka Kendra, Kampli | Agriculture Officer, | 8277930453"
KA_BALLARI_SIRUGUPPA_1138,Karnataka,Ballari,Siruguppa,,RSK,"Raitha Samprka Kendra, Kampli","RSK Raitha Samprka Kendra, Kampli",Assistant Agriculture Officer,,8277930446,8277930446,"Raitha Samprka Kendra, Kampli",,VERIFIED_FROM_OFFICIAL_SOURCE,2,1138,Assistant Agriculture Officer | 8277930446
KA_BALLARI_SANDUR_1141,Karnataka,Ballari,Sandur,,DEPARTMENT_OFFICE,,"Assistant Director of Agricutlure, Sandur",Assistant Director of Agriculture,,8277930433,8277930433,"Assistant Director of Agricutlure, Sandur",,VERIFIED_FROM_OFFICIAL_SOURCE,1,1141,"Assistant Director of Agricutlure, Sandur | Assistant Director of Agriculture | 8277930433"
KA_BALLARI_SANDUR_1145,Karnataka,Ballari,Sandur,,DEPARTMENT_OFFICE,,"Assistant Director of Agricutlure, Sandur","Agriculture Officer,",,8277930434,8277930434,"Assistant Director of Agricutlure, Sandur",,VERIFIED_FROM_OFFICIAL_SOURCE,2,1145,"Agriculture Officer, | 8277930434"
KA_CHIKKABALLAPURA_CHIKKABALLAPURA_1153,Karnataka,Chikkaballapura,Chikkaballapura,,DEPARTMENT_OFFICE,,"JDA Office, Chikkaballapur",JDA,,8277930801,8277930801,"O/o JDA Office, Chikkaballapur",,VERIFIED_FROM_OFFICIAL_SOURCE,1,1153,"O/o JDA Office, Chikkaballapur | JDA | 8277930801"
KA_CHIKKABALLAPURA_CHIKKABALLAPURA_1157,Karnataka,Chikkaballapura,Chikkaballapura,,DEPARTMENT_OFFICE,,"JDA Office, Chikkaballapur",TO-1,,8277930804,8277930804,"O/o JDA Office, Chikkaballapur",,VERIFIED_FROM_OFFICIAL_SOURCE,2,1157,"O/o JDA Office, Chikkaballapur | TO-1 | 8277930804"
KA_CHIKKABALLAPURA_CHIKKABALLAPURA_1161,Karnataka,Chikkaballapura,Chikkaballapura,,DEPARTMENT_OFFICE,,"JDA Office, Chikkaballapur",To-2,,8277930825,8277930825,"O/o JDA Office, Chikkaballapur",,VERIFIED_FROM_OFFICIAL_SOURCE,3,1161,"O/o JDA Office, Chikkaballapur | To-2 | 8277930825"
KA_CHIKKABALLAPURA_CHIKKABALLAPURA_1165,Karnataka,Chikkaballapura,Chikkaballapura,,DEPARTMENT_OFFICE,,"JDA Office, Chikkaballapur",ADA,,8884003581,8884003581,"O/o JDA Office, Chikkaballapur",,VERIFIED_FROM_OFFICIAL_SOURCE,4,1165,"O/o JDA Office, Chikkaballapur | ADA | 8884003581"
KA_CHIKKABALLAPURA_CHIKKABALLAPURA_1169,Karnataka,Chikkaballapura,Chikkaballapura,,DEPARTMENT_OFFICE,,"JDA Office, Chikkaballapur",ADA (vigilance),,8884003563,8884003563,"JDA Office, Chikkaballapur",,VERIFIED_FROM_OFFICIAL_SOURCE,5,1169,"JDA Office, Chikkaballapur | ADA (vigilance) | 8884003563"
KA_CHIKKABALLAPURA_CHIKKABALLAPURA_1173,Karnataka,Chikkaballapura,Chikkaballapura,,DEPARTMENT_OFFICE,,"JDA Office, Chikkaballapur",ADA HQ,,8277930806,8277930806,"JDA Office, Chikkaballapur",,VERIFIED_FROM_OFFICIAL_SOURCE,6,1173,"JDA Office, Chikkaballapur | ADA HQ | 8277930806"
KA_CHIKKABALLAPURA_CHIKKABALLAPURA_1177,Karnataka,Chikkaballapura,Chikkaballapura,,DEPARTMENT_OFFICE,,"JDA Office, Chikkaballapur",ADA (M&E),,8884003604,8884003604,"JDA Office, Chikkaballapur",,VERIFIED_FROM_OFFICIAL_SOURCE,7,1177,"JDA Office, Chikkaballapur | ADA (M&E) | 8884003604"
KA_CHIKKABALLAPURA_CHIKKABALLAPURA_1181,Karnataka,Chikkaballapura,Chikkaballapura,,DEPARTMENT_OFFICE,,"JDA Office, Chikkaballapur",ADA (SMS),,8884003589,8884003589,"JDA Office, Chikkaballapur",,VERIFIED_FROM_OFFICIAL_SOURCE,8,1181,"JDA Office, Chikkaballapur | ADA (SMS) | 8884003589"
KA_CHIKKABALLAPURA_CHIKKABALLAPURA_1185,Karnataka,Chikkaballapura,Chikkaballapura,,DEPARTMENT_OFFICE,,"DDA1Office, Chikkaballapur",DDA-1,,8277930802,8277930802,"O/o DDA1Office, Chikkaballapur",,VERIFIED_FROM_OFFICIAL_SOURCE,9,1185,"O/o DDA1Office, Chikkaballapur | DDA-1 | 8277930802"
KA_CHIKKABALLAPURA_CHIKKABALLAPURA_1189,Karnataka,Chikkaballapura,Chikkaballapura,,DEPARTMENT_OFFICE,,"DDA 1 Office,Chikkaballapur",TO-1,,8884003614,8884003614,"DDA 1 Office,Chikkaballapur",,VERIFIED_FROM_OFFICIAL_SOURCE,10,1189,"DDA 1 Office,Chikkaballapur | TO-1 | 8884003614"
KA_CHIKKABALLAPURA_CHIKKABALLAPURA_1193,Karnataka,Chikkaballapura,Chikkaballapura,,DEPARTMENT_OFFICE,,"DDA 1 Office,Chikkaballapur",TO-2,,8277930811,8277930811,"DDA 1 Office,Chikkaballapur",,VERIFIED_FROM_OFFICIAL_SOURCE,11,1193,"DDA 1 Office,Chikkaballapur | TO-2 | 8277930811"
KA_CHIKKABALLAPURA_CHIKKABALLAPURA_1197,Karnataka,Chikkaballapura,Chikkaballapura,,DEPARTMENT_OFFICE,,"DDA2 Office, Chintamani",DDA-2,,8277930803,8277930803,"O/o DDA2 Office, Chintamani",,VERIFIED_FROM_OFFICIAL_SOURCE,12,1197,"O/o DDA2 Office, Chintamani | DDA-2 | 8277930803"
KA_CHIKKABALLAPURA_CHIKKABALLAPURA_1201,Karnataka,Chikkaballapura,Chikkaballapura,,DEPARTMENT_OFFICE,,"DDA2 Office, Chintamani",To-2,,8277930813,8277930813,"O/o DDA2 Office, Chintamani",,VERIFIED_FROM_OFFICIAL_SOURCE,13,1201,"O/o DDA2 Office, Chintamani | To-2 | 8277930813"
KA_CHIKKABALLAPURA_CHICKBALLAPRURA_1205,Karnataka,Chikkaballapura,CHICKBALLAPRURA,,DEPARTMENT_OFFICE,,"ADA office, CHICKBALLAPRURA",ADA,,8277928383,8277928383,"O/o ADA office, CHICKBALLAPRURA",,VERIFIED_FROM_OFFICIAL_SOURCE,14,1205,"O/o ADA office, CHICKBALLAPRURA | ADA | 8277928383"
KA_CHIKKABALLAPURA_CHICKABALLAPUR_1209,Karnataka,Chikkaballapura,Chickaballapur,,DEPARTMENT_OFFICE,,"Nandhi, ADA office, Chickaballapur",AO,,8884003802,8884003802,"Nandhi, ADA office, Chickaballapur",,VERIFIED_FROM_OFFICIAL_SOURCE,15,1209,"Nandhi, ADA office, Chickaballapur | AO | 8884003802"
KA_CHIKKABALLAPURA_CHIKKABALLAPUR_1213,Karnataka,Chikkaballapura,Chikkaballapur,,DEPARTMENT_OFFICE,,"Kasaba, ADA Office, Chikkaballapur",TO,,8884003624,8884003624,"Kasaba, ADA Office, Chikkaballapur",,VERIFIED_FROM_OFFICIAL_SOURCE,16,1213,"Kasaba, ADA Office, Chikkaballapur | TO | 8884003624"
KA_CHIKKABALLAPURA_CHIKKABALLAPUR_1217,Karnataka,Chikkaballapura,Chikkaballapur,,DEPARTMENT_OFFICE,,"Mandikal, ADA Office, Chikkaballapur",AO,,8277930817,8277930817,"Mandikal, ADA Office, Chikkaballapur",,VERIFIED_FROM_OFFICIAL_SOURCE,17,1217,"Mandikal, ADA Office, Chikkaballapur | AO | 8277930817"
KA_CHIKKABALLAPURA_BAGEPALLI_1221,Karnataka,Chikkaballapura,Bagepalli,,DEPARTMENT_OFFICE,,"ADA Office, Bagepalli",ADA,,8277930828,8277930828,"O/o ADA Office, Bagepalli",,VERIFIED_FROM_OFFICIAL_SOURCE,18,1221,"O/o ADA Office, Bagepalli | ADA | 8277930828"
KA_CHIKKABALLAPURA_BAGEPALLI_1225,Karnataka,Chikkaballapura,Bagepalli,,RSK,"O/oKasaba, ADA Office, Bagepalli","RSK O/oKasaba, ADA Office, Bagepalli",AO,,8884003725,8884003725,"O/oKasaba, ADA Office, Bagepalli",,VERIFIED_FROM_OFFICIAL_SOURCE,19,1225,"O/oKasaba, ADA Office, Bagepalli | AO | 8884003725"
KA_CHIKKABALLAPURA_BAGEPALLI_1229,Karnataka,Chikkaballapura,Bagepalli,,DEPARTMENT_OFFICE,,"O/oPathpalya, ADA Office, Bagepalli",AO,,8884003768,8884003768,"O/oPathpalya, ADA Office, Bagepalli",,VERIFIED_FROM_OFFICIAL_SOURCE,20,1229,"O/oPathpalya, ADA Office, Bagepalli | AO | 8884003768"
KA_CHIKKABALLAPURA_BAGEPALLI_1233,Karnataka,Chikkaballapura,Bagepalli,,DEPARTMENT_OFFICE,,"Gulur,ADA office, Bagepalli",AO,,8884003768,8884003768,"Gulur,ADA office, Bagepalli",,VERIFIED_FROM_OFFICIAL_SOURCE,21,1233,"Gulur,ADA office, Bagepalli | AO | 8884003768"
KA_CHIKKABALLAPURA_BAGEPALLI_1237,Karnataka,Chikkaballapura,Bagepalli,,DEPARTMENT_OFFICE,,"Cheluru,ADA office, Bagepalli",AO,,8884003768,8884003768,"Cheluru,ADA office, Bagepalli",,VERIFIED_FROM_OFFICIAL_SOURCE,22,1237,"Cheluru,ADA office, Bagepalli | AO | 8884003768"
KA_CHIKKABALLAPURA_BAGEPALLI_1241,Karnataka,Chikkaballapura,Bagepalli,,DEPARTMENT_OFFICE,,"Mittemari, ADA office, Bagepalli",AO,,8884003725,8884003725,"Mittemari, ADA office, Bagepalli",,VERIFIED_FROM_OFFICIAL_SOURCE,23,1241,"Mittemari, ADA office, Bagepalli | AO | 8884003725"
KA_CHIKKABALLAPURA_GOWRIBIDANUR_1245,Karnataka,Chikkaballapura,Gowribidanur,,DEPARTMENT_OFFICE,,"ADA office, Gowribidanur",ADA,,8277930834,8277930834,"O/o ADA office, Gowribidanur",,VERIFIED_FROM_OFFICIAL_SOURCE,24,1245,"O/o ADA office, Gowribidanur | ADA | 8277930834"
KA_CHIKKABALLAPURA_GOWRIBIDANUR_1249,Karnataka,Chikkaballapura,Gowribidanur,,DEPARTMENT_OFFICE,,"Manchenahalli, ADA office, Gowribidanur",AO-1,,8277930848,8277930848,"O/o Manchenahalli, ADA office, Gowribidanur",,VERIFIED_FROM_OFFICIAL_SOURCE,25,1249,"O/o Manchenahalli, ADA office, Gowribidanur | AO-1 | 8277930848"
KA_CHIKKABALLAPURA_GOWRIBIDANUR_1253,Karnataka,Chikkaballapura,Gowribidanur,,DEPARTMENT_OFFICE,,"Manchenahalli, ADA office, Gowribidanur",AO-2,,8277930836,8277930836,"O/o Manchenahalli, ADA office, Gowribidanur",,VERIFIED_FROM_OFFICIAL_SOURCE,26,1253,"O/o Manchenahalli, ADA office, Gowribidanur | AO-2 | 8277930836"
KA_CHIKKABALLAPURA_GOWRIBIDANUR_1257,Karnataka,Chikkaballapura,Gowribidanur,,DEPARTMENT_OFFICE,,"D.Palya, ADA office, Gowribidanur",AO,,8277930838,8277930838,"O/o D.Palya, ADA office, Gowribidanur",,VERIFIED_FROM_OFFICIAL_SOURCE,27,1257,"O/o D.Palya, ADA office, Gowribidanur | AO | 8277930838"
KA_CHIKKABALLAPURA_GOWRIBIDANUR_1261,Karnataka,Chikkaballapura,Gowribidanur,,DEPARTMENT_OFFICE,,"D.Palya, ADA office, Gowribidanur","Kasaba ADA office, Gowribidanur",,8277930845,8277930845,"O/o D.Palya, ADA office, Gowribidanur",,VERIFIED_FROM_OFFICIAL_SOURCE,28,1261,"Kasaba ADA office, Gowribidanur | 8277930845"
KA_CHIKKABALLAPURA_GOWRIBIDANUR_1264,Karnataka,Chikkaballapura,Gowribidanur,,DEPARTMENT_OFFICE,,"Thondebavi, ADA office, Gowribidanur",AO,,8277930839,8277930839,"O/o Thondebavi, ADA office, Gowribidanur",,VERIFIED_FROM_OFFICIAL_SOURCE,29,1264,"O/o Thondebavi, ADA office, Gowribidanur | AO | 8277930839"
KA_CHIKKABALLAPURA_GOWRIBIDANUR_1268,Karnataka,Chikkaballapura,Gowribidanur,,DEPARTMENT_OFFICE,,"Hosur,ADA office, Gowribidanur",AO,,8277930845,8277930845,"O/o Hosur,ADA office, Gowribidanur",,VERIFIED_FROM_OFFICIAL_SOURCE,30,1268,"O/o Hosur,ADA office, Gowribidanur | AO | 8277930845"
KA_CHIKKABALLAPURA_GOWRIBIDANUR_1272,Karnataka,Chikkaballapura,Gowribidanur,,RSK,"O/oKasaba, ADA office, Gowribidanur","RSK O/oKasaba, ADA office, Gowribidanur",AAO,,8277930843,8277930843,"O/oKasaba, ADA office, Gowribidanur",,VERIFIED_FROM_OFFICIAL_SOURCE,31,1272,"O/oKasaba, ADA office, Gowribidanur | AAO | 8277930843"
KA_CHIKKABALLAPURA_GOWRIBIDANUR_1276,Karnataka,Chikkaballapura,Gowribidanur,,DEPARTMENT_OFFICE,,"O/oNagaragere, ADA office, Gowribidanur",AAO,,8277930847,8277930847,"O/oNagaragere, ADA office, Gowribidanur",,VERIFIED_FROM_OFFICIAL_SOURCE,32,1276,"O/oNagaragere, ADA office, Gowribidanur | AAO | 8277930847"
KA_CHIKKABALLAPURA_GUDIBANDE_1280,Karnataka,Chikkaballapura,Gudibande,,DEPARTMENT_OFFICE,,"ADA Office, Gudibande","ADA,",,8277930832,8277930832,"O/o ADA Office, Gudibande",,VERIFIED_FROM_OFFICIAL_SOURCE,33,1280,"O/o ADA Office, Gudibande | ADA, | 8277930832"
KA_CHIKKABALLAPURA_GUDIBANDE_1284,Karnataka,Chikkaballapura,Gudibande,,DEPARTMENT_OFFICE,,ADA office Gudibande,TO-1,,8277930850,8277930850,O/o ADA office Gudibande,,VERIFIED_FROM_OFFICIAL_SOURCE,34,1284,O/o ADA office Gudibande | TO-1 | 8277930850
KA_CHIKKABALLAPURA_GUDIBANDE_TO_1288,Karnataka,Chikkaballapura,Gudibande TO,,DEPARTMENT_OFFICE,,"O/oSomenahalli, ADA office Gudibande TO-1",A.O.,,8884003814,8884003814,"O/oSomenahalli, ADA office Gudibande TO-1",,VERIFIED_FROM_OFFICIAL_SOURCE,35,1288,"O/oSomenahalli, ADA office Gudibande TO-1 | A.O. | 8884003814"
KA_CHIKKABALLAPURA_GUDIBANDE_1292,Karnataka,Chikkaballapura,Gudibande,,DEPARTMENT_OFFICE,,"O/oKasaba, ADA office Gudibande",A.O.,,8884003844,8884003844,"O/oKasaba, ADA office Gudibande",,VERIFIED_FROM_OFFICIAL_SOURCE,36,1292,"O/oKasaba, ADA office Gudibande | A.O. | 8884003844"
KA_CHIKKABALLAPURA_CHINTAMANI_1296,Karnataka,Chikkaballapura,Chintamani,,DEPARTMENT_OFFICE,,"ADA Office, Chintamani",ADA,,8277930810,8277930810,"O/o ADA Office, Chintamani",,VERIFIED_FROM_OFFICIAL_SOURCE,37,1296,"O/o ADA Office, Chintamani | ADA | 8277930810"
KA_CHIKKABALLAPURA_CHINTAMANI_1300,Karnataka,Chikkaballapura,Chintamani,,DEPARTMENT_OFFICE,,"O/o, ADA Office, Chintamani",TO1,,8277932013,8277932013,"O/o, ADA Office, Chintamani",,VERIFIED_FROM_OFFICIAL_SOURCE,38,1300,"O/o, ADA Office, Chintamani | TO1 | 8277932013"
KA_CHIKKABALLAPURA_CHINTAMANI_1304,Karnataka,Chikkaballapura,Chintamani,,DEPARTMENT_OFFICE,,"O/o, ADA Office, Chintamani",TO-2,,8277930812,8277930812,"O/o, ADA Office, Chintamani",,VERIFIED_FROM_OFFICIAL_SOURCE,39,1304,"O/o, ADA Office, Chintamani | TO-2 | 8277930812"
KA_CHIKKABALLAPURA_CHINTAMANI_1308,Karnataka,Chikkaballapura,Chintamani,,DEPARTMENT_OFFICE,,"Munganahalli,ADA Office, Chintamani",AO,,8277928282,8277928282,"O/o Munganahalli,ADA Office, Chintamani",,VERIFIED_FROM_OFFICIAL_SOURCE,40,1308,"O/o Munganahalli,ADA Office, Chintamani | AO | 8277928282"
KA_CHIKKABALLAPURA_CHINTAMANI_1312,Karnataka,Chikkaballapura,Chintamani,,RSK,"O/oKasaba, ADA Office, Chintamani","RSK O/oKasaba, ADA Office, Chintamani",AO,,8277930830,8277930830,"O/oKasaba, ADA Office, Chintamani",,VERIFIED_FROM_OFFICIAL_SOURCE,41,1312,"O/oKasaba, ADA Office, Chintamani | AO | 8277930830"
KA_CHIKKABALLAPURA_CHINTAMANI_1316,Karnataka,Chikkaballapura,Chintamani,,DEPARTMENT_OFFICE,,"Ambajidurga, ADA Office, Chintamani",AO,,8884003697,8884003697,"O/o Ambajidurga, ADA Office, Chintamani",,VERIFIED_FROM_OFFICIAL_SOURCE,42,1316,"O/o Ambajidurga, ADA Office, Chintamani | AO | 8884003697"
KA_CHIKKABALLAPURA_CHINTAMANI_1320,Karnataka,Chikkaballapura,Chintamani,,DEPARTMENT_OFFICE,,"Ambajidurga, ADA Office, Chintamani",AAO,,8884003722,8884003722,"O/o Ambajidurga, ADA Office, Chintamani",,VERIFIED_FROM_OFFICIAL_SOURCE,43,1320,"O/o Ambajidurga, ADA Office, Chintamani | AAO | 8884003722"
KA_CHIKKABALLAPURA_CHINTAMANI_1324,Karnataka,Chikkaballapura,Chintamani,,DEPARTMENT_OFFICE,,"Kaivara, ADA office, Chintamani",AAO,,8884003883,8884003883,"Kaivara, ADA office, Chintamani",,VERIFIED_FROM_OFFICIAL_SOURCE,44,1324,"Kaivara, ADA office, Chintamani | AAO | 8884003883"
KA_CHIKKABALLAPURA_CHINTAMANI_1328,Karnataka,Chikkaballapura,Chintamani,,DEPARTMENT_OFFICE,,"Kencharalahalli, ADA Office, Chintamani",AO,,8277928292,8277928292,"O/o Kencharalahalli, ADA Office, Chintamani",,VERIFIED_FROM_OFFICIAL_SOURCE,45,1328,"O/o Kencharalahalli, ADA Office, Chintamani | AO | 8277928292"
KA_CHIKKABALLAPURA_CHINTAMANI_1332,Karnataka,Chikkaballapura,Chintamani,,DEPARTMENT_OFFICE,,"Murugamalla, ADA Office, Chintamani",AO,,8884003668,8884003668,"O/o Murugamalla, ADA Office, Chintamani",,VERIFIED_FROM_OFFICIAL_SOURCE,46,1332,"O/o Murugamalla, ADA Office, Chintamani | AO | 8884003668"
KA_CHIKKABALLAPURA_SHIDLAGATTA_1336,Karnataka,Chikkaballapura,Shidlagatta,,DEPARTMENT_OFFICE,,"ADA office, Shidlagatta",ADA,,8277930857,8277930857,"O/o ADA office, Shidlagatta",,VERIFIED_FROM_OFFICIAL_SOURCE,47,1336,"O/o ADA office, Shidlagatta | ADA | 8277930857"
KA_CHIKKABALLAPURA_SHIDLAGATTA_1340,Karnataka,Chikkaballapura,Shidlagatta,,DEPARTMENT_OFFICE,,"ADA office, Shidlagatta",TO-1,,8277930854,8277930854,"O/o ADA office, Shidlagatta",,VERIFIED_FROM_OFFICIAL_SOURCE,48,1340,"O/o ADA office, Shidlagatta | TO-1 | 8277930854"
KA_CHIKKABALLAPURA_SHIDLAGATTA_1344,Karnataka,Chikkaballapura,Shidlagatta,,DEPARTMENT_OFFICE,,"Jangamakote, ADA office, Shidlagatta",AO,,8277930852,8277930852,"O/o Jangamakote, ADA office, Shidlagatta",,VERIFIED_FROM_OFFICIAL_SOURCE,49,1344,"O/o Jangamakote, ADA office, Shidlagatta | AO | 8277930852"
KA_CHIKKABALLAPURA_SHIDLAGATTA_1348,Karnataka,Chikkaballapura,Shidlagatta,,DEPARTMENT_OFFICE,,"Sadali, ADA Office, Shidlagatta",AO,,8277930859,8277930859,"Sadali, ADA Office, Shidlagatta",,VERIFIED_FROM_OFFICIAL_SOURCE,50,1348,"Sadali, ADA Office, Shidlagatta | AO | 8277930859"
KA_CHIKKABALLAPURA_SHIDLAGATTA_1352,Karnataka,Chikkaballapura,Shidlagatta,,RSK,"Kasaba, ADA Office, Shidlagatta","RSK Kasaba, ADA Office, Shidlagatta",AO,,8277930860,8277930860,"Kasaba, ADA Office, Shidlagatta",,VERIFIED_FROM_OFFICIAL_SOURCE,51,1352,"Kasaba, ADA Office, Shidlagatta | AO | 8277930860"
KA_CHIKKABALLAPURA_SHIDLAGATTA_1356,Karnataka,Chikkaballapura,Shidlagatta,,DEPARTMENT_OFFICE,,"Bashettahalli, ADA Office, Shidlagatta",AO,,8277930861,8277930861,"Bashettahalli, ADA Office, Shidlagatta",,VERIFIED_FROM_OFFICIAL_SOURCE,52,1356,"Bashettahalli, ADA Office, Shidlagatta | AO | 8277930861"
KA_CHIKKABALLAPURA_SHIDLAGATTA_1360,Karnataka,Chikkaballapura,Shidlagatta,,DEPARTMENT_OFFICE,,"ADA office, DATC, Kagati",ADA ( FW),,8277930862,8277930862,"O/o ADA office, DATC, Kagati",,VERIFIED_FROM_OFFICIAL_SOURCE,53,1360,"O/o ADA office, DATC, Kagati | ADA ( FW) | 8277930862"
KA_CHIKKABALLAPURA_SHIDLAGATTA_1364,Karnataka,Chikkaballapura,Shidlagatta,,DEPARTMENT_OFFICE,,"DATC, Kagathi",ADA DATC,,8884003876,8884003876,"DATC, Kagathi",,VERIFIED_FROM_OFFICIAL_SOURCE,54,1364,"DATC, Kagathi | ADA DATC | 8884003876"
KA_CHAMARAJANAGAR_CHAMARAJANAGAR_1373,Karnataka,Chamarajanagar,Chamarajanagar,,DEPARTMENT_OFFICE,,"JDA, Chamarajanagar",JDA,,8277930760,8277930760,"O/o JDA, Chamarajanagar",,VERIFIED_FROM_OFFICIAL_SOURCE,1,1373,"O/o JDA, Chamarajanagar | JDA | 8277930760"
KA_CHAMARAJANAGAR_CHAMARAJANAGAR_1377,Karnataka,Chamarajanagar,Chamarajanagar,,DEPARTMENT_OFFICE,,"JDA, Chamarajanagar",ADA,,8277930772,8277930772,"O/o JDA, Chamarajanagar",,VERIFIED_FROM_OFFICIAL_SOURCE,2,1377,"O/o JDA, Chamarajanagar | ADA | 8277930772"
KA_CHAMARAJANAGAR_CHAMARAJANAGAR_1381,Karnataka,Chamarajanagar,Chamarajanagar,,DEPARTMENT_OFFICE,,"JDA, Chamarajanagar",ADA,,8277930768,8277930768,"O/o JDA, Chamarajanagar",,VERIFIED_FROM_OFFICIAL_SOURCE,3,1381,"O/o JDA, Chamarajanagar | ADA | 8277930768"
KA_CHAMARAJANAGAR_CHAMARAJANAGAR_1385,Karnataka,Chamarajanagar,Chamarajanagar,,DEPARTMENT_OFFICE,,"DDA, Chamarajanagar",DDA,,8277930761,8277930761,"O/o DDA, Chamarajanagar",,VERIFIED_FROM_OFFICIAL_SOURCE,4,1385,"O/o DDA, Chamarajanagar | DDA | 8277930761"
KA_CHAMARAJANAGAR_CHAMARAJANAGAR_1389,Karnataka,Chamarajanagar,Chamarajanagar,,DEPARTMENT_OFFICE,,"DDA, Chamarajanagar",AO TO,,8277930763,8277930763,"O/o DDA, Chamarajanagar",,VERIFIED_FROM_OFFICIAL_SOURCE,5,1389,"O/o DDA, Chamarajanagar | AO TO | 8277930763"
KA_CHAMARAJANAGAR_CHAMARAJANAGAR_1393,Karnataka,Chamarajanagar,Chamarajanagar,,DEPARTMENT_OFFICE,,"ADA, Chamarajanagar",ADA,,8277930765,8277930765,"O/o ADA, Chamarajanagar",,VERIFIED_FROM_OFFICIAL_SOURCE,6,1393,"O/o ADA, Chamarajanagar | ADA | 8277930765"
KA_CHAMARAJANAGAR_CHAMARAJANAGAR_1397,Karnataka,Chamarajanagar,Chamarajanagar,,DEPARTMENT_OFFICE,,"ADA, Chamarajanagar",AO,,8277930769,8277930769,"O/o ADA, Chamarajanagar",,VERIFIED_FROM_OFFICIAL_SOURCE,7,1397,"O/o ADA, Chamarajanagar | AO | 8277930769"
KA_CHAMARAJANAGAR_CHAMARAJANAGAR_1401,Karnataka,Chamarajanagar,Chamarajanagar,,DEPARTMENT_OFFICE,,"ADA, Chamarajanagar",AO,,8277935591,8277935591,"O/o ADA, Chamarajanagar",,VERIFIED_FROM_OFFICIAL_SOURCE,8,1401,"O/o ADA, Chamarajanagar | AO | 8277935591"
KA_CHAMARAJANAGAR_CHAMARAJANAGAR_1405,Karnataka,Chamarajanagar,Chamarajanagar,,DEPARTMENT_OFFICE,,"ADA, Chamarajanagar",AAO,,8277930771,8277930771,"O/o ADA, Chamarajanagar",,VERIFIED_FROM_OFFICIAL_SOURCE,9,1405,"O/o ADA, Chamarajanagar | AAO | 8277930771"
KA_CHAMARAJANAGAR_GUNDLUPET_1409,Karnataka,Chamarajanagar,Gundlupet,,DEPARTMENT_OFFICE,,"ADA, Gundlupet",ADA,,8277930774,8277930774,"O/o ADA, Gundlupet",,VERIFIED_FROM_OFFICIAL_SOURCE,10,1409,"O/o ADA, Gundlupet | ADA | 8277930774"
KA_CHAMARAJANAGAR_GUNDLUPET_1413,Karnataka,Chamarajanagar,Gundlupet,,DEPARTMENT_OFFICE,,"ADA, Gundlupet",AO,,8277935594,8277935594,"O/o ADA, Gundlupet",,VERIFIED_FROM_OFFICIAL_SOURCE,11,1413,"O/o ADA, Gundlupet | AO | 8277935594"
KA_CHAMARAJANAGAR_GUNDLUPET_1417,Karnataka,Chamarajanagar,Gundlupet,,DEPARTMENT_OFFICE,,"ADA, Gundlupet",AO,,8277930776,8277930776,"O/o ADA, Gundlupet",,VERIFIED_FROM_OFFICIAL_SOURCE,12,1417,"O/o ADA, Gundlupet | AO | 8277930776"
KA_CHAMARAJANAGAR_KOLLEGALA_1421,Karnataka,Chamarajanagar,Kollegala,,DEPARTMENT_OFFICE,,"ADA, Kollegala",ADA,,8277930783,8277930783,"O/o ADA, Kollegala",,VERIFIED_FROM_OFFICIAL_SOURCE,13,1421,"O/o ADA, Kollegala | ADA | 8277930783"
KA_CHAMARAJANAGAR_CHAMARAJANAGAR_1425,Karnataka,Chamarajanagar,Chamarajanagar,,DEPARTMENT_OFFICE,,"ADA, Chamarajanagar",AO,,8277930766,8277930766,"O/o ADA, Chamarajanagar",,VERIFIED_FROM_OFFICIAL_SOURCE,14,1425,"O/o ADA, Chamarajanagar | AO | 8277930766"
KA_CHAMARAJANAGAR_KOLLEGALA_1429,Karnataka,Chamarajanagar,Kollegala,,DEPARTMENT_OFFICE,,"ADA, Kollegala",AO,,8277935596,8277935596,"O/o ADA, Kollegala",,VERIFIED_FROM_OFFICIAL_SOURCE,15,1429,"O/o ADA, Kollegala | AO | 8277935596"
KA_CHAMARAJANAGAR_KOLLEGALA_1433,Karnataka,Chamarajanagar,Kollegala,,DEPARTMENT_OFFICE,,"ADA, Kollegala",AO,,8277930785,8277930785,"O/o ADA, Kollegala",,VERIFIED_FROM_OFFICIAL_SOURCE,16,1433,"O/o ADA, Kollegala | AO | 8277930785"
KA_CHAMARAJANAGAR_KOLLEGALA_1437,Karnataka,Chamarajanagar,Kollegala,,DEPARTMENT_OFFICE,,"ADA, Kollegala",AO,,8277935595,8277935595,"O/o ADA, Kollegala",,VERIFIED_FROM_OFFICIAL_SOURCE,17,1437,"O/o ADA, Kollegala | AO | 8277935595"
KA_CHAMARAJANAGAR_KOLLEGALA_1441,Karnataka,Chamarajanagar,Kollegala,,DEPARTMENT_OFFICE,,"ADA, Kollegala",AO,,8277930794,8277930794,"O/o ADA, Kollegala",,VERIFIED_FROM_OFFICIAL_SOURCE,18,1441,"O/o ADA, Kollegala | AO | 8277930794"
KA_CHAMARAJANAGAR_YELANDUR_1445,Karnataka,Chamarajanagar,Yelandur,,DEPARTMENT_OFFICE,,"ADA, Yelandur",ADA,,8277930793,8277930793,"O/o ADA, Yelandur",,VERIFIED_FROM_OFFICIAL_SOURCE,19,1445,"O/o ADA, Yelandur | ADA | 8277930793"
KA_CHAMARAJANAGAR_YELANDUR_1449,Karnataka,Chamarajanagar,Yelandur,,DEPARTMENT_OFFICE,,"ADA, Yelandur",AAO,,8277930797,8277930797,"O/o ADA, Yelandur",,VERIFIED_FROM_OFFICIAL_SOURCE,20,1449,"O/o ADA, Yelandur | AAO | 8277930797"
KA_CHIKKAMAGALURU_CHIKKAMAGALURU_1458,Karnataka,Chikkamagaluru,Chikkamagaluru,,DEPARTMENT_OFFICE,,Joint Director of Agriculture,Joint Director of Agriculture,,8277930890,8277930890,Joint Director of Agriculture,,VERIFIED_FROM_OFFICIAL_SOURCE,1,1458,Joint Director of Agriculture | Joint Director of Agriculture | 8277930890
KA_CHIKKAMAGALURU_CHIKKAMAGALURU_1462,Karnataka,Chikkamagaluru,Chikkamagaluru,,DEPARTMENT_OFFICE,,Deputy Director of Agriculture-1 (Incharge),Deputy Director of Agriculture-1,,8277930891,8277930891,Deputy Director of Agriculture-1 (Incharge),,VERIFIED_FROM_OFFICIAL_SOURCE,2,1462,Deputy Director of Agriculture-1 (Incharge) | Deputy Director of Agriculture-1 | 8277930891
KA_CHIKKAMAGALURU_CHIKKAMAGALURU_1466,Karnataka,Chikkamagaluru,Chikkamagaluru,,DEPARTMENT_OFFICE,,Deputy Director of Agriculture-2,Deputy Director of Agriculture-2,,8277930892,8277930892,Deputy Director of Agriculture-2,,VERIFIED_FROM_OFFICIAL_SOURCE,3,1466,Deputy Director of Agriculture-2 | Deputy Director of Agriculture-2 | 8277930892
KA_CHIKKAMAGALURU_CHIKKAMAGALURU_1470,Karnataka,Chikkamagaluru,Chikkamagaluru,,DEPARTMENT_OFFICE,,Assistant Director of Agriculture (VIJ),Assistant Director of Agriculture (VIJ),,8277930893,8277930893,Assistant Director of Agriculture (VIJ),,VERIFIED_FROM_OFFICIAL_SOURCE,4,1470,Assistant Director of Agriculture (VIJ) | Assistant Director of Agriculture (VIJ) | 8277930893
KA_CHIKKAMAGALURU_CHIKKAMAGALUR_1474,Karnataka,Chikkamagaluru,chikkamagalur,,DEPARTMENT_OFFICE,,Assistant Director of Agriculture chikkamagalur,Assistant Director of Agriculture,,8277930894,8277930894,Assistant Director of Agriculture chikkamagalur,,VERIFIED_FROM_OFFICIAL_SOURCE,5,1474,Assistant Director of Agriculture chikkamagalur | Assistant Director of Agriculture | 8277930894
KA_CHIKKAMAGALURU_CHIKKAMAGALUR_1478,Karnataka,Chikkamagaluru,chikkamagalur,,DEPARTMENT_OFFICE,,Assistant Director of Agriculture (Farm women),Assistant Director of Agriculture (Farm women),,8277930895,8277930895,Assistant Director of Agriculture (Farm women),,VERIFIED_FROM_OFFICIAL_SOURCE,6,1478,Assistant Director of Agriculture (Farm women) | Assistant Director of Agriculture (Farm women) | 8277930895
KA_CHIKKAMAGALURU_CHIKKAMAGALUR_1482,Karnataka,Chikkamagaluru,chikkamagalur,,DEPARTMENT_OFFICE,,Assistant Director of Agriculture (M &E),Assistant Director of Agriculture (M &E),,8277930896,8277930896,Assistant Director of Agriculture (M &E),,VERIFIED_FROM_OFFICIAL_SOURCE,7,1482,Assistant Director of Agriculture (M &E) | Assistant Director of Agriculture (M &E) | 8277930896
KA_CHIKKAMAGALURU_CHIKKAMAGALUR_1486,Karnataka,Chikkamagaluru,chikkamagalur,,DEPARTMENT_OFFICE,,Assistant Director of Agriculture (HQ),Assistant Director of Agriculture (HQ),,8277928484,8277928484,Assistant Director of Agriculture (HQ),,VERIFIED_FROM_OFFICIAL_SOURCE,8,1486,Assistant Director of Agriculture (HQ) | Assistant Director of Agriculture (HQ) | 8277928484
KA_CHIKKAMAGALURU_CHIKKAMAGALUR_1490,Karnataka,Chikkamagaluru,chikkamagalur,,DEPARTMENT_OFFICE,,Assistant Director of Agriculture (SMS),Assistant Director of Agriculture (SMS),,8277928486,8277928486,Assistant Director of Agriculture (SMS),,VERIFIED_FROM_OFFICIAL_SOURCE,9,1490,Assistant Director of Agriculture (SMS) | Assistant Director of Agriculture (SMS) | 8277928486
KA_CHIKKAMAGALURU_CHIKKAMAGALUR_1494,Karnataka,Chikkamagaluru,chikkamagalur,,DEPARTMENT_OFFICE,,Agriculture Officer,Agriculture Officer,,8277930897,8277930897,Agriculture Officer,,VERIFIED_FROM_OFFICIAL_SOURCE,10,1494,Agriculture Officer | Agriculture Officer | 8277930897
KA_CHIKKAMAGALURU_CHIKKAMAGALUR_1498,Karnataka,Chikkamagaluru,chikkamagalur,,DEPARTMENT_OFFICE,,Agriculture Officer (TO-1),Agriculture Officer (TO-1),,8277930898,8277930898,Agriculture Officer (TO-1),,VERIFIED_FROM_OFFICIAL_SOURCE,11,1498,Agriculture Officer (TO-1) | Agriculture Officer (TO-1) | 8277930898
KA_CHIKKAMAGALURU_CHIKKAMAGALUR_1502,Karnataka,Chikkamagaluru,chikkamagalur,,DEPARTMENT_OFFICE,,Agriculture Officer,Agriculture Officer,,8277930899,8277930899,Agriculture Officer,,VERIFIED_FROM_OFFICIAL_SOURCE,12,1502,Agriculture Officer | Agriculture Officer | 8277930899
KA_CHIKKAMAGALURU_CHIKKAMAGALUR_1506,Karnataka,Chikkamagaluru,chikkamagalur,,DEPARTMENT_OFFICE,,Agriculture Officer (TO-2),Agriculture Officer (TO-2),,8277930902,8277930902,Agriculture Officer (TO-2),,VERIFIED_FROM_OFFICIAL_SOURCE,13,1506,Agriculture Officer (TO-2) | Agriculture Officer (TO-2) | 8277930902
KA_CHIKKAMAGALURU_CHIKKAMAGALUR_1510,Karnataka,Chikkamagaluru,chikkamagalur,,DEPARTMENT_OFFICE,,Agriculture Officer (TO-3),Agriculture Officer (TO-3),,8277930904,8277930904,Agriculture Officer (TO-3),,VERIFIED_FROM_OFFICIAL_SOURCE,14,1510,Agriculture Officer (TO-3) | Agriculture Officer (TO-3) | 8277930904
KA_CHIKKAMAGALURU_CHIKKAMAGALUR_1514,Karnataka,Chikkamagaluru,chikkamagalur,,DEPARTMENT_OFFICE,,Assistant Director of Agriculture,Assistant Director of Agriculture,,8277930913,8277930913,Assistant Director of Agriculture,,VERIFIED_FROM_OFFICIAL_SOURCE,15,1514,Assistant Director of Agriculture | Assistant Director of Agriculture | 8277930913
KA_CHIKKAMAGALURU_CHIKKAMAGALUR_1518,Karnataka,Chikkamagaluru,chikkamagalur,,DEPARTMENT_OFFICE,,Assistant Director of Agriculture,Assistant Director of Agriculture,,8277930914,8277930914,Assistant Director of Agriculture,,VERIFIED_FROM_OFFICIAL_SOURCE,16,1518,Assistant Director of Agriculture | Assistant Director of Agriculture | 8277930914
KA_CHIKKAMAGALURU_CHIKKAMAGALUR_1522,Karnataka,Chikkamagaluru,chikkamagalur,,DEPARTMENT_OFFICE,,Agriculture Officer,Agriculture Officer,,8277930915,8277930915,Agriculture Officer,,VERIFIED_FROM_OFFICIAL_SOURCE,17,1522,Agriculture Officer | Agriculture Officer | 8277930915
KA_CHIKKAMAGALURU_CHIKKAMAGALUR_1526,Karnataka,Chikkamagaluru,chikkamagalur,,DEPARTMENT_OFFICE,,Agriculture Assistant,Agriculture Assistant,,8277930920,8277930920,Agriculture Assistant,,VERIFIED_FROM_OFFICIAL_SOURCE,18,1526,Agriculture Assistant | Agriculture Assistant | 8277930920
KA_CHIKKAMAGALURU_CHIKKAMAGALUR_1530,Karnataka,Chikkamagaluru,chikkamagalur,,DEPARTMENT_OFFICE,,Assistant Director of Agriculture,Assistant Director of Agriculture,,8277930921,8277930921,Assistant Director of Agriculture,,VERIFIED_FROM_OFFICIAL_SOURCE,19,1530,Assistant Director of Agriculture | Assistant Director of Agriculture | 8277930921
KA_CHIKKAMAGALURU_CHIKKAMAGALUR_1534,Karnataka,Chikkamagaluru,chikkamagalur,,DEPARTMENT_OFFICE,,Agriculture Officer,Agriculture Officer,,8277930922,8277930922,Agriculture Officer,,VERIFIED_FROM_OFFICIAL_SOURCE,20,1534,Agriculture Officer | Agriculture Officer | 8277930922
KA_CHIKKAMAGALURU_CHIKKAMAGALUR_1538,Karnataka,Chikkamagaluru,chikkamagalur,,DEPARTMENT_OFFICE,,Assistant Director of Agriculture,Assistant Director of Agriculture,,8277930923,8277930923,Assistant Director of Agriculture,,VERIFIED_FROM_OFFICIAL_SOURCE,21,1538,Assistant Director of Agriculture | Assistant Director of Agriculture | 8277930923
KA_CHIKKAMAGALURU_CHIKKAMAGALUR_1542,Karnataka,Chikkamagaluru,chikkamagalur,,DEPARTMENT_OFFICE,,Agriculture Officer (TO-1),Agriculture Officer (TO-1),,8277930925,8277930925,Agriculture Officer (TO-1),,VERIFIED_FROM_OFFICIAL_SOURCE,22,1542,Agriculture Officer (TO-1) | Agriculture Officer (TO-1) | 8277930925
KA_CHIKKAMAGALURU_CHIKKAMAGALUR_1546,Karnataka,Chikkamagaluru,chikkamagalur,,DEPARTMENT_OFFICE,,Agriculture Officer,Agriculture Officer,,8277930928,8277930928,Agriculture Officer,,VERIFIED_FROM_OFFICIAL_SOURCE,23,1546,Agriculture Officer | Agriculture Officer | 8277930928
KA_CHIKKAMAGALURU_CHIKKAMAGALUR_1550,Karnataka,Chikkamagaluru,chikkamagalur,,DEPARTMENT_OFFICE,,AO ( Incharge),AO ( Incharge),,8277930933,8277930933,AO ( Incharge),,VERIFIED_FROM_OFFICIAL_SOURCE,24,1550,AO ( Incharge) | AO ( Incharge) | 8277930933
KA_CHIKKAMAGALURU_CHIKKAMAGALUR_1554,Karnataka,Chikkamagaluru,chikkamagalur,,DEPARTMENT_OFFICE,,Agriculture Officer (TO-2),Agriculture Officer (TO-2),,8277930936,8277930936,Agriculture Officer (TO-2),,VERIFIED_FROM_OFFICIAL_SOURCE,25,1554,Agriculture Officer (TO-2) | Agriculture Officer (TO-2) | 8277930936
KA_CHIKKAMAGALURU_CHIKKAMAGALUR_1558,Karnataka,Chikkamagaluru,chikkamagalur,,DEPARTMENT_OFFICE,,Assistant Director of Agriculture,Assistant Director of Agriculture,,8277930937,8277930937,Assistant Director of Agriculture,,VERIFIED_FROM_OFFICIAL_SOURCE,26,1558,Assistant Director of Agriculture | Assistant Director of Agriculture | 8277930937
KA_CHIKKAMAGALURU_CHIKKAMAGALUR_1562,Karnataka,Chikkamagaluru,chikkamagalur,,DEPARTMENT_OFFICE,,Agriculture Officer,Agriculture Officer,,8277930939,8277930939,Agriculture Officer,,VERIFIED_FROM_OFFICIAL_SOURCE,27,1562,Agriculture Officer | Agriculture Officer | 8277930939
KA_CHIKKAMAGALURU_CHIKKAMAGALUR_1566,Karnataka,Chikkamagaluru,chikkamagalur,,DEPARTMENT_OFFICE,,Agriculture Officer (AO-2),Agriculture Officer (AO-2),,8277930941,8277930941,Agriculture Officer (AO-2),,VERIFIED_FROM_OFFICIAL_SOURCE,28,1566,Agriculture Officer (AO-2) | Agriculture Officer (AO-2) | 8277930941
KA_CHIKKAMAGALURU_CHIKKAMAGALUR_1570,Karnataka,Chikkamagaluru,chikkamagalur,,DEPARTMENT_OFFICE,,Agriculture Officer,Agriculture Officer,,8277930942,8277930942,Agriculture Officer,,VERIFIED_FROM_OFFICIAL_SOURCE,29,1570,Agriculture Officer | Agriculture Officer | 8277930942
KA_CHIKKAMAGALURU_CHIKKAMAGALUR_1574,Karnataka,Chikkamagaluru,chikkamagalur,,DEPARTMENT_OFFICE,,Agriculture Officer,Agriculture Officer,,8277935556,8277935556,Agriculture Officer,,VERIFIED_FROM_OFFICIAL_SOURCE,30,1574,Agriculture Officer | Agriculture Officer | 8277935556
KA_CHIKKAMAGALURU_CHIKKAMAGALUR_1578,Karnataka,Chikkamagaluru,chikkamagalur,,DEPARTMENT_OFFICE,,Agriculture Officer (TO-01),Agriculture Officer (TO-01),,8277935559,8277935559,Agriculture Officer (TO-01),,VERIFIED_FROM_OFFICIAL_SOURCE,31,1578,Agriculture Officer (TO-01) | Agriculture Officer (TO-01) | 8277935559
KA_CHIKKAMAGALURU_CHIKKAMAGALUR_1582,Karnataka,Chikkamagaluru,chikkamagalur,,DEPARTMENT_OFFICE,,Agriculture Officer,Agriculture Officer,,8277928384,8277928384,Agriculture Officer,,VERIFIED_FROM_OFFICIAL_SOURCE,32,1582,Agriculture Officer | Agriculture Officer | 8277928384
KA_CHIKKAMAGALURU_CHIKKAMAGALUR_1586,Karnataka,Chikkamagaluru,chikkamagalur,,DEPARTMENT_OFFICE,,Agriculture Officer (TO-1),Agriculture Officer (TO-1),,8277928393,8277928393,Agriculture Officer (TO-1),,VERIFIED_FROM_OFFICIAL_SOURCE,33,1586,Agriculture Officer (TO-1) | Agriculture Officer (TO-1) | 8277928393
KA_CHIKKAMAGALURU_CHIKKAMAGALUR_1590,Karnataka,Chikkamagaluru,chikkamagalur,,DEPARTMENT_OFFICE,,Agriculture Officer (TO-1),Agriculture Officer (TO-1),,8277928414,8277928414,Agriculture Officer (TO-1),,VERIFIED_FROM_OFFICIAL_SOURCE,34,1590,Agriculture Officer (TO-1) | Agriculture Officer (TO-1) | 8277928414
KA_CHIKKAMAGALURU_CHIKKAMAGALUR_1594,Karnataka,Chikkamagaluru,chikkamagalur,,DEPARTMENT_OFFICE,,Agriculture Officer,Agriculture Officer,,8277928448,8277928448,Agriculture Officer,,VERIFIED_FROM_OFFICIAL_SOURCE,35,1594,Agriculture Officer | Agriculture Officer | 8277928448
KA_CHIKKAMAGALURU_CHIKKAMAGALUR_1598,Karnataka,Chikkamagaluru,chikkamagalur,,DEPARTMENT_OFFICE,,Agriculture Officer,Agriculture Officer,,8277928469,8277928469,Agriculture Officer,,VERIFIED_FROM_OFFICIAL_SOURCE,36,1598,Agriculture Officer | Agriculture Officer | 8277928469
KA_CHIKKAMAGALURU_CHIKKAMAGALUR_1602,Karnataka,Chikkamagaluru,chikkamagalur,,DEPARTMENT_OFFICE,,Assistant Director of Agriculture,Assistant Director of Agriculture,,8277928494,8277928494,Assistant Director of Agriculture,,VERIFIED_FROM_OFFICIAL_SOURCE,37,1602,Assistant Director of Agriculture | Assistant Director of Agriculture | 8277928494
KA_CHIKKAMAGALURU_CHIKKAMAGALUR_1606,Karnataka,Chikkamagaluru,chikkamagalur,,DEPARTMENT_OFFICE,,Assistant Director of Agriculture (incharge),Assistant Director of Agriculture (incharge),,8277928555,8277928555,Assistant Director of Agriculture (incharge),,VERIFIED_FROM_OFFICIAL_SOURCE,38,1606,Assistant Director of Agriculture (incharge) | Assistant Director of Agriculture (incharge) | 8277928555
KA_CHIKKAMAGALURU_CHIKKAMAGALUR_1610,Karnataka,Chikkamagaluru,chikkamagalur,,DEPARTMENT_OFFICE,,Agriculture Officer,Agriculture Officer,,8277928567,8277928567,Agriculture Officer,,VERIFIED_FROM_OFFICIAL_SOURCE,39,1610,Agriculture Officer | Agriculture Officer | 8277928567
KA_CHIKKAMAGALURU_CHIKKAMAGALUR_1614,Karnataka,Chikkamagaluru,chikkamagalur,,DEPARTMENT_OFFICE,,Agriculture Officer,Agriculture Officer,,8277928570,8277928570,Agriculture Officer,,VERIFIED_FROM_OFFICIAL_SOURCE,40,1614,Agriculture Officer | Agriculture Officer | 8277928570
KA_CHIKKAMAGALURU_CHIKKAMAGALUR_1618,Karnataka,Chikkamagaluru,chikkamagalur,,DEPARTMENT_OFFICE,,Agriculture Officer,Agriculture Officer,,8277928571,8277928571,Agriculture Officer,,VERIFIED_FROM_OFFICIAL_SOURCE,41,1618,Agriculture Officer | Agriculture Officer | 8277928571
KA_CHIKKAMAGALURU_CHIKKAMAGALUR_1622,Karnataka,Chikkamagaluru,chikkamagalur,,DEPARTMENT_OFFICE,,Agriculture Officer,Agriculture Officer,,8277928577,8277928577,Agriculture Officer,,VERIFIED_FROM_OFFICIAL_SOURCE,42,1622,Agriculture Officer | Agriculture Officer | 8277928577
KA_CHIKKAMAGALURU_CHIKKAMAGALUR_1626,Karnataka,Chikkamagaluru,chikkamagalur,,DEPARTMENT_OFFICE,,Agriculture Officer,Agriculture Officer,,8277928631,8277928631,Agriculture Officer,,VERIFIED_FROM_OFFICIAL_SOURCE,43,1626,Agriculture Officer | Agriculture Officer | 8277928631
KA_CHIKKAMAGALURU_CHIKKAMAGALUR_1630,Karnataka,Chikkamagaluru,chikkamagalur,,DEPARTMENT_OFFICE,,Agriculture Officer,Agriculture Officer,,8277928633,8277928633,Agriculture Officer,,VERIFIED_FROM_OFFICIAL_SOURCE,44,1630,Agriculture Officer | Agriculture Officer | 8277928633
KA_CHIKKAMAGALURU_CHIKKAMAGALUR_1634,Karnataka,Chikkamagaluru,chikkamagalur,,DEPARTMENT_OFFICE,,Agriculture Officer,Agriculture Officer,,8277928666,8277928666,Agriculture Officer,,VERIFIED_FROM_OFFICIAL_SOURCE,45,1634,Agriculture Officer | Agriculture Officer | 8277928666
KA_CHIKKAMAGALURU_CHIKKAMAGALUR_1638,Karnataka,Chikkamagaluru,chikkamagalur,,DEPARTMENT_OFFICE,,Agriculture Officer,Agriculture Officer,,8277928668,8277928668,Agriculture Officer,,VERIFIED_FROM_OFFICIAL_SOURCE,46,1638,Agriculture Officer | Agriculture Officer | 8277928668
KA_CHIKKAMAGALURU_CHIKKAMAGALUR_1642,Karnataka,Chikkamagaluru,chikkamagalur,,DEPARTMENT_OFFICE,,Agriculture Officer,Agriculture Officer,,8277928678,8277928678,Agriculture Officer,,VERIFIED_FROM_OFFICIAL_SOURCE,47,1642,Agriculture Officer | Agriculture Officer | 8277928678
KA_CHIKKAMAGALURU_CHIKKAMAGALUR_1646,Karnataka,Chikkamagaluru,chikkamagalur,,DEPARTMENT_OFFICE,,Agriculture Officer,Agriculture Officer,,8277928686,8277928686,Agriculture Officer,,VERIFIED_FROM_OFFICIAL_SOURCE,48,1646,Agriculture Officer | Agriculture Officer | 8277928686
KA_CHIKKAMAGALURU_CHIKKAMAGALUR_1650,Karnataka,Chikkamagaluru,chikkamagalur,,DEPARTMENT_OFFICE,,Agriculture Officer,Agriculture Officer,,8277928687,8277928687,Agriculture Officer,,VERIFIED_FROM_OFFICIAL_SOURCE,49,1650,Agriculture Officer | Agriculture Officer | 8277928687
KA_CHIKKAMAGALURU_RSK_GONIBEEDU_MUDIGERE_1654,Karnataka,Chikkamagaluru,RSK Gonibeedu mudigere,,RSK,Gonibeedu mudigere taluk,RSK Gonibeedu mudigere taluk,Agriculture Officer,,8884009106,8884009106,RSK Gonibeedu mudigere taluk,,VERIFIED_FROM_OFFICIAL_SOURCE,50,1654,RSK Gonibeedu mudigere taluk | Agriculture Officer | 8884009106
KA_CHIKKAMAGALURU_RSK_KALASA_MUDIGERE_1658,Karnataka,Chikkamagaluru,RSK Kalasa mudigere,,RSK,Kalasa mudigere taluk,RSK Kalasa mudigere taluk,Agriculture Officer,,8884009118,8884009118,RSK Kalasa mudigere taluk,,VERIFIED_FROM_OFFICIAL_SOURCE,51,1658,RSK Kalasa mudigere taluk | Agriculture Officer | 8884009118
KA_CHIKKAMAGALURU_RSK_KASABA_KOPPA_1662,Karnataka,Chikkamagaluru,RSK kasaba koppa,,RSK,kasaba koppa tq,RSK kasaba koppa tq,Agriculture Officer,,8884009119,8884009119,RSK kasaba koppa tq,,VERIFIED_FROM_OFFICIAL_SOURCE,52,1662,RSK kasaba koppa tq | Agriculture Officer | 8884009119
KA_CHIKKAMAGALURU_RSK_HARIHARAPURA_KOPPA_1666,Karnataka,Chikkamagaluru,RSK Hariharapura koppa,,RSK,Hariharapura koppa tq,RSK Hariharapura koppa tq,Agriculture Officer,,8884009142,8884009142,RSK Hariharapura koppa tq,,VERIFIED_FROM_OFFICIAL_SOURCE,53,1666,RSK Hariharapura koppa tq | Agriculture Officer | 8884009142
KA_CHIKKAMAGALURU_RSK_JAYAPURA_KOPPA_1670,Karnataka,Chikkamagaluru,RSK Jayapura koppa,,RSK,Jayapura koppa tq,RSK Jayapura koppa tq,Agriculture Officer,,8884009145,8884009145,RSK Jayapura koppa tq,,VERIFIED_FROM_OFFICIAL_SOURCE,54,1670,RSK Jayapura koppa tq | Agriculture Officer | 8884009145
KA_CHIKKAMAGALURU_KIGGA_SRINGERI_1674,Karnataka,Chikkamagaluru,kigga Sringeri,,RSK,kasaba & kigga Sringeri tq,RSK kasaba & kigga Sringeri tq,Agriculture Officer,,8884009187,8884009187,RSK kasaba & kigga Sringeri tq,,VERIFIED_FROM_OFFICIAL_SOURCE,55,1674,RSK kasaba & kigga Sringeri tq | Agriculture Officer | 8884009187
KA_CHIKKAMAGALURU_KIGGA_SRINGERI_1678,Karnataka,Chikkamagaluru,kigga Sringeri,,RSK,Aldur,RSK Aldur,Agriculture Officer,,8884009204,8884009204,RSK Aldur,,VERIFIED_FROM_OFFICIAL_SOURCE,56,1678,RSK Aldur | Agriculture Officer | 8884009204
KA_CHIKKAMAGALURU_KIGGA_SRINGERI_1682,Karnataka,Chikkamagaluru,kigga Sringeri,,RSK,Avuti,RSK Avuti,Agriculture Officer,,8884009229,8884009229,RSK Avuti,,VERIFIED_FROM_OFFICIAL_SOURCE,57,1682,RSK Avuti | Agriculture Officer | 8884009229
KA_CHIKKAMAGALURU_KIGGA_SRINGERI_1686,Karnataka,Chikkamagaluru,kigga Sringeri,,RSK,lakya,RSK lakya,Agriculture Officer,,8884009234,8884009234,RSK lakya,,VERIFIED_FROM_OFFICIAL_SOURCE,58,1686,RSK lakya | Agriculture Officer | 8884009234
KA_CHIKKAMAGALURU_KIGGA_SRINGERI_1690,Karnataka,Chikkamagaluru,kigga Sringeri,,RSK,kasaba Tarikere,RSK kasaba Tarikere,Agriculture Officer,,8884009241,8884009241,RSk kasaba Tarikere,,VERIFIED_FROM_OFFICIAL_SOURCE,59,1690,RSk kasaba Tarikere | Agriculture Officer | 8884009241
KA_CHIKKAMAGALURU_KIGGA_SRINGERI_1694,Karnataka,Chikkamagaluru,kigga Sringeri,,DEPARTMENT_OFFICE,,DDA 2 Office Tarikere,Agriculture Officer,,8884009264,8884009264,DDA 2 Office Tarikere,,VERIFIED_FROM_OFFICIAL_SOURCE,60,1694,DDA 2 Office Tarikere | Agriculture Officer | 8884009264
KA_CHIKKAMAGALURU_KIGGA_SRINGERI_1698,Karnataka,Chikkamagaluru,kigga Sringeri,,DEPARTMENT_OFFICE,,Agrihelpline,Agriculture Officer,,8884009246,8884009246,Agrihelpline,,VERIFIED_FROM_OFFICIAL_SOURCE,61,1698,Agrihelpline | Agriculture Officer | 8884009246
KA_CHITRADURGA_CHITRADURGA_1707,Karnataka,Chitradurga,Chitradurga,,DEPARTMENT_OFFICE,,"JDA, APMC Yard Chitradurga",JDA,,8277930950,8277930950,"O/o JDA, APMC Yard Chitradurga",,VERIFIED_FROM_OFFICIAL_SOURCE,1,1707,"O/o JDA, APMC Yard Chitradurga | JDA | 8277930950"
KA_CHITRADURGA_CHITRADURGA_1711,Karnataka,Chitradurga,Chitradurga,,DEPARTMENT_OFFICE,,"DDA-1, Sericulture Office Behind, NH-4 Chitradurga",DDA-1,,8277930951,8277930951,"O/o DDA-1, Sericulture Office Behind, NH-4 Chitradurga",,VERIFIED_FROM_OFFICIAL_SOURCE,2,1711,"O/o DDA-1, Sericulture Office Behind, NH-4 Chitradurga | DDA-1 | 8277930951"
KA_CHITRADURGA_CHITRADURGA_1715,Karnataka,Chitradurga,Chitradurga,,DEPARTMENT_OFFICE,,"DDA-2, Somaguddu road, Challakere",DDA-2,,8277930952,8277930952,"O/o DDA-2, Somaguddu road, Challakere",,VERIFIED_FROM_OFFICIAL_SOURCE,3,1715,"O/o DDA-2, Somaguddu road, Challakere | DDA-2 | 8277930952"
KA_CHITRADURGA_CHITRADURGA_1719,Karnataka,Chitradurga,Chitradurga,,DEPARTMENT_OFFICE,,"JDA, APMC Yard Chitradurga",ADA (FW),,8277930957,8277930957,"O/o JDA, APMC Yard Chitradurga",,VERIFIED_FROM_OFFICIAL_SOURCE,4,1719,"O/o JDA, APMC Yard Chitradurga | ADA (FW) | 8277930957"
KA_CHITRADURGA_CHITRADURGA_1723,Karnataka,Chitradurga,Chitradurga,,DEPARTMENT_OFFICE,,"JDA, APMC Yard Chitradurga",ADA (Enforcement),,8277930955,8277930955,"O/o JDA, APMC Yard Chitradurga",,VERIFIED_FROM_OFFICIAL_SOURCE,5,1723,"O/o JDA, APMC Yard Chitradurga | ADA (Enforcement) | 8277930955"
KA_CHITRADURGA_CHITRADURGA_1727,Karnataka,Chitradurga,Chitradurga,,DEPARTMENT_OFFICE,,"JDA, APMC Yard Chitradurga",ADA (Enforcement),,8277099366,8277099366,"O/o JDA, APMC Yard Chitradurga",,VERIFIED_FROM_OFFICIAL_SOURCE,6,1727,"O/o JDA, APMC Yard Chitradurga | ADA (Enforcement) | 8277099366"
KA_CHITRADURGA_CHITRADURGA_1731,Karnataka,Chitradurga,Chitradurga,,DEPARTMENT_OFFICE,,"JDA, APMC Yard Chitradurga",ADA (HQ),,8277930953,8277930953,"O/o JDA, APMC Yard Chitradurga",,VERIFIED_FROM_OFFICIAL_SOURCE,7,1731,"O/o JDA, APMC Yard Chitradurga | ADA (HQ) | 8277930953"
KA_CHITRADURGA_CHITRADURGA_1735,Karnataka,Chitradurga,Chitradurga,,DEPARTMENT_OFFICE,,"JDA, APMC Yard Chitradurga",ADA (M&E),,8277928778,8277928778,"O/o JDA, APMC Yard Chitradurga",,VERIFIED_FROM_OFFICIAL_SOURCE,8,1735,"O/o JDA, APMC Yard Chitradurga | ADA (M&E) | 8277928778"
KA_CHITRADURGA_CHITRADURGA_1739,Karnataka,Chitradurga,Chitradurga,,DEPARTMENT_OFFICE,,"JDA, APMC Yard Chitradurga",ADA (SMS),,8277930959,8277930959,"O/o JDA, APMC Yard Chitradurga",,VERIFIED_FROM_OFFICIAL_SOURCE,9,1739,"O/o JDA, APMC Yard Chitradurga | ADA (SMS) | 8277930959"
KA_CHITRADURGA_CHITRADURGA_1743,Karnataka,Chitradurga,Chitradurga,,DEPARTMENT_OFFICE,,"JDA, APMC Yard Chitradurga",AO (Tech),,8277930956,8277930956,"O/o JDA, APMC Yard Chitradurga",,VERIFIED_FROM_OFFICIAL_SOURCE,10,1743,"O/o JDA, APMC Yard Chitradurga | AO (Tech) | 8277930956"
KA_CHITRADURGA_CHITRADURGA_1747,Karnataka,Chitradurga,Chitradurga,,DEPARTMENT_OFFICE,,"JDA, APMC Yard Chitradurga",AO (Tech),,8277930971,8277930971,"O/o JDA, APMC Yard Chitradurga",,VERIFIED_FROM_OFFICIAL_SOURCE,11,1747,"O/o JDA, APMC Yard Chitradurga | AO (Tech) | 8277930971"
KA_CHITRADURGA_CHITRADURGA_1751,Karnataka,Chitradurga,Chitradurga,,DEPARTMENT_OFFICE,,"JDA, APMC Yard Chitradurga",AO (Tech),,8277930958,8277930958,"O/o JDA, APMC Yard Chitradurga",,VERIFIED_FROM_OFFICIAL_SOURCE,12,1751,"O/o JDA, APMC Yard Chitradurga | AO (Tech) | 8277930958"
KA_CHITRADURGA_CHITRADURGA_1755,Karnataka,Chitradurga,Chitradurga,,DEPARTMENT_OFFICE,,"DDA-1, Sericulture Office Behind, NH-4 Chitradurga",AO,,8277931041,8277931041,"O/o DDA-1, Sericulture Office Behind, NH-4 Chitradurga",,VERIFIED_FROM_OFFICIAL_SOURCE,13,1755,"O/o DDA-1, Sericulture Office Behind, NH-4 Chitradurga | AO | 8277931041"
KA_CHITRADURGA_APMC_YARD_1759,Karnataka,Chitradurga,APMC Yard,,DEPARTMENT_OFFICE,,"ADA, APMC Yard, Chitradurga",ADA,,8277930954,8277930954,"O/o ADA, APMC Yard, Chitradurga",,VERIFIED_FROM_OFFICIAL_SOURCE,14,1759,"O/o ADA, APMC Yard, Chitradurga | ADA | 8277930954"
KA_CHITRADURGA_APMC_YARD_1763,Karnataka,Chitradurga,APMC Yard,,DEPARTMENT_OFFICE,,"ADA, APMC Yard, Chitradurga",AO,,8277930981,8277930981,"O/o ADA, APMC Yard, Chitradurga",,VERIFIED_FROM_OFFICIAL_SOURCE,15,1763,"O/o ADA, APMC Yard, Chitradurga | AO | 8277930981"
KA_CHITRADURGA_APMC_YARD_1767,Karnataka,Chitradurga,APMC Yard,,DEPARTMENT_OFFICE,,"ADA, APMC Yard, Chitradurga",AO,,8277930995,8277930995,"O/o ADA, APMC Yard, Chitradurga",,VERIFIED_FROM_OFFICIAL_SOURCE,16,1767,"O/o ADA, APMC Yard, Chitradurga | AO | 8277930995"
KA_CHITRADURGA_APMC_YARD_1771,Karnataka,Chitradurga,APMC Yard,,DEPARTMENT_OFFICE,,"ADA, APMC Yard, Chitradurga",AO,,8277931042,8277931042,"O/o ADA, APMC Yard, Chitradurga",,VERIFIED_FROM_OFFICIAL_SOURCE,17,1771,"O/o ADA, APMC Yard, Chitradurga | AO | 8277931042"
KA_CHITRADURGA_APMC_YARD_1775,Karnataka,Chitradurga,APMC Yard,,DEPARTMENT_OFFICE,,"ADA, APMC Yard, Chitradurga",AO,,8277930983,8277930983,"O/o ADA, APMC Yard, Chitradurga",,VERIFIED_FROM_OFFICIAL_SOURCE,18,1775,"O/o ADA, APMC Yard, Chitradurga | AO | 8277930983"
KA_CHITRADURGA_APMC_YARD_1779,Karnataka,Chitradurga,APMC Yard,,DEPARTMENT_OFFICE,,"ADA, APMC Yard, Chitradurga",AO,,8277930986,8277930986,"O/o ADA, APMC Yard, Chitradurga",,VERIFIED_FROM_OFFICIAL_SOURCE,19,1779,"O/o ADA, APMC Yard, Chitradurga | AO | 8277930986"
KA_CHITRADURGA_APMC_YARD_1783,Karnataka,Chitradurga,APMC Yard,,DEPARTMENT_OFFICE,,"ADA, APMC Yard, Chitradurga",AO,,8277928822,8277928822,"O/o ADA, APMC Yard, Chitradurga",,VERIFIED_FROM_OFFICIAL_SOURCE,20,1783,"O/o ADA, APMC Yard, Chitradurga | AO | 8277928822"
KA_CHITRADURGA_APMC_YARD_1787,Karnataka,Chitradurga,APMC Yard,,DEPARTMENT_OFFICE,,"ADA, APMC Yard, Chitradurga",AAO,,8277931037,8277931037,"O/o ADA, APMC Yard, Chitradurga",,VERIFIED_FROM_OFFICIAL_SOURCE,21,1787,"O/o ADA, APMC Yard, Chitradurga | AAO | 8277931037"
KA_CHITRADURGA_HOLALKERE_1791,Karnataka,Chitradurga,Holalkere,,DEPARTMENT_OFFICE,,"ADA, Holalkere",ADA,,8277931025,8277931025,"O/o ADA, Holalkere",,VERIFIED_FROM_OFFICIAL_SOURCE,22,1791,"O/o ADA, Holalkere | ADA | 8277931025"
KA_CHITRADURGA_HOLALKERE_1795,Karnataka,Chitradurga,Holalkere,,DEPARTMENT_OFFICE,,"ADA, Holalkere",AO,,8277928800,8277928800,"O/o ADA, Holalkere",,VERIFIED_FROM_OFFICIAL_SOURCE,23,1795,"O/o ADA, Holalkere | AO | 8277928800"
KA_CHITRADURGA_HOLALKERE_1799,Karnataka,Chitradurga,Holalkere,,DEPARTMENT_OFFICE,,"ADA, Holalkere",AO,,8277931030,8277931030,"O/o ADA, Holalkere",,VERIFIED_FROM_OFFICIAL_SOURCE,24,1799,"O/o ADA, Holalkere | AO | 8277931030"
KA_CHITRADURGA_HOLALKERE_1803,Karnataka,Chitradurga,Holalkere,,DEPARTMENT_OFFICE,,"ADA, Holalkere",AO,,8277931036,8277931036,"O/o ADA, Holalkere",,VERIFIED_FROM_OFFICIAL_SOURCE,25,1803,"O/o ADA, Holalkere | AO | 8277931036"
KA_CHITRADURGA_HOLALKERE_1807,Karnataka,Chitradurga,Holalkere,,DEPARTMENT_OFFICE,,"ADA, Holalkere",AO,,8277931035,8277931035,"O/o ADA, Holalkere",,VERIFIED_FROM_OFFICIAL_SOURCE,26,1807,"O/o ADA, Holalkere | AO | 8277931035"
KA_CHITRADURGA_HOSADURGA_1811,Karnataka,Chitradurga,Hosadurga,,DEPARTMENT_OFFICE,,"ADA, Hosadurga",ADA,,8277931038,8277931038,"O/o ADA, Hosadurga",,VERIFIED_FROM_OFFICIAL_SOURCE,27,1811,"O/o ADA, Hosadurga | ADA | 8277931038"
KA_CHITRADURGA_HOSADURGA_1815,Karnataka,Chitradurga,Hosadurga,,DEPARTMENT_OFFICE,,"ADA, Hosadurga",AO,,8277928811,8277928811,"O/o ADA, Hosadurga",,VERIFIED_FROM_OFFICIAL_SOURCE,28,1815,"O/o ADA, Hosadurga | AO | 8277928811"
KA_CHITRADURGA_HOSADURGA_1819,Karnataka,Chitradurga,Hosadurga,,DEPARTMENT_OFFICE,,"ADA, Hosadurga",AO,,8277931039,8277931039,"O/o ADA, Hosadurga",,VERIFIED_FROM_OFFICIAL_SOURCE,29,1819,"O/o ADA, Hosadurga | AO | 8277931039"
KA_CHITRADURGA_HOSADURGA_1823,Karnataka,Chitradurga,Hosadurga,,DEPARTMENT_OFFICE,,"ADA, Hosadurga",AO,,8277931047,8277931047,"O/o ADA, Hosadurga",,VERIFIED_FROM_OFFICIAL_SOURCE,30,1823,"O/o ADA, Hosadurga | AO | 8277931047"
KA_CHITRADURGA_HOSADURGA_1827,Karnataka,Chitradurga,Hosadurga,,DEPARTMENT_OFFICE,,"ADA, Hosadurga",AO,,8277931040,8277931040,"O/o ADA, Hosadurga",,VERIFIED_FROM_OFFICIAL_SOURCE,31,1827,"O/o ADA, Hosadurga | AO | 8277931040"
KA_CHITRADURGA_HOSADURGA_1831,Karnataka,Chitradurga,Hosadurga,,DEPARTMENT_OFFICE,,"DDA-2, Somaguddu road, Challakere",AO,,8277931057,8277931057,"O/o DDA-2, Somaguddu road, Challakere",,VERIFIED_FROM_OFFICIAL_SOURCE,32,1831,"O/o DDA-2, Somaguddu road, Challakere | AO | 8277931057"
KA_CHITRADURGA_CHALLAKERE_1835,Karnataka,Chitradurga,Challakere,,DEPARTMENT_OFFICE,,"ADA, Challakere",ADA,,8277930961,8277930961,"O/o ADA, Challakere",,VERIFIED_FROM_OFFICIAL_SOURCE,33,1835,"O/o ADA, Challakere | ADA | 8277930961"
KA_CHITRADURGA_CHALLAKERE_1839,Karnataka,Chitradurga,Challakere,,DEPARTMENT_OFFICE,,"ADA, Challakere",AO,,8277930969,8277930969,"O/o ADA, Challakere",,VERIFIED_FROM_OFFICIAL_SOURCE,34,1839,"O/o ADA, Challakere | AO | 8277930969"
KA_CHITRADURGA_CHALLAKERE_1843,Karnataka,Chitradurga,Challakere,,DEPARTMENT_OFFICE,,"ADA, Challakere",AO,,8277930977,8277930977,"O/o ADA, Challakere",,VERIFIED_FROM_OFFICIAL_SOURCE,35,1843,"O/o ADA, Challakere | AO | 8277930977"
KA_CHITRADURGA_CHALLAKERE_1847,Karnataka,Chitradurga,Challakere,,DEPARTMENT_OFFICE,,"ADA, Challakere",AO,,8277928789,8277928789,"O/o ADA, Challakere",,VERIFIED_FROM_OFFICIAL_SOURCE,36,1847,"O/o ADA, Challakere | AO | 8277928789"
KA_CHITRADURGA_CHALLAKERE_1851,Karnataka,Chitradurga,Challakere,,DEPARTMENT_OFFICE,,"ADA, Challakere",AO,,8277930974,8277930974,"O/o ADA, Challakere",,VERIFIED_FROM_OFFICIAL_SOURCE,37,1851,"O/o ADA, Challakere | AO | 8277930974"
KA_CHITRADURGA_CHALLAKERE_1855,Karnataka,Chitradurga,Challakere,,DEPARTMENT_OFFICE,,"ADA, Challakere",AO,,8277930979,8277930979,"O/o ADA, Challakere",,VERIFIED_FROM_OFFICIAL_SOURCE,38,1855,"O/o ADA, Challakere | AO | 8277930979"
KA_CHITRADURGA_CHALLAKERE_1859,Karnataka,Chitradurga,Challakere,,DEPARTMENT_OFFICE,,"ADA, Challakere",AAO,,8277930970,8277930970,"O/o ADA, Challakere",,VERIFIED_FROM_OFFICIAL_SOURCE,39,1859,"O/o ADA, Challakere | AAO | 8277930970"
KA_CHITRADURGA_CHALLAKERE_1863,Karnataka,Chitradurga,Challakere,,DEPARTMENT_OFFICE,,"ADA, Challakere",AAO,,8277930973,8277930973,"O/o ADA, Challakere",,VERIFIED_FROM_OFFICIAL_SOURCE,40,1863,"O/o ADA, Challakere | AAO | 8277930973"
KA_CHITRADURGA_NEAR_TB_CIRCLE_1867,Karnataka,Chitradurga,Near TB Circle,,DEPARTMENT_OFFICE,,"ADA, Near TB Circle, Challakere Road Hiriyuru",ADA,,8277930996,8277930996,"O/o ADA, Near TB Circle, Challakere Road Hiriyuru",,VERIFIED_FROM_OFFICIAL_SOURCE,41,1867,"O/o ADA, Near TB Circle, Challakere Road Hiriyuru | ADA | 8277930996"
KA_CHITRADURGA_NEAR_TB_CIRCLE_1871,Karnataka,Chitradurga,Near TB Circle,,DEPARTMENT_OFFICE,,"ADA, Near TB Circle, Challakere Road Hiriyuru",AO (TO-1),,8277928855,8277928855,"O/o ADA, Near TB Circle, Challakere Road Hiriyuru",,VERIFIED_FROM_OFFICIAL_SOURCE,42,1871,"O/o ADA, Near TB Circle, Challakere Road Hiriyuru | AO (TO-1) | 8277928855"
KA_CHITRADURGA_NEAR_TB_CIRCLE_1875,Karnataka,Chitradurga,Near TB Circle,,DEPARTMENT_OFFICE,,"ADA, Near TB Circle, Challakere Road Hiriyuru",AO,,8277930998,8277930998,"O/o ADA, Near TB Circle, Challakere Road Hiriyuru",,VERIFIED_FROM_OFFICIAL_SOURCE,43,1875,"O/o ADA, Near TB Circle, Challakere Road Hiriyuru | AO | 8277930998"
KA_CHITRADURGA_NEAR_TB_CIRCLE_1879,Karnataka,Chitradurga,Near TB Circle,,DEPARTMENT_OFFICE,,"ADA, Near TB Circle, Challakere Road Hiriyuru",AO,,8277930123,8277930123,"O/o ADA, Near TB Circle, Challakere Road Hiriyuru",,VERIFIED_FROM_OFFICIAL_SOURCE,44,1879,"O/o ADA, Near TB Circle, Challakere Road Hiriyuru | AO | 8277930123"
KA_CHITRADURGA_NEAR_TB_CIRCLE_1883,Karnataka,Chitradurga,Near TB Circle,,DEPARTMENT_OFFICE,,"ADA, Near TB Circle, Challakere Road Hiriyuru",AO,,8277930963,8277930963,"O/o ADA, Near TB Circle, Challakere Road Hiriyuru",,VERIFIED_FROM_OFFICIAL_SOURCE,45,1883,"O/o ADA, Near TB Circle, Challakere Road Hiriyuru | AO | 8277930963"
KA_CHITRADURGA_NEAR_TB_CIRCLE_1887,Karnataka,Chitradurga,Near TB Circle,,DEPARTMENT_OFFICE,,"ADA, Near TB Circle, Challakere Road Hiriyuru",AAO,,8277931018,8277931018,"O/o ADA, Near TB Circle, Challakere Road Hiriyuru",,VERIFIED_FROM_OFFICIAL_SOURCE,46,1887,"O/o ADA, Near TB Circle, Challakere Road Hiriyuru | AAO | 8277931018"
KA_CHITRADURGA_NEAR_TB_CIRCLE_1891,Karnataka,Chitradurga,Near TB Circle,,DEPARTMENT_OFFICE,,"ADA, Near TB Circle, Challakere Road Hiriyuru",AAO,,8277931021,8277931021,"O/o ADA, Near TB Circle, Challakere Road Hiriyuru",,VERIFIED_FROM_OFFICIAL_SOURCE,47,1891,"O/o ADA, Near TB Circle, Challakere Road Hiriyuru | AAO | 8277931021"
KA_CHITRADURGA_MOLAKALMURU_1895,Karnataka,Chitradurga,Molakalmuru,,DEPARTMENT_OFFICE,,"ADA, Molakalmuru",ADA,,8277931051,8277931051,"O/o ADA, Molakalmuru",,VERIFIED_FROM_OFFICIAL_SOURCE,48,1895,"O/o ADA, Molakalmuru | ADA | 8277931051"
KA_CHITRADURGA_MOLAKALMURU_1899,Karnataka,Chitradurga,Molakalmuru,,DEPARTMENT_OFFICE,,"ADA, DATC Babburu",ADA,,8277931058,8277931058,"O/o ADA, DATC Babburu",,VERIFIED_FROM_OFFICIAL_SOURCE,49,1899,"O/o ADA, DATC Babburu | ADA | 8277931058"
KA_CHITRADURGA_MOLAKALMURU_1903,Karnataka,Chitradurga,Molakalmuru,,DEPARTMENT_OFFICE,,"ADA, DATC Babburu",ADA (FW),,8277931055,8277931055,"O/o ADA, DATC Babburu",,VERIFIED_FROM_OFFICIAL_SOURCE,50,1903,"O/o ADA, DATC Babburu | ADA (FW) | 8277931055"
KA_CHITRADURGA_MOLAKALMURU_1907,Karnataka,Chitradurga,Molakalmuru,,DEPARTMENT_OFFICE,,"ADA, DATC Babburu",AO,,8277928851,8277928851,"O/o ADA, DATC Babburu",,VERIFIED_FROM_OFFICIAL_SOURCE,51,1907,"O/o ADA, DATC Babburu | AO | 8277928851"
KA_CHITRADURGA_MOLAKALMURU_1911,Karnataka,Chitradurga,Molakalmuru,,DEPARTMENT_OFFICE,,"ADA, DATC Babburu",AO,,8277931028,8277931028,"O/o ADA, DATC Babburu",,VERIFIED_FROM_OFFICIAL_SOURCE,52,1911,"O/o ADA, DATC Babburu | AO | 8277931028"
KA_DAKSHINA_KANNADA_DAKSHINA_KANNADA_1920,Karnataka,Dakshina Kannada,Dakshina Kannada,,DEPARTMENT_OFFICE,,Dakshina Kannada,Joint Director of Agriculture,,8277931060,8277931060,Dakshina Kannada,,VERIFIED_FROM_OFFICIAL_SOURCE,1,1920,Dakshina Kannada | Joint Director of Agriculture | 8277931060
KA_DAKSHINA_KANNADA_DAKSHINA_KANNADA_1924,Karnataka,Dakshina Kannada,Dakshina Kannada,,DEPARTMENT_OFFICE,,Mangalore,Deputy Director of Agriculture-1,,8277931061,8277931061,Mangalore,,VERIFIED_FROM_OFFICIAL_SOURCE,2,1924,Mangalore | Deputy Director of Agriculture-1 | 8277931061
KA_DAKSHINA_KANNADA_DAKSHINA_KANNADA_1928,Karnataka,Dakshina Kannada,Dakshina Kannada,,DEPARTMENT_OFFICE,,Puttur,Deputy Director of Agriculture-1,,8277931062,8277931062,Puttur,,VERIFIED_FROM_OFFICIAL_SOURCE,3,1928,Puttur | Deputy Director of Agriculture-1 | 8277931062
KA_DAKSHINA_KANNADA_DAKSHINA_KANNADA_1932,Karnataka,Dakshina Kannada,Dakshina Kannada,,DEPARTMENT_OFFICE,,Mangalore,Assistant Director of Agriculture -Vigilence,,8884002707,8884002707,Mangalore,,VERIFIED_FROM_OFFICIAL_SOURCE,4,1932,Mangalore | Assistant Director of Agriculture -Vigilence | 8884002707
KA_DAKSHINA_KANNADA_DAKSHINA_KANNADA_1936,Karnataka,Dakshina Kannada,Dakshina Kannada,,DEPARTMENT_OFFICE,,Mangalore,Assistant Director of Agriculture -SMS,,8884002746,8884002746,Mangalore,,VERIFIED_FROM_OFFICIAL_SOURCE,5,1936,Mangalore | Assistant Director of Agriculture -SMS | 8884002746
KA_DAKSHINA_KANNADA_DAKSHINA_KANNADA_1940,Karnataka,Dakshina Kannada,Dakshina Kannada,,DEPARTMENT_OFFICE,,Mangalore,Assistant Director of Agriculture -FM,,8884002801,8884002801,Mangalore,,VERIFIED_FROM_OFFICIAL_SOURCE,6,1940,Mangalore | Assistant Director of Agriculture -FM | 8884002801
KA_DAKSHINA_KANNADA_DAKSHINA_KANNADA_1944,Karnataka,Dakshina Kannada,Dakshina Kannada,,DEPARTMENT_OFFICE,,Mangalore,Assistant Director of Agriculture,,8277931071,8277931071,Mangalore,,VERIFIED_FROM_OFFICIAL_SOURCE,7,1944,Mangalore | Assistant Director of Agriculture | 8277931071
KA_DAKSHINA_KANNADA_DAKSHINA_KANNADA_1948,Karnataka,Dakshina Kannada,Dakshina Kannada,,DEPARTMENT_OFFICE,,Bantwal,Assistant Director of Agriculture (incharge),,8277931065,8277931065,Bantwal,,VERIFIED_FROM_OFFICIAL_SOURCE,8,1948,Bantwal | Assistant Director of Agriculture (incharge) | 8277931065
KA_DAKSHINA_KANNADA_DAKSHINA_KANNADA_1952,Karnataka,Dakshina Kannada,Dakshina Kannada,,DEPARTMENT_OFFICE,,Belthangadi,Assistant Director of Agriculture,,8277931066,8277931066,Belthangadi,,VERIFIED_FROM_OFFICIAL_SOURCE,9,1952,Belthangadi | Assistant Director of Agriculture | 8277931066
KA_DAKSHINA_KANNADA_DAKSHINA_KANNADA_1956,Karnataka,Dakshina Kannada,Dakshina Kannada,,DEPARTMENT_OFFICE,,Puttur,Assistant Director of Agriculture,,8277931068,8277931068,Puttur,,VERIFIED_FROM_OFFICIAL_SOURCE,10,1956,Puttur | Assistant Director of Agriculture | 8277931068
KA_DAKSHINA_KANNADA_DAKSHINA_KANNADA_1960,Karnataka,Dakshina Kannada,Dakshina Kannada,,DEPARTMENT_OFFICE,,Sullia,Assistant Director of Agriculture,,8277931069,8277931069,Sullia,,VERIFIED_FROM_OFFICIAL_SOURCE,11,1960,Sullia | Assistant Director of Agriculture | 8277931069
KA_DAKSHINA_KANNADA_DAKSHINA_KANNADA_1964,Karnataka,Dakshina Kannada,Dakshina Kannada,,DEPARTMENT_OFFICE,,Mangalore,Agriculture Officer,,8277928889,8277928889,Mangalore,,VERIFIED_FROM_OFFICIAL_SOURCE,12,1964,Mangalore | Agriculture Officer | 8277928889
KA_DAKSHINA_KANNADA_DAKSHINA_KANNADA_1968,Karnataka,Dakshina Kannada,Dakshina Kannada,,DEPARTMENT_OFFICE,,Bantwal,Agriculture Officer,,8277931079,8277931079,Bantwal,,VERIFIED_FROM_OFFICIAL_SOURCE,13,1968,Bantwal | Agriculture Officer | 8277931079
KA_DAKSHINA_KANNADA_DAKSHINA_KANNADA_1972,Karnataka,Dakshina Kannada,Dakshina Kannada,,DEPARTMENT_OFFICE,,Puttur,Agriculture Officer,,8277928887,8277928887,Puttur,,VERIFIED_FROM_OFFICIAL_SOURCE,14,1972,Puttur | Agriculture Officer | 8277928887
KA_DAVANAGERE_DAVANAGERE_1981,Karnataka,Davanagere,Davanagere,,DEPARTMENT_OFFICE,,"the Joint Director of Agriculture, Davanagere",Joint Director of Agriculture,,8277931101,8277931101,"O/o the Joint Director of Agriculture, Davanagere",,VERIFIED_FROM_OFFICIAL_SOURCE,1,1981,"O/o the Joint Director of Agriculture, Davanagere | Joint Director of Agriculture | 8277931101"
KA_DAVANAGERE_DAVANAGERE_1985,Karnataka,Davanagere,Davanagere,,DEPARTMENT_OFFICE,,"the Joint Director of Agriculture, Davanagere",Asst Director of Agriculture (HQ),,8277931107,8277931107,"O/o the Joint Director of Agriculture, Davanagere",,VERIFIED_FROM_OFFICIAL_SOURCE,2,1985,"O/o the Joint Director of Agriculture, Davanagere | Asst Director of Agriculture (HQ) | 8277931107"
KA_DAVANAGERE_DAVANAGERE_1989,Karnataka,Davanagere,Davanagere,,DEPARTMENT_OFFICE,,"the Joint Director of Agriculture, Davanagere",Asst Director of Agriculture (SMS),,8277931105,8277931105,"O/o the Joint Director of Agriculture, Davanagere",,VERIFIED_FROM_OFFICIAL_SOURCE,3,1989,"O/o the Joint Director of Agriculture, Davanagere | Asst Director of Agriculture (SMS) | 8277931105"
KA_DAVANAGERE_DAVANAGERE_1993,Karnataka,Davanagere,Davanagere,,DEPARTMENT_OFFICE,,"the Joint Director of Agriculture, Davanagere",Asst Director of Agriculture (VIZ-1),,8277931207,8277931207,"O/o the Joint Director of Agriculture, Davanagere",,VERIFIED_FROM_OFFICIAL_SOURCE,4,1993,"O/o the Joint Director of Agriculture, Davanagere | Asst Director of Agriculture (VIZ-1) | 8277931207"
KA_DAVANAGERE_DAVANAGERE_1997,Karnataka,Davanagere,Davanagere,,DEPARTMENT_OFFICE,,"the Joint Director of Agriculture, Davanagere",Asst Director of Agriculture (VIZ-2),,8277931106,8277931106,"O/o the Joint Director of Agriculture, Davanagere",,VERIFIED_FROM_OFFICIAL_SOURCE,5,1997,"O/o the Joint Director of Agriculture, Davanagere | Asst Director of Agriculture (VIZ-2) | 8277931106"
KA_DAVANAGERE_DAVANAGERE_2001,Karnataka,Davanagere,Davanagere,,DEPARTMENT_OFFICE,,"the Joint Director of Agriculture, Davanagere",Asst Director of Agriculture (FW),,8277928938,8277928938,"O/o the Joint Director of Agriculture, Davanagere",,VERIFIED_FROM_OFFICIAL_SOURCE,6,2001,"O/o the Joint Director of Agriculture, Davanagere | Asst Director of Agriculture (FW) | 8277928938"
KA_DAVANAGERE_DAVANAGERE_2005,Karnataka,Davanagere,Davanagere,,DEPARTMENT_OFFICE,,"the Joint Director of Agriculture, Davanagere",Agriculture Officer,,8277931158,8277931158,"O/o the Joint Director of Agriculture, Davanagere",,VERIFIED_FROM_OFFICIAL_SOURCE,7,2005,"O/o the Joint Director of Agriculture, Davanagere | Agriculture Officer | 8277931158"
KA_DAVANAGERE_DAVANAGERE_2009,Karnataka,Davanagere,Davanagere,,DEPARTMENT_OFFICE,,"the Joint Director of Agriculture, Davanagere",Agriculture Officer,,8277931149,8277931149,"O/o the Joint Director of Agriculture, Davanagere",,VERIFIED_FROM_OFFICIAL_SOURCE,8,2009,"O/o the Joint Director of Agriculture, Davanagere | Agriculture Officer | 8277931149"
KA_DAVANAGERE_DAVANAGERE_2013,Karnataka,Davanagere,Davanagere,,DEPARTMENT_OFFICE,,"the Deputy Director of Agriculture, Davanagere",Deputy Director of Agriculture,,8277931102,8277931102,"O/o the Deputy Director of Agriculture, Davanagere",,VERIFIED_FROM_OFFICIAL_SOURCE,9,2013,"O/o the Deputy Director of Agriculture, Davanagere | Deputy Director of Agriculture | 8277931102"
KA_DAVANAGERE_DAVANAGERE_2017,Karnataka,Davanagere,Davanagere,,DEPARTMENT_OFFICE,,"the Deputy Director of Agriculture, Davanagere",Agriculuter Officer,,8277931208,8277931208,"O/o the Deputy Director of Agriculture, Davanagere",,VERIFIED_FROM_OFFICIAL_SOURCE,10,2017,"O/o the Deputy Director of Agriculture, Davanagere | Agriculuter Officer | 8277931208"
KA_DAVANAGERE_DAVANAGERE_2021,Karnataka,Davanagere,Davanagere,,DEPARTMENT_OFFICE,,"the Deputy Director of Agriculture, Davanagere",Agriculuter Officer,,8277931161,8277931161,"O/o the Deputy Director of Agriculture, Davanagere",,VERIFIED_FROM_OFFICIAL_SOURCE,11,2021,"O/o the Deputy Director of Agriculture, Davanagere | Agriculuter Officer | 8277931161"
KA_DAVANAGERE_DAVANAGERE_2025,Karnataka,Davanagere,Davanagere,,DEPARTMENT_OFFICE,,"the Deputy Director of Agriculture, Honnali",Deputy Director of Agriculture,,8277931103,8277931103,"O/o the Deputy Director of Agriculture, Honnali",,VERIFIED_FROM_OFFICIAL_SOURCE,12,2025,"O/o the Deputy Director of Agriculture, Honnali | Deputy Director of Agriculture | 8277931103"
KA_DAVANAGERE_DAVANAGERE_2029,Karnataka,Davanagere,Davanagere,,DEPARTMENT_OFFICE,,"the Deputy Director of Agriculture, Honnali",Agriculture Officer,,8277931810,8277931810,"O/o the Deputy Director of Agriculture, Honnali",,VERIFIED_FROM_OFFICIAL_SOURCE,13,2029,"O/o the Deputy Director of Agriculture, Honnali | Agriculture Officer | 8277931810"
KA_DAVANAGERE_DAVANAGERE_2033,Karnataka,Davanagere,Davanagere,,DEPARTMENT_OFFICE,,"the Deputy Director of Agriculture, Honnali",Agriculture Officer,,8277931230,8277931230,"O/o the Deputy Director of Agriculture, Honnali",,VERIFIED_FROM_OFFICIAL_SOURCE,14,2033,"O/o the Deputy Director of Agriculture, Honnali | Agriculture Officer | 8277931230"
KA_DAVANAGERE_DAVANAGERE_2037,Karnataka,Davanagere,Davanagere,,DEPARTMENT_OFFICE,,"the Assistant Director of Agriculture, Davanagere",Assistent Director of Agriculture,,8277931128,8277931128,"O/o the Assistant Director of Agriculture, Davanagere",,VERIFIED_FROM_OFFICIAL_SOURCE,15,2037,"O/o the Assistant Director of Agriculture, Davanagere | Assistent Director of Agriculture | 8277931128"
KA_DAVANAGERE_DAVANAGERE_2041,Karnataka,Davanagere,Davanagere,,DEPARTMENT_OFFICE,,"the Assistant Director of Agriculture, Davanagere",Agriculuter Officer,,8277931129,8277931129,"O/o the Assistant Director of Agriculture, Davanagere",,VERIFIED_FROM_OFFICIAL_SOURCE,16,2041,"O/o the Assistant Director of Agriculture, Davanagere | Agriculuter Officer | 8277931129"
KA_DAVANAGERE_DAVANAGERE_2045,Karnataka,Davanagere,Davanagere,,DEPARTMENT_OFFICE,,"the Assistant Director of Agriculture, Davanagere",Agriculuter Officer,,8277931150,8277931150,"O/o the Assistant Director of Agriculture, Davanagere",,VERIFIED_FROM_OFFICIAL_SOURCE,17,2045,"O/o the Assistant Director of Agriculture, Davanagere | Agriculuter Officer | 8277931150"
KA_DAVANAGERE_DAVANAGERE_2049,Karnataka,Davanagere,Davanagere,,RSK,"the Raita Samparka Kendra, Davanagere","RSK the Raita Samparka Kendra, Davanagere",Agriculuter Officer,,8277931143,8277931143,"O/o the Raita Samparka Kendra, Davanagere",,VERIFIED_FROM_OFFICIAL_SOURCE,18,2049,"O/o the Raita Samparka Kendra, Davanagere | Agriculuter Officer | 8277931143"
KA_DAVANAGERE_DAVANAGERE_2053,Karnataka,Davanagere,Davanagere,,RSK,"the Raita Samparka Kendra, Davanagere","RSK the Raita Samparka Kendra, Davanagere",AAO,,8277931145,8277931145,"O/o the Raita Samparka Kendra, Davanagere",,VERIFIED_FROM_OFFICIAL_SOURCE,19,2053,"O/o the Raita Samparka Kendra, Davanagere | AAO | 8277931145"
KA_DAVANAGERE_DAVANAGERE_2057,Karnataka,Davanagere,Davanagere,,RSK,"the Raita Samparka Kendra, Davanagere","RSK the Raita Samparka Kendra, Davanagere",Assistant Agriculuter Officer,,8277931142,8277931142,"O/o the Raita Samparka Kendra, Davanagere",,VERIFIED_FROM_OFFICIAL_SOURCE,20,2057,"O/o the Raita Samparka Kendra, Davanagere | Assistant Agriculuter Officer | 8277931142"
KA_DAVANAGERE_DAVANAGERE_2061,Karnataka,Davanagere,Davanagere,,RSK,"the Raita Samparka Kendra, Anagodu, Davanagere Dist","RSK the Raita Samparka Kendra, Anagodu, Davanagere Dist",Agriculuter Officer,,8277931137,8277931137,"O/o the Raita Samparka Kendra, Anagodu, Davanagere Dist",,VERIFIED_FROM_OFFICIAL_SOURCE,21,2061,"O/o the Raita Samparka Kendra, Anagodu, Davanagere Dist | Agriculuter Officer | 8277931137"
KA_DAVANAGERE_DAVANAGERE_2065,Karnataka,Davanagere,Davanagere,,RSK,"the Raita Samparka Kendra, Anagodu, Davanagere Dist","RSK the Raita Samparka Kendra, Anagodu, Davanagere Dist",AAO,,8277931135,8277931135,"O/o the Raita Samparka Kendra, Anagodu, Davanagere Dist",,VERIFIED_FROM_OFFICIAL_SOURCE,22,2065,"O/o the Raita Samparka Kendra, Anagodu, Davanagere Dist | AAO | 8277931135"
KA_DAVANAGERE_DAVANAGERE_2069,Karnataka,Davanagere,Davanagere,,RSK,"the Raita Samparka Kendra, Mayakonda, Davanagere Dist","RSK the Raita Samparka Kendra, Mayakonda, Davanagere Dist",Agriculuter Officer,,8277931136,8277931136,"O/o the Raita Samparka Kendra, Mayakonda, Davanagere Dist",,VERIFIED_FROM_OFFICIAL_SOURCE,23,2069,"O/o the Raita Samparka Kendra, Mayakonda, Davanagere Dist | Agriculuter Officer | 8277931136"
KA_DAVANAGERE_HARIHARA_2073,Karnataka,Davanagere,Harihara,,DEPARTMENT_OFFICE,,"the Assistant Director of Agriculture, Harihara",Assistent Director of Agriculture,,8277931154,8277931154,"O/o the Assistant Director of Agriculture, Harihara",,VERIFIED_FROM_OFFICIAL_SOURCE,24,2073,"O/o the Assistant Director of Agriculture, Harihara | Assistent Director of Agriculture | 8277931154"
KA_DAVANAGERE_HARIHARA_2077,Karnataka,Davanagere,Harihara,,DEPARTMENT_OFFICE,,"the Assistant Director of Agriculture, Harihara",Agriculuter Officer,,8277931156,8277931156,"O/o the Assistant Director of Agriculture, Harihara",,VERIFIED_FROM_OFFICIAL_SOURCE,25,2077,"O/o the Assistant Director of Agriculture, Harihara | Agriculuter Officer | 8277931156"
KA_DAVANAGERE_HARIHARA_2081,Karnataka,Davanagere,Harihara,,DEPARTMENT_OFFICE,,"the Assistant Director of Agriculture, Harihara",Agriculuter Officer,,8277931124,8277931124,"O/o the Assistant Director of Agriculture, Harihara",,VERIFIED_FROM_OFFICIAL_SOURCE,26,2081,"O/o the Assistant Director of Agriculture, Harihara | Agriculuter Officer | 8277931124"
KA_DAVANAGERE_HARIHARA_2085,Karnataka,Davanagere,Harihara,,RSK,"the Raita Samparka Kendra, Kasaba Harihara","RSK the Raita Samparka Kendra, Kasaba Harihara",Agriculuter Officer,,8277931157,8277931157,"O/o the Raita Samparka Kendra, Kasaba Harihara",,VERIFIED_FROM_OFFICIAL_SOURCE,27,2085,"O/o the Raita Samparka Kendra, Kasaba Harihara | Agriculuter Officer | 8277931157"
KA_DAVANAGERE_HARIHARA_2089,Karnataka,Davanagere,Harihara,,RSK,"the Raita Samparka Kendra, Malebennuru, Harihara Tq","RSK the Raita Samparka Kendra, Malebennuru, Harihara Tq",Agriculuter Officer,,8277931163,8277931163,"O/o the Raita Samparka Kendra, Malebennuru, Harihara Tq",,VERIFIED_FROM_OFFICIAL_SOURCE,28,2089,"O/o the Raita Samparka Kendra, Malebennuru, Harihara Tq | Agriculuter Officer | 8277931163"
KA_DAVANAGERE_JAGALURU_2093,Karnataka,Davanagere,Jagaluru,,DEPARTMENT_OFFICE,,"the Assistant Director of Agriculture, Jagaluru",Assistent Director of Agriculture,,8277931171,8277931171,"O/o the Assistant Director of Agriculture, Jagaluru",,VERIFIED_FROM_OFFICIAL_SOURCE,29,2093,"O/o the Assistant Director of Agriculture, Jagaluru | Assistent Director of Agriculture | 8277931171"
KA_DAVANAGERE_JAGALURU_2097,Karnataka,Davanagere,Jagaluru,,DEPARTMENT_OFFICE,,"the Assistant Director of Agriculture, Jagaluru",Agriculuter Officer,,8277931172,8277931172,"O/o the Assistant Director of Agriculture, Jagaluru",,VERIFIED_FROM_OFFICIAL_SOURCE,30,2097,"O/o the Assistant Director of Agriculture, Jagaluru | Agriculuter Officer | 8277931172"
KA_DAVANAGERE_JAGALURU_2101,Karnataka,Davanagere,Jagaluru,,RSK,"the Raita Samparka Kendra, Bilichodu, Jagaluru Tq","RSK the Raita Samparka Kendra, Bilichodu, Jagaluru Tq",Agriculuter Officer,,8277931173,8277931173,"O/o the Raita Samparka Kendra, Bilichodu, Jagaluru Tq",,VERIFIED_FROM_OFFICIAL_SOURCE,31,2101,"O/o the Raita Samparka Kendra, Bilichodu, Jagaluru Tq | Agriculuter Officer | 8277931173"
KA_DAVANAGERE_JAGALURU_2105,Karnataka,Davanagere,Jagaluru,,RSK,"the Raita Samparka Kendra, Hosakere, Jagaluru Tq","RSK the Raita Samparka Kendra, Hosakere, Jagaluru Tq",Agriculuter Officer,,8277931176,8277931176,"O/o the Raita Samparka Kendra, Hosakere, Jagaluru Tq",,VERIFIED_FROM_OFFICIAL_SOURCE,32,2105,"O/o the Raita Samparka Kendra, Hosakere, Jagaluru Tq | Agriculuter Officer | 8277931176"
KA_DAVANAGERE_JAGALURU_2109,Karnataka,Davanagere,Jagaluru,,RSK,"the Raita Samparka Kendra, Kasaba Jagaluru","RSK the Raita Samparka Kendra, Kasaba Jagaluru",Agriculuter Officer,,8277931180,8277931180,"O/o the Raita Samparka Kendra, Kasaba Jagaluru",,VERIFIED_FROM_OFFICIAL_SOURCE,33,2109,"O/o the Raita Samparka Kendra, Kasaba Jagaluru | Agriculuter Officer | 8277931180"
KA_DAVANAGERE_HONNALI_2113,Karnataka,Davanagere,Honnali,,DEPARTMENT_OFFICE,,"the Assistant Director of Agriculture, Honnali",Assistent Director of Agriculture,,8277931198,8277931198,"O/o the Assistant Director of Agriculture, Honnali",,VERIFIED_FROM_OFFICIAL_SOURCE,34,2113,"O/o the Assistant Director of Agriculture, Honnali | Assistent Director of Agriculture | 8277931198"
KA_DAVANAGERE_HONNALI_2117,Karnataka,Davanagere,Honnali,,DEPARTMENT_OFFICE,,"the Assistant Director of Agriculture, Honnali",Agriculuter Officer,,8277931203,8277931203,"O/o the Assistant Director of Agriculture, Honnali",,VERIFIED_FROM_OFFICIAL_SOURCE,35,2117,"O/o the Assistant Director of Agriculture, Honnali | Agriculuter Officer | 8277931203"
KA_DAVANAGERE_HONNALI_2121,Karnataka,Davanagere,Honnali,,RSK,"the Raita Samparka Kendra, Kasaba Honnali","RSK the Raita Samparka Kendra, Kasaba Honnali",Agriculuter Officer,,8277931204,8277931204,"O/o the Raita Samparka Kendra, Kasaba Honnali",,VERIFIED_FROM_OFFICIAL_SOURCE,36,2121,"O/o the Raita Samparka Kendra, Kasaba Honnali | Agriculuter Officer | 8277931204"
KA_DAVANAGERE_HONNALI_2125,Karnataka,Davanagere,Honnali,,RSK,"the Raita Samparka Kendra, Kunduru, Honnali Tq","RSK the Raita Samparka Kendra, Kunduru, Honnali Tq",Agriculuter Officer,,8277931201,8277931201,"O/o the Raita Samparka Kendra, Kunduru, Honnali Tq",,VERIFIED_FROM_OFFICIAL_SOURCE,37,2125,"O/o the Raita Samparka Kendra, Kunduru, Honnali Tq | Agriculuter Officer | 8277931201"
KA_DAVANAGERE_HONNALI_2129,Karnataka,Davanagere,Honnali,,RSK,"the Raita Samparka Kendra, Kasaba Honnali","RSK the Raita Samparka Kendra, Kasaba Honnali",Agriculuter Officer,,8277931224,8277931224,"O/o the Raita Samparka Kendra, Kasaba Honnali",,VERIFIED_FROM_OFFICIAL_SOURCE,38,2129,"O/o the Raita Samparka Kendra, Kasaba Honnali | Agriculuter Officer | 8277931224"
KA_DAVANAGERE_HONNALI_2133,Karnataka,Davanagere,Honnali,,RSK,"the Raita Samparka Kendra, Saswehalli, Honnali Tq","RSK the Raita Samparka Kendra, Saswehalli, Honnali Tq",Agriculuter Officer,,8277931225,8277931225,"O/o the Raita Samparka Kendra, Saswehalli, Honnali Tq",,VERIFIED_FROM_OFFICIAL_SOURCE,39,2133,"O/o the Raita Samparka Kendra, Saswehalli, Honnali Tq | Agriculuter Officer | 8277931225"
KA_DAVANAGERE_HONNALI_2137,Karnataka,Davanagere,Honnali,,RSK,"the Raita Samparka Kendra, Nyamati, Honnali Tq","RSK the Raita Samparka Kendra, Nyamati, Honnali Tq",Agriculuter Officer,,8277931223,8277931223,"O/o the Raita Samparka Kendra, Nyamati, Honnali Tq",,VERIFIED_FROM_OFFICIAL_SOURCE,40,2137,"O/o the Raita Samparka Kendra, Nyamati, Honnali Tq | Agriculuter Officer | 8277931223"
KA_DAVANAGERE_HONNALI_2141,Karnataka,Davanagere,Honnali,,RSK,"the Raita Samparka Kendra, Nyamati, Honnali Tq","RSK the Raita Samparka Kendra, Nyamati, Honnali Tq",Agriculuter Officer,,8277931209,8277931209,"O/o the Raita Samparka Kendra, Nyamati, Honnali Tq",,VERIFIED_FROM_OFFICIAL_SOURCE,41,2141,"O/o the Raita Samparka Kendra, Nyamati, Honnali Tq | Agriculuter Officer | 8277931209"
KA_DAVANAGERE_HONNALI_2145,Karnataka,Davanagere,Honnali,,RSK,"the Raita Samparka Kendra, Nyamati, Honnali Tq","RSK the Raita Samparka Kendra, Nyamati, Honnali Tq",Agriculuter Officer,,8277931220,8277931220,"O/o the Raita Samparka Kendra, Nyamati, Honnali Tq",,VERIFIED_FROM_OFFICIAL_SOURCE,42,2145,Agriculuter Officer | 8277931220
KA_DAVANAGERE_HONNALI_2148,Karnataka,Davanagere,Honnali,,RSK,"the Raita Samparka Kendra, Nyamati, Honnali Tq","RSK the Raita Samparka Kendra, Nyamati, Honnali Tq",Assistent Agriculuter Officer,,8277931216,8277931216,"O/o the Raita Samparka Kendra, Nyamati, Honnali Tq",,VERIFIED_FROM_OFFICIAL_SOURCE,43,2148,Assistent Agriculuter Officer | 8277931216
KA_DAVANAGERE_CHANNAGIRI_2151,Karnataka,Davanagere,Channagiri,,DEPARTMENT_OFFICE,,"the Assistant Director of Agriculture, Channagiri",Assistent Director of Agriculture,,8277931232,8277931232,"O/o the Assistant Director of Agriculture, Channagiri",,VERIFIED_FROM_OFFICIAL_SOURCE,44,2151,"O/o the Assistant Director of Agriculture, Channagiri | Assistent Director of Agriculture | 8277931232"
KA_DAVANAGERE_CHANNAGIRI_2155,Karnataka,Davanagere,Channagiri,,DEPARTMENT_OFFICE,,"the Assistant Director of Agriculture, Channagiri",Agriculuter Officer,,8277931236,8277931236,"O/o the Assistant Director of Agriculture, Channagiri",,VERIFIED_FROM_OFFICIAL_SOURCE,45,2155,"O/o the Assistant Director of Agriculture, Channagiri | Agriculuter Officer | 8277931236"
KA_DAVANAGERE_CHANNAGIRI_2159,Karnataka,Davanagere,Channagiri,,RSK,"the Raita Samparka Kendra, Kasaba Channagiri","RSK the Raita Samparka Kendra, Kasaba Channagiri",Agriculuter Officer,,8277931233,8277931233,"O/o the Raita Samparka Kendra, Kasaba Channagiri",,VERIFIED_FROM_OFFICIAL_SOURCE,46,2159,"O/o the Raita Samparka Kendra, Kasaba Channagiri | Agriculuter Officer | 8277931233"
KA_DAVANAGERE_CHANNAGIRI_2163,Karnataka,Davanagere,Channagiri,,RSK,"the Raita Samparka Kendra, Basavapattana, Channagiri Tq","RSK the Raita Samparka Kendra, Basavapattana, Channagiri Tq",Agriculuter Officer,,8277931238,8277931238,"O/o the Raita Samparka Kendra, Basavapattana, Channagiri Tq",,VERIFIED_FROM_OFFICIAL_SOURCE,47,2163,"O/o the Raita Samparka Kendra, Basavapattana, Channagiri Tq | Agriculuter Officer | 8277931238"
KA_DAVANAGERE_CHANNAGIRI_2167,Karnataka,Davanagere,Channagiri,,RSK,"the Raita Samparka Kendra, Devarahalli, Channagiri Tq","RSK the Raita Samparka Kendra, Devarahalli, Channagiri Tq",Agriculuter Officer,,8277928999,8277928999,"O/o the Raita Samparka Kendra, Devarahalli, Channagiri Tq",,VERIFIED_FROM_OFFICIAL_SOURCE,48,2167,"O/o the Raita Samparka Kendra, Devarahalli, Channagiri Tq | Agriculuter Officer | 8277928999"
KA_DAVANAGERE_CHANNAGIRI_2171,Karnataka,Davanagere,Channagiri,,RSK,"the Raita Samparka Kendra, Tyavanagi, Channagiri Tq","RSK the Raita Samparka Kendra, Tyavanagi, Channagiri Tq",Agriculuter Officer,,8277931247,8277931247,"O/o the Raita Samparka Kendra, Tyavanagi, Channagiri Tq",,VERIFIED_FROM_OFFICIAL_SOURCE,49,2171,"O/o the Raita Samparka Kendra, Tyavanagi, Channagiri Tq | Agriculuter Officer | 8277931247"
KA_DAVANAGERE_CHANNAGIRI_2175,Karnataka,Davanagere,Channagiri,,RSK,"the Raita Samparka Kendra, Santebennuru, Channagiri Tq","RSK the Raita Samparka Kendra, Santebennuru, Channagiri Tq",Agriculuter Officer,,8882003435,8882003435,"O/o the Raita Samparka Kendra, Santebennuru, Channagiri Tq",,VERIFIED_FROM_OFFICIAL_SOURCE,50,2175,"O/o the Raita Samparka Kendra, Santebennuru, Channagiri Tq | Agriculuter Officer | 8882003435"
KA_DAVANAGERE_CHANNAGIRI_2179,Karnataka,Davanagere,Channagiri,,RSK,"the Raita Samparka Kendra, Hosahalli, Channagiri Tq","RSK the Raita Samparka Kendra, Hosahalli, Channagiri Tq",Agriculuter Officer,,8277931245,8277931245,"O/o the Raita Samparka Kendra, Hosahalli, Channagiri Tq",,VERIFIED_FROM_OFFICIAL_SOURCE,51,2179,"O/o the Raita Samparka Kendra, Hosahalli, Channagiri Tq | Agriculuter Officer | 8277931245"
KA_DAVANAGERE_CHANNAGIRI_2183,Karnataka,Davanagere,Channagiri,,DEPARTMENT_OFFICE,,"the Deputy Director of Agriculture, Fertilizer Control Lab, Kadajji","Deputy Director of Agriculture, FCL",,8277931104,8277931104,"O/o the Deputy Director of Agriculture, Fertilizer Control Lab, Kadajji",,VERIFIED_FROM_OFFICIAL_SOURCE,52,2183,"O/o the Deputy Director of Agriculture, Fertilizer Control Lab, Kadajji | Deputy Director of Agriculture, FCL | 8277931104"
KA_DAVANAGERE_CHANNAGIRI_2187,Karnataka,Davanagere,Channagiri,,DEPARTMENT_OFFICE,,"the Deputy Director of Agriculture, Fertilizer Control Lab, Kadajji",Agriculuter Officer,,8277928998,8277928998,"O/o the Deputy Director of Agriculture, Fertilizer Control Lab, Kadajji",,VERIFIED_FROM_OFFICIAL_SOURCE,53,2187,"O/o the Deputy Director of Agriculture, Fertilizer Control Lab, Kadajji | Agriculuter Officer | 8277928998"
KA_DAVANAGERE_SEED_TESTING_LAB_2191,Karnataka,Davanagere,Seed Testing Lab,,DEPARTMENT_OFFICE,,"the Assistant Director of Agriculture, Seed Testing Lab, Davanagere","Assistent Director of Agriculture, STL",,8277931264,8277931264,"O/o the Assistant Director of Agriculture, Seed Testing Lab, Davanagere",,VERIFIED_FROM_OFFICIAL_SOURCE,54,2191,"O/o the Assistant Director of Agriculture, Seed Testing Lab, Davanagere | Assistent Director of Agriculture, STL | 8277931264"
KA_DAVANAGERE_SEED_TESTING_LAB_2195,Karnataka,Davanagere,Seed Testing Lab,,DEPARTMENT_OFFICE,,"the Assistant Director of Agriculture, Seed Testing Lab, Davanagere",Agriculuter Officer,,8277931265,8277931265,"O/o the Assistant Director of Agriculture, Seed Testing Lab, Davanagere",,VERIFIED_FROM_OFFICIAL_SOURCE,55,2195,"O/o the Assistant Director of Agriculture, Seed Testing Lab, Davanagere | Agriculuter Officer | 8277931265"
KA_DAVANAGERE_SEED_TESTING_LAB_2199,Karnataka,Davanagere,Seed Testing Lab,,DEPARTMENT_OFFICE,,"the Assistant Director of Agriculture, Seed Testing Lab, Davanagere",Agriculuter Officer,,8277931266,8277931266,"O/o the Assistant Director of Agriculture, Seed Testing Lab, Davanagere",,VERIFIED_FROM_OFFICIAL_SOURCE,56,2199,"O/o the Assistant Director of Agriculture, Seed Testing Lab, Davanagere | Agriculuter Officer | 8277931266"
KA_DAVANAGERE_SEED_TESTING_LAB_2203,Karnataka,Davanagere,Seed Testing Lab,,DEPARTMENT_OFFICE,,"the Assistant Director of Agriculture, Seed Testing Lab, Davanagere",Agriculuter Officer,,8277931267,8277931267,"O/o the Assistant Director of Agriculture, Seed Testing Lab, Davanagere",,VERIFIED_FROM_OFFICIAL_SOURCE,57,2203,"O/o the Assistant Director of Agriculture, Seed Testing Lab, Davanagere | Agriculuter Officer | 8277931267"
KA_DAVANAGERE_SEED_TESTING_LAB_2207,Karnataka,Davanagere,Seed Testing Lab,,DEPARTMENT_OFFICE,,"the Assistant Director of Agriculture, Seed Testing Lab, Davanagere",Agriculuter Officer,,8277931262,8277931262,"O/o the Assistant Director of Agriculture, Seed Testing Lab, Davanagere",,VERIFIED_FROM_OFFICIAL_SOURCE,58,2207,"O/o the Assistant Director of Agriculture, Seed Testing Lab, Davanagere | Agriculuter Officer | 8277931262"
KA_DAVANAGERE_BIO_CONTROL_LAB_2211,Karnataka,Davanagere,bio Control Lab,,DEPARTMENT_OFFICE,,"the Assistant Director of Agriculture, bio Control Lab, Kadajji","Assistent Director of Agriculture, BCL",,8277931109,8277931109,"O/o the Assistant Director of Agriculture, bio Control Lab, Kadajji",,VERIFIED_FROM_OFFICIAL_SOURCE,59,2211,"O/o the Assistant Director of Agriculture, bio Control Lab, Kadajji | Assistent Director of Agriculture, BCL | 8277931109"
KA_DAVANAGERE_BIO_CONTROL_LAB_2215,Karnataka,Davanagere,bio Control Lab,,DEPARTMENT_OFFICE,,"the Assistant Director of Agriculture, bio Control Lab, Kadajji",Agriculture Officer,,8277931255,8277931255,"O/o the Assistant Director of Agriculture, bio Control Lab, Kadajji",,VERIFIED_FROM_OFFICIAL_SOURCE,60,2215,"O/o the Assistant Director of Agriculture, bio Control Lab, Kadajji | Agriculture Officer | 8277931255"
KA_DAVANAGERE_BIO_CONTROL_LAB_2219,Karnataka,Davanagere,bio Control Lab,,DEPARTMENT_OFFICE,,"the Assistant Director of Agriculture, bio Control Lab, Kadajji",Agriculture Officer,,8277928952,8277928952,"O/o the Assistant Director of Agriculture, bio Control Lab, Kadajji",,VERIFIED_FROM_OFFICIAL_SOURCE,61,2219,"O/o the Assistant Director of Agriculture, bio Control Lab, Kadajji | Agriculture Officer | 8277928952"
KA_DAVANAGERE_DISTRICT_AGRICULTURE_TRAINING_CENTER_2223,Karnataka,Davanagere,District Agriculture Training Center,,DEPARTMENT_OFFICE,,"the Assistant Director of Agriculture, District Agriculture Training Center, Kadajji","Assistent Director of Agriculture, FW, DATC",,8277928964,8277928964,"O/o the Assistant Director of Agriculture, District Agriculture Training Center, Kadajji",,VERIFIED_FROM_OFFICIAL_SOURCE,62,2223,"O/o the Assistant Director of Agriculture, District Agriculture Training Center, Kadajji | Assistent Director of Agriculture, FW, DATC | 8277928964"
KA_DHARWAD_DHARWAD_2232,Karnataka,Dharwad,Dharwad,,DEPARTMENT_OFFICE,,JDA Office Dharwad,JDA Dharwad,,8277931270,8277931270,JDA Office Dharwad,,VERIFIED_FROM_OFFICIAL_SOURCE,1,2232,JDA Office Dharwad | JDA Dharwad | 8277931270
KA_DHARWAD_DHARWAD_2236,Karnataka,Dharwad,Dharwad,,DEPARTMENT_OFFICE,,JDA Office Dharwad,ADA (HQ),,8277931283,8277931283,JDA Office Dharwad,,VERIFIED_FROM_OFFICIAL_SOURCE,2,2236,JDA Office Dharwad | ADA (HQ) | 8277931283
KA_DHARWAD_DHARWAD_2240,Karnataka,Dharwad,Dharwad,,DEPARTMENT_OFFICE,,JDA Office Dharwad,ADA (SMS),,8277931276,8277931276,JDA Office Dharwad,,VERIFIED_FROM_OFFICIAL_SOURCE,3,2240,JDA Office Dharwad | ADA (SMS) | 8277931276
KA_DHARWAD_DHARWAD_2244,Karnataka,Dharwad,Dharwad,,DEPARTMENT_OFFICE,,JDA Office Dharwad,ADA Vig-1,,8277931274,8277931274,JDA Office Dharwad,,VERIFIED_FROM_OFFICIAL_SOURCE,4,2244,JDA Office Dharwad | ADA Vig-1 | 8277931274
KA_DHARWAD_DHARWAD_2248,Karnataka,Dharwad,Dharwad,,DEPARTMENT_OFFICE,,JDA Office Dharwad,ADA Vig-2,,8277931376,8277931376,JDA Office Dharwad,,VERIFIED_FROM_OFFICIAL_SOURCE,5,2248,JDA Office Dharwad | ADA Vig-2 | 8277931376
KA_DHARWAD_DHARWAD_2252,Karnataka,Dharwad,Dharwad,,DEPARTMENT_OFFICE,,JDA Office Dharwad,ADA,,8277931374,8277931374,JDA Office Dharwad,,VERIFIED_FROM_OFFICIAL_SOURCE,6,2252,JDA Office Dharwad | ADA | 8277931374
KA_DHARWAD_DHARWAD_2256,Karnataka,Dharwad,Dharwad,,DEPARTMENT_OFFICE,,JDA Office Dharwad,ADA (M&E),,8277931275,8277931275,JDA Office Dharwad,,VERIFIED_FROM_OFFICIAL_SOURCE,7,2256,JDA Office Dharwad | ADA (M&E) | 8277931275
KA_DHARWAD_DHARWAD_2260,Karnataka,Dharwad,Dharwad,,DEPARTMENT_OFFICE,,JDA Office Dharwad,AO,,8277931303,8277931303,JDA Office Dharwad,,VERIFIED_FROM_OFFICIAL_SOURCE,8,2260,JDA Office Dharwad | AO | 8277931303
KA_DHARWAD_DHARWAD_2264,Karnataka,Dharwad,Dharwad,,DEPARTMENT_OFFICE,,JDA Office Dharwad,AO,,9071449950,9071449950,JDA Office Dharwad,,VERIFIED_FROM_OFFICIAL_SOURCE,9,2264,JDA Office Dharwad | AO | 9071449950
KA_DHARWAD_DHARWAD_2268,Karnataka,Dharwad,Dharwad,,DEPARTMENT_OFFICE,,JDA Office Dharwad,AO,,8277931299,8277931299,JDA Office Dharwad,,VERIFIED_FROM_OFFICIAL_SOURCE,10,2268,JDA Office Dharwad | AO | 8277931299
KA_DHARWAD_DHARWAD_2272,Karnataka,Dharwad,Dharwad,,DEPARTMENT_OFFICE,,DDA-1 Office Dharwad,DDA,,9071449975,9071449975,DDA-1 Office Dharwad,,VERIFIED_FROM_OFFICIAL_SOURCE,11,2272,DDA-1 Office Dharwad | DDA | 9071449975
KA_DHARWAD_DHARWAD_2276,Karnataka,Dharwad,Dharwad,,DEPARTMENT_OFFICE,,DDA-1 Office Dharwad,AO,,8277931398,8277931398,DDA-1 Office Dharwad,,VERIFIED_FROM_OFFICIAL_SOURCE,12,2276,DDA-1 Office Dharwad | AO | 8277931398
KA_DHARWAD_DHARWAD_2280,Karnataka,Dharwad,Dharwad,,DEPARTMENT_OFFICE,,DDA-1 Office Dharwad,AO,,8277931375,8277931375,DDA-1 Office Dharwad,,VERIFIED_FROM_OFFICIAL_SOURCE,13,2280,DDA-1 Office Dharwad | AO | 8277931375
KA_DHARWAD_DHARWAD_2284,Karnataka,Dharwad,Dharwad,,DEPARTMENT_OFFICE,,DDA-2 Office Dharwad,DDA,,8277931272,8277931272,DDA-2 Office Dharwad,,VERIFIED_FROM_OFFICIAL_SOURCE,14,2284,DDA-2 Office Dharwad | DDA | 8277931272
KA_DHARWAD_DHARWAD_2288,Karnataka,Dharwad,Dharwad,,DEPARTMENT_OFFICE,,DDA-2 Office Hubli,AO,,8277931289,8277931289,DDA-2 Office Hubli,,VERIFIED_FROM_OFFICIAL_SOURCE,15,2288,DDA-2 Office Hubli | AO | 8277931289
KA_DHARWAD_DHARWAD_2292,Karnataka,Dharwad,Dharwad,,DEPARTMENT_OFFICE,,DDA-2 Office Hubli,AO,,8277931322,8277931322,DDA-2 Office Hubli,,VERIFIED_FROM_OFFICIAL_SOURCE,16,2292,DDA-2 Office Hubli | AO | 8277931322
KA_DHARWAD_DHARWAD_2296,Karnataka,Dharwad,Dharwad,,DEPARTMENT_OFFICE,,ADA Dharwad,ADA,,8277931285,8277931285,ADA Dharwad,,VERIFIED_FROM_OFFICIAL_SOURCE,17,2296,ADA Dharwad | ADA | 8277931285
KA_DHARWAD_DHARWAD_2300,Karnataka,Dharwad,Dharwad,,DEPARTMENT_OFFICE,,ADA Dharwad,AO,,8277931307,8277931307,ADA Dharwad,,VERIFIED_FROM_OFFICIAL_SOURCE,18,2300,ADA Dharwad | AO | 8277931307
KA_DHARWAD_DHARWAD_2304,Karnataka,Dharwad,Dharwad,,DEPARTMENT_OFFICE,,ADA Dharwad,AO,,8277931312,8277931312,ADA Dharwad,,VERIFIED_FROM_OFFICIAL_SOURCE,19,2304,ADA Dharwad | AO | 8277931312
KA_DHARWAD_DHARWAD_2308,Karnataka,Dharwad,Dharwad,,DEPARTMENT_OFFICE,,ADA Dharwad,AO,,8277931315,8277931315,ADA Dharwad,,VERIFIED_FROM_OFFICIAL_SOURCE,20,2308,ADA Dharwad | AO | 8277931315
KA_DHARWAD_DHARWAD_2312,Karnataka,Dharwad,Dharwad,,DEPARTMENT_OFFICE,,ADA Dharwad,AO,,8277931317,8277931317,ADA Dharwad,,VERIFIED_FROM_OFFICIAL_SOURCE,21,2312,ADA Dharwad | AO | 8277931317
KA_DHARWAD_DHARWAD_2316,Karnataka,Dharwad,Dharwad,,DEPARTMENT_OFFICE,,ADA Dharwad,AO,,8277931319,8277931319,ADA Dharwad,,VERIFIED_FROM_OFFICIAL_SOURCE,22,2316,ADA Dharwad | AO | 8277931319
KA_DHARWAD_DHARWAD_2320,Karnataka,Dharwad,Dharwad,,DEPARTMENT_OFFICE,,ADA Dharwad,AO,,8277931310,8277931310,ADA Dharwad,,VERIFIED_FROM_OFFICIAL_SOURCE,23,2320,ADA Dharwad | AO | 8277931310
KA_DHARWAD_DHARWAD_2324,Karnataka,Dharwad,Dharwad,,DEPARTMENT_OFFICE,,ADA Dharwad,AO,,8277931302,8277931302,ADA Dharwad,,VERIFIED_FROM_OFFICIAL_SOURCE,24,2324,ADA Dharwad | AO | 8277931302
KA_DHARWAD_DHARWAD_2328,Karnataka,Dharwad,Dharwad,,DEPARTMENT_OFFICE,,ADA Dharwad,AO,,8277931311,8277931311,ADA Dharwad,,VERIFIED_FROM_OFFICIAL_SOURCE,25,2328,ADA Dharwad | AO | 8277931311
KA_DHARWAD_DHARWAD_2332,Karnataka,Dharwad,Dharwad,,DEPARTMENT_OFFICE,,ADA Dharwad,AO,,8277931301,8277931301,ADA Dharwad,,VERIFIED_FROM_OFFICIAL_SOURCE,26,2332,ADA Dharwad | AO | 8277931301
KA_DHARWAD_HUBLI_2336,Karnataka,Dharwad,Hubli,,DEPARTMENT_OFFICE,,ADA Hubli,ADA,,8277931288,8277931288,ADA Hubli,,VERIFIED_FROM_OFFICIAL_SOURCE,27,2336,ADA Hubli | ADA | 8277931288
KA_DHARWAD_HUBLI_2340,Karnataka,Dharwad,Hubli,,DEPARTMENT_OFFICE,,ADA Hubli,ADA Hubli,,8277931338,8277931338,ADA Hubli,,VERIFIED_FROM_OFFICIAL_SOURCE,28,2340,ADA Hubli | 8277931338
KA_DHARWAD_HUBLI_2343,Karnataka,Dharwad,Hubli,,DEPARTMENT_OFFICE,,ADA Hubli,AO,,8277931332,8277931332,ADA Hubli,,VERIFIED_FROM_OFFICIAL_SOURCE,29,2343,ADA Hubli | AO | 8277931332
KA_DHARWAD_HUBLI_2347,Karnataka,Dharwad,Hubli,,DEPARTMENT_OFFICE,,ADA Hubli,AO,,8277931340,8277931340,ADA Hubli,,VERIFIED_FROM_OFFICIAL_SOURCE,30,2347,ADA Hubli | AO | 8277931340
KA_DHARWAD_HUBLI_2351,Karnataka,Dharwad,Hubli,,DEPARTMENT_OFFICE,,ADA Hubli,AO,,8277931327,8277931327,ADA Hubli,,VERIFIED_FROM_OFFICIAL_SOURCE,31,2351,ADA Hubli | AO | 8277931327
KA_DHARWAD_HUBLI_2355,Karnataka,Dharwad,Hubli,,DEPARTMENT_OFFICE,,ADA Hubli,AO,,8277931324,8277931324,ADA Hubli,,VERIFIED_FROM_OFFICIAL_SOURCE,32,2355,ADA Hubli | AO | 8277931324
KA_DHARWAD_HUBLI_2359,Karnataka,Dharwad,Hubli,,DEPARTMENT_OFFICE,,ADA Hubli,AO,,8277931325,8277931325,ADA Hubli,,VERIFIED_FROM_OFFICIAL_SOURCE,33,2359,ADA Hubli | AO | 8277931325
KA_DHARWAD_HUBLI_2363,Karnataka,Dharwad,Hubli,,DEPARTMENT_OFFICE,,ADA Hubli,AO,,8277931290,8277931290,ADA Hubli,,VERIFIED_FROM_OFFICIAL_SOURCE,34,2363,ADA Hubli | AO | 8277931290
KA_DHARWAD_HUBLI_2367,Karnataka,Dharwad,Hubli,,DEPARTMENT_OFFICE,,ADA Hubli,AO,,8277931337,8277931337,ADA Hubli,,VERIFIED_FROM_OFFICIAL_SOURCE,35,2367,ADA Hubli | AO | 8277931337
KA_DHARWAD_HUBLI_2371,Karnataka,Dharwad,Hubli,,DEPARTMENT_OFFICE,,ADA Hubli,AO,,9071449961,9071449961,ADA Hubli,,VERIFIED_FROM_OFFICIAL_SOURCE,36,2371,ADA Hubli | AO | 9071449961
KA_DHARWAD_KALAGHATAGI_2375,Karnataka,Dharwad,Kalaghatagi,,DEPARTMENT_OFFICE,,ADA Kalaghatagi,ADA,,8277931291,8277931291,ADA Kalaghatagi,,VERIFIED_FROM_OFFICIAL_SOURCE,37,2375,ADA Kalaghatagi | ADA | 8277931291
KA_DHARWAD_KALAGHATAGI_2379,Karnataka,Dharwad,Kalaghatagi,,DEPARTMENT_OFFICE,,ADA Kalaghatagi,AO,,8277931341,8277931341,ADA Kalaghatagi,,VERIFIED_FROM_OFFICIAL_SOURCE,38,2379,ADA Kalaghatagi | AO | 8277931341
KA_DHARWAD_KALAGHATAGI_2383,Karnataka,Dharwad,Kalaghatagi,,DEPARTMENT_OFFICE,,ADA Kalaghatagi,AO,,8884002913,8884002913,ADA Kalaghatagi,,VERIFIED_FROM_OFFICIAL_SOURCE,39,2383,ADA Kalaghatagi | AO | 8884002913
KA_DHARWAD_KALAGHATAGI_2387,Karnataka,Dharwad,Kalaghatagi,,DEPARTMENT_OFFICE,,ADA Kalaghatagi,AO,,8277931280,8277931280,ADA Kalaghatagi,,VERIFIED_FROM_OFFICIAL_SOURCE,40,2387,ADA Kalaghatagi | AO | 8277931280
KA_DHARWAD_KALAGHATAGI_2391,Karnataka,Dharwad,Kalaghatagi,,DEPARTMENT_OFFICE,,ADA Kalaghatagi,AO,,8277931342,8277931342,ADA Kalaghatagi,,VERIFIED_FROM_OFFICIAL_SOURCE,41,2391,ADA Kalaghatagi | AO | 8277931342
KA_DHARWAD_KUNDAGOL_2395,Karnataka,Dharwad,Kundagol,,DEPARTMENT_OFFICE,,ADA Kundagol,ADA,,9071449976,9071449976,ADA Kundagol,,VERIFIED_FROM_OFFICIAL_SOURCE,42,2395,ADA Kundagol | ADA | 9071449976
KA_DHARWAD_KUNDAGOL_2399,Karnataka,Dharwad,Kundagol,,DEPARTMENT_OFFICE,,ADA Kundagol,AO,,8277931357,8277931357,ADA Kundagol,,VERIFIED_FROM_OFFICIAL_SOURCE,43,2399,ADA Kundagol | AO | 8277931357
KA_DHARWAD_KUNDAGOL_2403,Karnataka,Dharwad,Kundagol,,DEPARTMENT_OFFICE,,ADA Kundagol,AO,,8277931353,8277931353,ADA Kundagol,,VERIFIED_FROM_OFFICIAL_SOURCE,44,2403,ADA Kundagol | AO | 8277931353
KA_DHARWAD_KUNDAGOL_2407,Karnataka,Dharwad,Kundagol,,DEPARTMENT_OFFICE,,ADA Kundagol,AO,,8277931361,8277931361,ADA Kundagol,,VERIFIED_FROM_OFFICIAL_SOURCE,45,2407,ADA Kundagol | AO | 8277931361
KA_DHARWAD_KUNDAGOL_2411,Karnataka,Dharwad,Kundagol,,DEPARTMENT_OFFICE,,ADA Kundagol,AO,,9071449962,9071449962,ADA Kundagol,,VERIFIED_FROM_OFFICIAL_SOURCE,46,2411,ADA Kundagol | AO | 9071449962
KA_DHARWAD_NAVALGUND_2415,Karnataka,Dharwad,Navalgund,,DEPARTMENT_OFFICE,,ADA Navalgund,AO,,8277931362,8277931362,ADA Navalgund,,VERIFIED_FROM_OFFICIAL_SOURCE,47,2415,ADA Navalgund | AO | 8277931362
KA_DHARWAD_NAVALGUND_2419,Karnataka,Dharwad,Navalgund,,DEPARTMENT_OFFICE,,ADA Navalgund,ADA,,8277931295,8277931295,ADA Navalgund,,VERIFIED_FROM_OFFICIAL_SOURCE,48,2419,ADA Navalgund | ADA | 8277931295
KA_DHARWAD_NAVALGUND_2423,Karnataka,Dharwad,Navalgund,,DEPARTMENT_OFFICE,,ADA Navalgund,AO,,8277931366,8277931366,ADA Navalgund,,VERIFIED_FROM_OFFICIAL_SOURCE,49,2423,ADA Navalgund | AO | 8277931366
KA_DHARWAD_NAVALGUND_2427,Karnataka,Dharwad,Navalgund,,DEPARTMENT_OFFICE,,ADA Navalgund,AO,,8277931370,8277931370,ADA Navalgund,,VERIFIED_FROM_OFFICIAL_SOURCE,50,2427,ADA Navalgund | AO | 8277931370
KA_DHARWAD_NAVALGUND_2431,Karnataka,Dharwad,Navalgund,,DEPARTMENT_OFFICE,,ADA Navalgund,AO,,8277931363,8277931363,ADA Navalgund,,VERIFIED_FROM_OFFICIAL_SOURCE,51,2431,ADA Navalgund | AO | 8277931363
KA_DHARWAD_NAVALGUND_2435,Karnataka,Dharwad,Navalgund,,DEPARTMENT_OFFICE,,ADA Navalgund,AO,,8277931365,8277931365,ADA Navalgund,,VERIFIED_FROM_OFFICIAL_SOURCE,52,2435,ADA Navalgund | AO | 8277931365
KA_DHARWAD_NAVALGUND_2439,Karnataka,Dharwad,Navalgund,,DEPARTMENT_OFFICE,,DATC Dharwad,ADA,,8277931380,8277931380,DATC Dharwad,,VERIFIED_FROM_OFFICIAL_SOURCE,53,2439,DATC Dharwad | ADA | 8277931380
KA_DHARWAD_NAVALGUND_2443,Karnataka,Dharwad,Navalgund,,DEPARTMENT_OFFICE,,DATC Dharwad,ADA,,8277931382,8277931382,DATC Dharwad,,VERIFIED_FROM_OFFICIAL_SOURCE,54,2443,DATC Dharwad | ADA | 8277931382
KA_DHARWAD_NAVALGUND_2447,Karnataka,Dharwad,Navalgund,,DEPARTMENT_OFFICE,,DATC Dharwad,AO,,8277931316,8277931316,DATC Dharwad,,VERIFIED_FROM_OFFICIAL_SOURCE,55,2447,DATC Dharwad | AO | 8277931316
KA_DHARWAD_STL_DHARWAD_2451,Karnataka,Dharwad,STL Dharwad,,DEPARTMENT_OFFICE,,ADA STL Dharwad,AO,,9071449959,9071449959,ADA STL Dharwad,,VERIFIED_FROM_OFFICIAL_SOURCE,56,2451,ADA STL Dharwad | AO | 9071449959
KA_DHARWAD_STL_DHARWAD_2455,Karnataka,Dharwad,STL Dharwad,,DEPARTMENT_OFFICE,,ADA(STL) Dharwad,ADA,,8277931284,8277931284,ADA(STL) Dharwad,,VERIFIED_FROM_OFFICIAL_SOURCE,57,2455,ADA(STL) Dharwad | ADA | 8277931284
KA_DHARWAD_STL_DHARWAD_2459,Karnataka,Dharwad,STL Dharwad,,DEPARTMENT_OFFICE,,ADA (STL) Dharwad,AO,,8277931392,8277931392,ADA (STL) Dharwad,,VERIFIED_FROM_OFFICIAL_SOURCE,58,2459,ADA (STL) Dharwad | AO | 8277931392
KA_DHARWAD_STL_DHARWAD_2463,Karnataka,Dharwad,STL Dharwad,,DEPARTMENT_OFFICE,,ADA (STL) Dharwad,AO,,8277931394,8277931394,ADA (STL) Dharwad,,VERIFIED_FROM_OFFICIAL_SOURCE,59,2463,ADA (STL) Dharwad | AO | 8277931394
KA_DHARWAD_STL_DHARWAD_2467,Karnataka,Dharwad,STL Dharwad,,DEPARTMENT_OFFICE,,ADA (STL) Dharwad,AO,,8277931395,8277931395,ADA (STL) Dharwad,,VERIFIED_FROM_OFFICIAL_SOURCE,60,2467,ADA (STL) Dharwad | AO | 8277931395
KA_DHARWAD_STL_DHARWAD_2471,Karnataka,Dharwad,STL Dharwad,,DEPARTMENT_OFFICE,,ADA (BCL) Dharwad,ADA,,8277931379,8277931379,ADA (BCL) Dharwad,,VERIFIED_FROM_OFFICIAL_SOURCE,61,2471,ADA (BCL) Dharwad | ADA | 8277931379
KA_DHARWAD_STL_DHARWAD_2475,Karnataka,Dharwad,STL Dharwad,,DEPARTMENT_OFFICE,,ADA (BCL) Dharwad,AO,,8277931309,8277931309,ADA (BCL) Dharwad,,VERIFIED_FROM_OFFICIAL_SOURCE,62,2475,ADA (BCL) Dharwad | AO | 8277931309
KA_DHARWAD_STL_DHARWAD_2479,Karnataka,Dharwad,STL Dharwad,,DEPARTMENT_OFFICE,,ADA (BCL) Dharwad,AO,,8277931399,8277931399,ADA (BCL) Dharwad,,VERIFIED_FROM_OFFICIAL_SOURCE,63,2479,ADA (BCL) Dharwad | AO | 8277931399
KA_DHARWAD_STL_DHARWAD_2483,Karnataka,Dharwad,STL Dharwad,,DEPARTMENT_OFFICE,,DDA(FCL) Dharwad,DDA,,9071449951,9071449951,DDA(FCL) Dharwad,,VERIFIED_FROM_OFFICIAL_SOURCE,64,2483,DDA(FCL) Dharwad | DDA | 9071449951
KA_DHARWAD_STL_DHARWAD_2487,Karnataka,Dharwad,STL Dharwad,,DEPARTMENT_OFFICE,,DDA (FCL) Dharwad,AO,,8277931386,8277931386,DDA (FCL) Dharwad,,VERIFIED_FROM_OFFICIAL_SOURCE,65,2487,DDA (FCL) Dharwad | AO | 8277931386
KA_DHARWAD_STL_DHARWAD_2491,Karnataka,Dharwad,STL Dharwad,,DEPARTMENT_OFFICE,,DDA (FCL) Dharwad,AO,,8277931390,8277931390,DDA (FCL) Dharwad,,VERIFIED_FROM_OFFICIAL_SOURCE,66,2491,DDA (FCL) Dharwad | AO | 8277931390
KA_DHARWAD_STL_DHARWAD_2495,Karnataka,Dharwad,STL Dharwad,,DEPARTMENT_OFFICE,,DDA (FCL) Dharwad,AO,,8277931287,8277931287,DDA (FCL) Dharwad,,VERIFIED_FROM_OFFICIAL_SOURCE,67,2495,DDA (FCL) Dharwad | AO | 8277931287
KA_DHARWAD_RYZOBIUM_2499,Karnataka,Dharwad,Ryzobium,,DEPARTMENT_OFFICE,,ADA Ryzobium,ADA,,8277931396,8277931396,ADA Ryzobium,,VERIFIED_FROM_OFFICIAL_SOURCE,68,2499,ADA Ryzobium | ADA | 8277931396
KA_DHARWAD_RYZOBIUM_2503,Karnataka,Dharwad,Ryzobium,,DEPARTMENT_OFFICE,,ADA Ryzobium,AO,,8277931378,8277931378,ADA Ryzobium,,VERIFIED_FROM_OFFICIAL_SOURCE,69,2503,ADA Ryzobium | AO | 8277931378
KA_DHARWAD_RYZOBIUM_2507,Karnataka,Dharwad,Ryzobium,,DEPARTMENT_OFFICE,,ADA Ryzobium,AO,,8277931322,8277931322,ADA Ryzobium,,VERIFIED_FROM_OFFICIAL_SOURCE,70,2507,ADA Ryzobium | AO | 8277931322
KA_DHARWAD_RYZOBIUM_2511,Karnataka,Dharwad,Ryzobium,,DEPARTMENT_OFFICE,,ICL Dharwad,AO,,9071449952,9071449952,ICL Dharwad,,VERIFIED_FROM_OFFICIAL_SOURCE,71,2511,ICL Dharwad | AO | 9071449952
KA_DHARWAD_RYZOBIUM_2515,Karnataka,Dharwad,Ryzobium,,DEPARTMENT_OFFICE,,ICL Dharwad,AO,,9071449953,9071449953,ICL Dharwad,,VERIFIED_FROM_OFFICIAL_SOURCE,72,2515,ICL Dharwad | AO | 9071449953
KA_DHARWAD_RYZOBIUM_2519,Karnataka,Dharwad,Ryzobium,,DEPARTMENT_OFFICE,,ICL Dharwad,AO,,9071449954,9071449954,ICL Dharwad,,VERIFIED_FROM_OFFICIAL_SOURCE,73,2519,ICL Dharwad | AO | 9071449954
KA_DHARWAD_RYZOBIUM_2523,Karnataka,Dharwad,Ryzobium,,DEPARTMENT_OFFICE,,ICL Dharwad,AO,,9071449956,9071449956,ICL Dharwad,,VERIFIED_FROM_OFFICIAL_SOURCE,74,2523,ICL Dharwad | AO | 9071449956
KA_DHARWAD_RYZOBIUM_2527,Karnataka,Dharwad,Ryzobium,,DEPARTMENT_OFFICE,,ICL Dharwad,AO,,9071449957,9071449957,ICL Dharwad,,VERIFIED_FROM_OFFICIAL_SOURCE,75,2527,ICL Dharwad | AO | 9071449957
KA_DHARWAD_RYZOBIUM_2531,Karnataka,Dharwad,Ryzobium,,DEPARTMENT_OFFICE,,ICL Dharwad,AO,,9071449958,9071449958,ICL Dharwad,,VERIFIED_FROM_OFFICIAL_SOURCE,76,2531,ICL Dharwad | AO | 9071449958
KA_DHARWAD_RYZOBIUM_2535,Karnataka,Dharwad,Ryzobium,,DEPARTMENT_OFFICE,,ICL Dharwad,DDA,,8277931385,8277931385,ICL Dharwad,,VERIFIED_FROM_OFFICIAL_SOURCE,77,2535,ICL Dharwad | DDA | 8277931385
KA_GADAG_GADAG_2544,Karnataka,Gadag,Gadag,,DEPARTMENT_OFFICE,,"JOINT DIRECTOR OF AGRICULTURE, GADAG",JDA,,8277931400,8277931400,"JOINT DIRECTOR OF AGRICULTURE, GADAG",,VERIFIED_FROM_OFFICIAL_SOURCE,1,2544,"JOINT DIRECTOR OF AGRICULTURE, GADAG | JDA | 8277931400"
KA_GADAG_GADAG_2548,Karnataka,Gadag,Gadag,,DEPARTMENT_OFFICE,,"JOINT DIRECTOR OF AGRICULTURE, GADAG",ADA-HQA,,8277931403,8277931403,"JOINT DIRECTOR OF AGRICULTURE, GADAG",,VERIFIED_FROM_OFFICIAL_SOURCE,2,2548,"JOINT DIRECTOR OF AGRICULTURE, GADAG | ADA-HQA | 8277931403"
KA_GADAG_GADAG_2552,Karnataka,Gadag,Gadag,,DEPARTMENT_OFFICE,,"JOINT DIRECTOR OF AGRICULTURE, GADAG",ADA-VIGILANCE,,8277931404,8277931404,"JOINT DIRECTOR OF AGRICULTURE, GADAG",,VERIFIED_FROM_OFFICIAL_SOURCE,3,2552,"JOINT DIRECTOR OF AGRICULTURE, GADAG | ADA-VIGILANCE | 8277931404"
KA_GADAG_GADAG_2556,Karnataka,Gadag,Gadag,,DEPARTMENT_OFFICE,,"JOINT DIRECTOR OF AGRICULTURE, GADAG",AO,,8277931406,8277931406,"JOINT DIRECTOR OF AGRICULTURE, GADAG",,VERIFIED_FROM_OFFICIAL_SOURCE,4,2556,"JOINT DIRECTOR OF AGRICULTURE, GADAG | AO | 8277931406"
KA_GADAG_GADAG_2560,Karnataka,Gadag,Gadag,,DEPARTMENT_OFFICE,,"JOINT DIRECTOR OF AGRICULTURE, GADAG",ADA-SMS,,8277931416,8277931416,"JOINT DIRECTOR OF AGRICULTURE, GADAG",,VERIFIED_FROM_OFFICIAL_SOURCE,5,2560,"JOINT DIRECTOR OF AGRICULTURE, GADAG | ADA-SMS | 8277931416"
KA_GADAG_GADAG_2564,Karnataka,Gadag,Gadag,,DEPARTMENT_OFFICE,,"JOINT DIRECTOR OF AGRICULTURE, GADAG",AO,,8277931423,8277931423,"JOINT DIRECTOR OF AGRICULTURE, GADAG",,VERIFIED_FROM_OFFICIAL_SOURCE,6,2564,"JOINT DIRECTOR OF AGRICULTURE, GADAG | AO | 8277931423"
KA_GADAG_GADAG_2568,Karnataka,Gadag,Gadag,,DEPARTMENT_OFFICE,,"JOINT DIRECTOR OF AGRICULTURE, GADAG",ADA-FW,,8277931425,8277931425,"JOINT DIRECTOR OF AGRICULTURE, GADAG",,VERIFIED_FROM_OFFICIAL_SOURCE,7,2568,"JOINT DIRECTOR OF AGRICULTURE, GADAG | ADA-FW | 8277931425"
KA_GADAG_GADAG_2572,Karnataka,Gadag,Gadag,,DEPARTMENT_OFFICE,,"JOINT DIRECTOR OF AGRICULTURE, GADAG",AO,,8277931447,8277931447,"JOINT DIRECTOR OF AGRICULTURE, GADAG",,VERIFIED_FROM_OFFICIAL_SOURCE,8,2572,"JOINT DIRECTOR OF AGRICULTURE, GADAG | AO | 8277931447"
KA_GADAG_GADAG_2576,Karnataka,Gadag,Gadag,,DEPARTMENT_OFFICE,,"JOINT DIRECTOR OF AGRICULTURE, GADAG",ADMIN OFFICER,,9164109839,9164109839,"JOINT DIRECTOR OF AGRICULTURE, GADAG",,VERIFIED_FROM_OFFICIAL_SOURCE,9,2576,"JOINT DIRECTOR OF AGRICULTURE, GADAG | ADMIN OFFICER | 9164109839"
KA_GADAG_GADAG_2580,Karnataka,Gadag,Gadag,,DEPARTMENT_OFFICE,,"JOINT DIRECTOR OF AGRICULTURE, GADAG",ADA-M&E,,9164110120,9164110120,"JOINT DIRECTOR OF AGRICULTURE, GADAG",,VERIFIED_FROM_OFFICIAL_SOURCE,10,2580,"JOINT DIRECTOR OF AGRICULTURE, GADAG | ADA-M&E | 9164110120"
KA_GADAG_GADAG_2584,Karnataka,Gadag,Gadag,,DEPARTMENT_OFFICE,,"JOINT DIRECTOR OF AGRICULTURE, GADAG",ADA-M&E,,9164110209,9164110209,"JOINT DIRECTOR OF AGRICULTURE, GADAG",,VERIFIED_FROM_OFFICIAL_SOURCE,11,2584,"JOINT DIRECTOR OF AGRICULTURE, GADAG | ADA-M&E | 9164110209"
KA_GADAG_GADAG_2588,Karnataka,Gadag,Gadag,,DEPARTMENT_OFFICE,,DDA-1 Gadag,DDA,,8277931401,8277931401,DDA-1 Gadag,,VERIFIED_FROM_OFFICIAL_SOURCE,12,2588,DDA-1 Gadag | DDA | 8277931401
KA_GADAG_GADAG_2592,Karnataka,Gadag,Gadag,,DEPARTMENT_OFFICE,,DDA-1 Gadag,AO,,8277931408,8277931408,DDA-1 Gadag,,VERIFIED_FROM_OFFICIAL_SOURCE,13,2592,DDA-1 Gadag | AO | 8277931408
KA_GADAG_GADAG_2596,Karnataka,Gadag,Gadag,,DEPARTMENT_OFFICE,,DDA-1 Gadag,AO,,9164110053,9164110053,DDA-1 Gadag,,VERIFIED_FROM_OFFICIAL_SOURCE,14,2596,DDA-1 Gadag | AO | 9164110053
KA_GADAG_GADAG_2600,Karnataka,Gadag,GADAG,,DEPARTMENT_OFFICE,,ADA GADAG,ADA,,8277931407,8277931407,ADA GADAG,,VERIFIED_FROM_OFFICIAL_SOURCE,15,2600,ADA GADAG | ADA | 8277931407
KA_GADAG_GADAG_2604,Karnataka,Gadag,GADAG,,DEPARTMENT_OFFICE,,ADA GADAG,ADA,,8884003214,8884003214,ADA GADAG,,VERIFIED_FROM_OFFICIAL_SOURCE,16,2604,ADA GADAG | ADA | 8884003214
KA_GADAG_GADAG_2608,Karnataka,Gadag,GADAG,,DEPARTMENT_OFFICE,,ADA GADAG,AO,,8277931458,8277931458,ADA GADAG,,VERIFIED_FROM_OFFICIAL_SOURCE,17,2608,ADA GADAG | AO | 8277931458
KA_GADAG_GADAG_2612,Karnataka,Gadag,GADAG,,DEPARTMENT_OFFICE,,ADA GADAG,AO,,8277931422,8277931422,ADA GADAG,,VERIFIED_FROM_OFFICIAL_SOURCE,18,2612,ADA GADAG | AO | 8277931422
KA_GADAG_GADAG_2616,Karnataka,Gadag,GADAG,,DEPARTMENT_OFFICE,,ADA GADAG,AO,,8277931419,8277931419,ADA GADAG,,VERIFIED_FROM_OFFICIAL_SOURCE,19,2616,ADA GADAG | AO | 8277931419
KA_GADAG_GADAG_2620,Karnataka,Gadag,GADAG,,RSK,HULKOTI,RSK HULKOTI,AO,,8277931440,8277931440,RSK HULKOTI,,VERIFIED_FROM_OFFICIAL_SOURCE,20,2620,RSK HULKOTI | AO | 8277931440
KA_GADAG_GADAG_2624,Karnataka,Gadag,GADAG,,RSK,HULKOTI,RSK HULKOTI,AO,,8277931421,8277931421,RSK HULKOTI,,VERIFIED_FROM_OFFICIAL_SOURCE,21,2624,RSK HULKOTI | AO | 8277931421
KA_GADAG_GADAG_2628,Karnataka,Gadag,GADAG,,RSK,HULKOTI,RSK HULKOTI,AO,,8884003296,8884003296,RSK HULKOTI,,VERIFIED_FROM_OFFICIAL_SOURCE,22,2628,RSK HULKOTI | AO | 8884003296
KA_GADAG_GADAG_2632,Karnataka,Gadag,GADAG,,RSK,HULKOTI,RSK HULKOTI,AAO,,8277931426,8277931426,RSK HULKOTI,,VERIFIED_FROM_OFFICIAL_SOURCE,23,2632,RSK HULKOTI | AAO | 8277931426
KA_GADAG_GADAG_2636,Karnataka,Gadag,GADAG,,RSK,BETAGERI,RSK BETAGERI,AO,,8277931412,8277931412,RSK BETAGERI,,VERIFIED_FROM_OFFICIAL_SOURCE,24,2636,RSK BETAGERI | AO | 8277931412
KA_GADAG_GADAG_2640,Karnataka,Gadag,GADAG,,RSK,BETAGERI,RSK BETAGERI,AO,,8277931466,8277931466,RSK BETAGERI,,VERIFIED_FROM_OFFICIAL_SOURCE,25,2640,RSK BETAGERI | AO | 8277931466
KA_GADAG_MUNDARGI_2644,Karnataka,Gadag,Mundargi,,DEPARTMENT_OFFICE,,ADA Mundargi,ADA,,8277931459,8277931459,ADA Mundargi,,VERIFIED_FROM_OFFICIAL_SOURCE,26,2644,ADA Mundargi | ADA | 8277931459
KA_GADAG_MUNDARGI_2648,Karnataka,Gadag,Mundargi,,DEPARTMENT_OFFICE,,ADA Mundargi,ADA,,8884003217,8884003217,ADA Mundargi,,VERIFIED_FROM_OFFICIAL_SOURCE,27,2648,ADA Mundargi | ADA | 8884003217
KA_GADAG_MUNDARGI_2652,Karnataka,Gadag,Mundargi,,DEPARTMENT_OFFICE,,ADA Mundargi,AO,,8884003285,8884003285,ADA Mundargi,,VERIFIED_FROM_OFFICIAL_SOURCE,28,2652,ADA Mundargi | AO | 8884003285
KA_GADAG_MUNDARGI_2656,Karnataka,Gadag,Mundargi,,RSK,Mundargi,RSK Mundargi,AO,,8884003247,8884003247,RSK Mundargi,,VERIFIED_FROM_OFFICIAL_SOURCE,29,2656,RSK Mundargi | AO | 8884003247
KA_GADAG_MUNDARGI_2660,Karnataka,Gadag,Mundargi,,RSK,Mundargi,RSK Mundargi,AAO,,8277931432,8277931432,RSK Mundargi,,VERIFIED_FROM_OFFICIAL_SOURCE,30,2660,RSK Mundargi | AAO | 8277931432
KA_GADAG_MUNDARGI_2664,Karnataka,Gadag,Mundargi,,RSK,Dambal,RSK Dambal,AO,,8277931435,8277931435,RSK Dambal,,VERIFIED_FROM_OFFICIAL_SOURCE,31,2664,RSK Dambal | AO | 8277931435
KA_GADAG_MUNDARGI_2668,Karnataka,Gadag,Mundargi,,RSK,Dambal,RSK Dambal,AA,,8277931439,8277931439,RSK Dambal,,VERIFIED_FROM_OFFICIAL_SOURCE,32,2668,RSK Dambal | AA | 8277931439
KA_GADAG_SHIRAHATTI_2672,Karnataka,Gadag,Shirahatti,,DEPARTMENT_OFFICE,,ADA Shirahatti,ADA,,8277931461,8277931461,ADA Shirahatti,,VERIFIED_FROM_OFFICIAL_SOURCE,33,2672,ADA Shirahatti | ADA | 8277931461
KA_GADAG_SHIRAHATTI_2676,Karnataka,Gadag,Shirahatti,,DEPARTMENT_OFFICE,,ADA Shirahatti,AO,,8277931420,8277931420,ADA Shirahatti,,VERIFIED_FROM_OFFICIAL_SOURCE,34,2676,ADA Shirahatti | AO | 8277931420
KA_GADAG_SHIRAHATTI_2680,Karnataka,Gadag,Shirahatti,,DEPARTMENT_OFFICE,,ADA Shirahatti,AO,,8277931462,8277931462,ADA Shirahatti,,VERIFIED_FROM_OFFICIAL_SOURCE,35,2680,AO | 8277931462
KA_GADAG_SHIRAHATTI_2683,Karnataka,Gadag,Shirahatti,,DEPARTMENT_OFFICE,,ADA Shirahatti,AO,,8277931468,8277931468,ADA Shirahatti,,VERIFIED_FROM_OFFICIAL_SOURCE,36,2683,AO | 8277931468
KA_GADAG_SHIRAHATTI_2686,Karnataka,Gadag,Shirahatti,,DEPARTMENT_OFFICE,,ADA Shirahatti,AO-2,,8277931467,8277931467,ADA Shirahatti,,VERIFIED_FROM_OFFICIAL_SOURCE,37,2686,AO-2 | 8277931467
KA_GADAG_SHIRAHATTI_2689,Karnataka,Gadag,Shirahatti,,DEPARTMENT_OFFICE,,ADA Shirahatti,Staff / Officer,,8277931465,8277931465,ADA Shirahatti,,VERIFIED_FROM_OFFICIAL_SOURCE,38,2689,8277931465
KA_GADAG_SHIRAHATTI_2691,Karnataka,Gadag,Shirahatti,,DEPARTMENT_OFFICE,,ADA Shirahatti,AO-2,,8277931464,8277931464,ADA Shirahatti,,VERIFIED_FROM_OFFICIAL_SOURCE,39,2691,AO-2 | 8277931464
KA_GADAG_SHIRAHATTI_2694,Karnataka,Gadag,Shirahatti,,DEPARTMENT_OFFICE,,ADA Shirahatti,AAO,,8277931469,8277931469,ADA Shirahatti,,VERIFIED_FROM_OFFICIAL_SOURCE,40,2694,AAO | 8277931469
KA_GADAG_SHIRAHATTI_2697,Karnataka,Gadag,Shirahatti,,DEPARTMENT_OFFICE,,ADA Shirahatti,AAO,,8277931470,8277931470,ADA Shirahatti,,VERIFIED_FROM_OFFICIAL_SOURCE,41,2697,AAO | 8277931470
KA_GADAG_SHIRAHATTI_2700,Karnataka,Gadag,Shirahatti,,DEPARTMENT_OFFICE,,Deputy Director of Agriculture-2 Ron,DDA,,8277931402,8277931402,Deputy Director of Agriculture-2 Ron,,VERIFIED_FROM_OFFICIAL_SOURCE,42,2700,Deputy Director of Agriculture-2 Ron | DDA | 8277931402
KA_GADAG_SHIRAHATTI_2704,Karnataka,Gadag,Shirahatti,,DEPARTMENT_OFFICE,,Deputy Director of Agriculture-2 Ron,AO,,8277931455,8277931455,Deputy Director of Agriculture-2 Ron,,VERIFIED_FROM_OFFICIAL_SOURCE,43,2704,Deputy Director of Agriculture-2 Ron | AO | 8277931455
KA_GADAG_SHIRAHATTI_2708,Karnataka,Gadag,Shirahatti,,DEPARTMENT_OFFICE,,Deputy Director of Agriculture-2 Ron,AO,,8277931453,8277931453,Deputy Director of Agriculture-2 Ron,,VERIFIED_FROM_OFFICIAL_SOURCE,44,2708,Deputy Director of Agriculture-2 Ron | AO | 8277931453
KA_GADAG_RON_2712,Karnataka,Gadag,RON,,DEPARTMENT_OFFICE,,ADA-RON,ADA (INCHARGE),,8277931451,8277931451,ADA-RON,,VERIFIED_FROM_OFFICIAL_SOURCE,45,2712,ADA-RON | ADA (INCHARGE) | 8277931451
KA_GADAG_RON_2716,Karnataka,Gadag,RON,,DEPARTMENT_OFFICE,,ADA-RON,AO,,8277931450,8277931450,ADA-RON,,VERIFIED_FROM_OFFICIAL_SOURCE,46,2716,ADA-RON | AO | 8277931450
KA_GADAG_RON_2720,Karnataka,Gadag,RON,,RSK,RON,RSK RON,AO,,8277931413,8277931413,RSK RON,,VERIFIED_FROM_OFFICIAL_SOURCE,47,2720,RSK RON | AO | 8277931413
KA_GADAG_RON_2724,Karnataka,Gadag,RON,,RSK,NAREGAL,RSK NAREGAL,AO,,8277931460,8277931460,RSK NAREGAL,,VERIFIED_FROM_OFFICIAL_SOURCE,48,2724,RSK NAREGAL | AO | 8277931460
KA_GADAG_RON_2728,Karnataka,Gadag,RON,,RSK,NAREGAL,RSK NAREGAL,AO,,8277931448,8277931448,RSK NAREGAL,,VERIFIED_FROM_OFFICIAL_SOURCE,49,2728,RSK NAREGAL | AO | 8277931448
KA_GADAG_RON_2732,Karnataka,Gadag,RON,,RSK,HOLEALUR,RSK HOLEALUR,AO,,8277931454,8277931454,RSK HOLEALUR,,VERIFIED_FROM_OFFICIAL_SOURCE,50,2732,RSK HOLEALUR | AO | 8277931454
KA_GADAG_RON_2736,Karnataka,Gadag,RON,,RSK,HOLEALUR,RSK HOLEALUR,AO,,8884003289,8884003289,RSK HOLEALUR,,VERIFIED_FROM_OFFICIAL_SOURCE,51,2736,RSK HOLEALUR | AO | 8884003289
KA_GADAG_NARAGUND_2740,Karnataka,Gadag,NARAGUND,,DEPARTMENT_OFFICE,,ADA NARAGUND,ADA,,8277931409,8277931409,ADA NARAGUND,,VERIFIED_FROM_OFFICIAL_SOURCE,52,2740,ADA NARAGUND | ADA | 8277931409
KA_GADAG_NARAGUND_2744,Karnataka,Gadag,NARAGUND,,RSK,KONNUR,RSK KONNUR,AO,,8277931442,8277931442,RSK KONNUR,,VERIFIED_FROM_OFFICIAL_SOURCE,53,2744,RSK KONNUR | AO | 8277931442
KA_GADAG_NARAGUND_2748,Karnataka,Gadag,NARAGUND,,RSK,NARAGUND,RSK NARAGUND,AO,,8277931443,8277931443,RSK NARAGUND,,VERIFIED_FROM_OFFICIAL_SOURCE,54,2748,RSK NARAGUND | AO | 8277931443
KA_HASSAN_HASSAN_2757,Karnataka,Hassan,Hassan,,DEPARTMENT_OFFICE,,"O/O JDA, Hassan",Joint Director of Agriculture,,8884009697,8884009697,"O/O JDA, Hassan",,VERIFIED_FROM_OFFICIAL_SOURCE,1,2757,"O/O JDA, Hassan | Joint Director of Agriculture | 8884009697"
KA_HASSAN_HASSAN_2761,Karnataka,Hassan,Hassan,,DEPARTMENT_OFFICE,,"O/O JDA, Hassan",Technical Officer - 1,,8884009627,8884009627,"O/O JDA, Hassan",,VERIFIED_FROM_OFFICIAL_SOURCE,2,2761,"O/O JDA, Hassan | Technical Officer - 1 | 8884009627"
KA_HASSAN_HASSAN_2765,Karnataka,Hassan,Hassan,,DEPARTMENT_OFFICE,,"O/O JDA, Hassan",Assistant director of agriculture (Vigilence),,8884009663,8884009663,"O/O JDA, Hassan",,VERIFIED_FROM_OFFICIAL_SOURCE,3,2765,"O/O JDA, Hassan | Assistant director of agriculture (Vigilence) | 8884009663"
KA_HASSAN_HASSAN_2769,Karnataka,Hassan,Hassan,,DEPARTMENT_OFFICE,,"O/O JDA, Hassan",Assistant director of agriculture (Vigilence-2),,8884009670,8884009670,"O/O JDA, Hassan",,VERIFIED_FROM_OFFICIAL_SOURCE,4,2769,"O/O JDA, Hassan | Assistant director of agriculture (Vigilence-2) | 8884009670"
KA_HASSAN_HASSAN_2773,Karnataka,Hassan,Hassan,,DEPARTMENT_OFFICE,,"O/O JDA, Hassan",Assistant director of agriculture (SMS),,8884009674,8884009674,"O/O JDA, Hassan",,VERIFIED_FROM_OFFICIAL_SOURCE,5,2773,"O/O JDA, Hassan | Assistant director of agriculture (SMS) | 8884009674"
KA_HASSAN_HASSAN_2777,Karnataka,Hassan,Hassan,,DEPARTMENT_OFFICE,,"O/O JDA, Hassan",Technical Officer - 2,,8884009678,8884009678,"O/O JDA, Hassan",,VERIFIED_FROM_OFFICIAL_SOURCE,6,2777,"O/O JDA, Hassan | Technical Officer - 2 | 8884009678"
KA_HASSAN_HASSAN_2781,Karnataka,Hassan,Hassan,,DEPARTMENT_OFFICE,,"O/O JDA, Hassan",Technical Officer - 3,,8277931743,8277931743,"O/O JDA, Hassan",,VERIFIED_FROM_OFFICIAL_SOURCE,7,2781,"O/O JDA, Hassan | Technical Officer - 3 | 8277931743"
KA_HASSAN_HASSAN_2785,Karnataka,Hassan,Hassan,,DEPARTMENT_OFFICE,,"O/O JDA, Hassan",Assistant director of agriculture (M&E),,8277931763,8277931763,"O/O JDA, Hassan",,VERIFIED_FROM_OFFICIAL_SOURCE,8,2785,"O/O JDA, Hassan | Assistant director of agriculture (M&E) | 8277931763"
KA_HASSAN_HASSAN_2789,Karnataka,Hassan,Hassan,,DEPARTMENT_OFFICE,,"O/O JDA, Hassan",Assistant director of agriculture (HQ),,8277931765,8277931765,"O/O JDA, Hassan",,VERIFIED_FROM_OFFICIAL_SOURCE,9,2789,"O/O JDA, Hassan | Assistant director of agriculture (HQ) | 8277931765"
KA_HASSAN_HASSAN_2793,Karnataka,Hassan,Hassan,,DEPARTMENT_OFFICE,,"O/O DDA, Sakaleshpura",Deputy Director of Agriculture Sakaleshpur,,8884009272,8884009272,"O/O DDA, Sakaleshpura",,VERIFIED_FROM_OFFICIAL_SOURCE,10,2793,"O/O DDA, Sakaleshpura | Deputy Director of Agriculture Sakaleshpur | 8884009272"
KA_HASSAN_HASSAN_2797,Karnataka,Hassan,Hassan,,DEPARTMENT_OFFICE,,"O/O DDA, Sakaleshpura",Technical Officer - 1,,8884010084,8884010084,"O/O DDA, Sakaleshpura",,VERIFIED_FROM_OFFICIAL_SOURCE,11,2797,"O/O DDA, Sakaleshpura | Technical Officer - 1 | 8884010084"
KA_HASSAN_HASSAN_2801,Karnataka,Hassan,Hassan,,DEPARTMENT_OFFICE,,"O/O DDA, Hassan",Deputy Director of Agriculture Hassan,,8884009271,8884009271,"O/O DDA, Hassan",,VERIFIED_FROM_OFFICIAL_SOURCE,12,2801,"O/O DDA, Hassan | Deputy Director of Agriculture Hassan | 8884009271"
KA_HASSAN_HASSAN_2805,Karnataka,Hassan,Hassan,,DEPARTMENT_OFFICE,,"O/O DDA, Hassan",Agriculture Officer (TO),,8884010075,8884010075,"O/O DDA, Hassan",,VERIFIED_FROM_OFFICIAL_SOURCE,13,2805,"O/O DDA, Hassan | Agriculture Officer (TO) | 8884010075"
KA_HASSAN_ALUR_2809,Karnataka,Hassan,Alur,,DEPARTMENT_OFFICE,,"ADA Office, Alur",Assistant director of agriculture,,8884010177,8884010177,"ADA Office, Alur",,VERIFIED_FROM_OFFICIAL_SOURCE,14,2809,"ADA Office, Alur | Assistant director of agriculture | 8884010177"
KA_HASSAN_ALUR_2813,Karnataka,Hassan,Alur,,RSK,"Kasaba , Alur Tq","RSK Kasaba , Alur Tq",Agriculture officer,,8884010127,8884010127,"RSK Kasaba , Alur Tq",,VERIFIED_FROM_OFFICIAL_SOURCE,15,2813,"RSK Kasaba , Alur Tq | Agriculture officer | 8884010127"
KA_HASSAN_RSK_K_HOSKOTE_ALUR_2817,Karnataka,Hassan,RSK K HOSKOTE Alur,,RSK,K HOSKOTE Alur Tq,RSK K HOSKOTE Alur Tq,Agriculture officer (I/C),,8884010149,8884010149,RSK K HOSKOTE Alur Tq,,VERIFIED_FROM_OFFICIAL_SOURCE,16,2817,RSK K HOSKOTE Alur Tq | Agriculture officer (I/C) | 8884010149
KA_HASSAN_RSK_KUNDURU_ALUR_2821,Karnataka,Hassan,RSK KUNDURU Alur,,RSK,KUNDURU Alur Tq,RSK KUNDURU Alur Tq,Agriculture officer,,8884010167,8884010167,RSK KUNDURU Alur Tq,,VERIFIED_FROM_OFFICIAL_SOURCE,17,2821,RSK KUNDURU Alur Tq | Agriculture officer | 8884010167
KA_HASSAN_ALUR_2825,Karnataka,Hassan,Alur,,DEPARTMENT_OFFICE,,"ADA Office, Alur Tq",Technical officer-01,,8884010178,8884010178,"ADA Office, Alur Tq",,VERIFIED_FROM_OFFICIAL_SOURCE,18,2825,"ADA Office, Alur Tq | Technical officer-01 | 8884010178"
KA_HASSAN_ALUR_2829,Karnataka,Hassan,Alur,,RSK,"PALYA , Alur","RSK PALYA , Alur",Agriculture officer,,8277931755,8277931755,"RSK PALYA , Alur",,VERIFIED_FROM_OFFICIAL_SOURCE,19,2829,"RSK PALYA , Alur | Agriculture officer | 8277931755"
KA_HASSAN_ARKALGUD_2833,Karnataka,Hassan,Arkalgud,,DEPARTMENT_OFFICE,,"ADA Office, Arkalgud",Assistant director of agriculture,,8884009489,8884009489,"ADA Office, Arkalgud",,VERIFIED_FROM_OFFICIAL_SOURCE,20,2833,"ADA Office, Arkalgud | Assistant director of agriculture | 8884009489"
KA_HASSAN_ARKALGUD_2837,Karnataka,Hassan,Arkalgud,,RSK,"Kasaba ,Arkalgud Tq","RSK Kasaba ,Arkalgud Tq",Agriculture officer (I/C),,8884009430,8884009430,"RSK Kasaba ,Arkalgud Tq",,VERIFIED_FROM_OFFICIAL_SOURCE,21,2837,"RSK Kasaba ,Arkalgud Tq | Agriculture officer (I/C) | 8884009430"
KA_HASSAN_ARKALGUD_2841,Karnataka,Hassan,Arkalgud,,RSK,"Konanur ,Arkalgud Tq","RSK Konanur ,Arkalgud Tq",Agriculture officer (I/C),,8884009433,8884009433,"RSK Konanur ,Arkalgud Tq",,VERIFIED_FROM_OFFICIAL_SOURCE,22,2841,"RSK Konanur ,Arkalgud Tq | Agriculture officer (I/C) | 8884009433"
KA_HASSAN_ARKALGUD_2845,Karnataka,Hassan,Arkalgud,,RSK,"Ramanathapura ,Arkalgud Tq","RSK Ramanathapura ,Arkalgud Tq",Agriculture officer,,8884009449,8884009449,"RSK Ramanathapura ,Arkalgud Tq",,VERIFIED_FROM_OFFICIAL_SOURCE,23,2845,"RSK Ramanathapura ,Arkalgud Tq | Agriculture officer | 8884009449"
KA_HASSAN_ARKALGUD_2849,Karnataka,Hassan,Arkalgud,,RSK,"Doddamagge,Arkalgud Tq","RSK Doddamagge,Arkalgud Tq",Agriculture officer,,8884009456,8884009456,"RSK Doddamagge,Arkalgud Tq",,VERIFIED_FROM_OFFICIAL_SOURCE,24,2849,"RSK Doddamagge,Arkalgud Tq | Agriculture officer | 8884009456"
KA_HASSAN_ARKALGUD_2853,Karnataka,Hassan,Arkalgud,,RSK,"Mallipattana ,Arkalgud Tq","RSK Mallipattana ,Arkalgud Tq",Agriculture officer (I/C),,8884009472,8884009472,"RSK Mallipattana ,Arkalgud Tq",,VERIFIED_FROM_OFFICIAL_SOURCE,25,2853,"RSK Mallipattana ,Arkalgud Tq | Agriculture officer (I/C) | 8884009472"
KA_HASSAN_ARKALGUD_2857,Karnataka,Hassan,Arkalgud,,DEPARTMENT_OFFICE,,"ADA Office, Arkalgud",Agriculture officer,,8884010198,8884010198,"ADA Office, Arkalgud",,VERIFIED_FROM_OFFICIAL_SOURCE,26,2857,"ADA Office, Arkalgud | Agriculture officer | 8884010198"
KA_HASSAN_ARSIKERE_2861,Karnataka,Hassan,Arsikere,,DEPARTMENT_OFFICE,,"ADA Office, Arsikere",Assistant director of agriculture,,8884009534,8884009534,"ADA Office, Arsikere",,VERIFIED_FROM_OFFICIAL_SOURCE,27,2861,"ADA Office, Arsikere | Assistant director of agriculture | 8884009534"
KA_HASSAN_ARSIKERE_2865,Karnataka,Hassan,Arsikere,,DEPARTMENT_OFFICE,,"ADA Office, Arsikere",Technical Officer - 1,,8884009553,8884009553,"ADA Office, Arsikere",,VERIFIED_FROM_OFFICIAL_SOURCE,28,2865,"ADA Office, Arsikere | Technical Officer - 1 | 8884009553"
KA_HASSAN_ARSIKERE_2869,Karnataka,Hassan,Arsikere,,RSK,"Banavara , Arsikere Tq","RSK Banavara , Arsikere Tq",Agriculture officer,,8884009556,8884009556,"RSK Banavara , Arsikere Tq",,VERIFIED_FROM_OFFICIAL_SOURCE,29,2869,"RSK Banavara , Arsikere Tq | Agriculture officer | 8884009556"
KA_HASSAN_ARSIKERE_2873,Karnataka,Hassan,Arsikere,,RSK,"Gandasi, Arsikere Tq","RSK Gandasi, Arsikere Tq",Agriculture officer,,8884009559,8884009559,"RSK Gandasi, Arsikere Tq",,VERIFIED_FROM_OFFICIAL_SOURCE,30,2873,"RSK Gandasi, Arsikere Tq | Agriculture officer | 8884009559"
KA_HASSAN_ARSIKERE_2877,Karnataka,Hassan,Arsikere,,RSK,"Javagal,Arsikere Tq","RSK Javagal,Arsikere Tq",Agriculture officer,,8884009561,8884009561,"RSK Javagal,Arsikere Tq",,VERIFIED_FROM_OFFICIAL_SOURCE,31,2877,"RSK Javagal,Arsikere Tq | Agriculture officer | 8884009561"
KA_HASSAN_ARSIKERE_2881,Karnataka,Hassan,Arsikere,,RSK,"Kasaba,Arsikere Tq","RSK Kasaba,Arsikere Tq",Agriculture officer,,8884009569,8884009569,"RSK Kasaba,Arsikere Tq",,VERIFIED_FROM_OFFICIAL_SOURCE,32,2881,"RSK Kasaba,Arsikere Tq | Agriculture officer | 8884009569"
KA_HASSAN_ARSIKERE_2885,Karnataka,Hassan,Arsikere,,RSK,"D M Kurke ,Arsikere Tq","RSK D M Kurke ,Arsikere Tq",Agriculture officer (I/C),,8884009518,8884009518,"RSK D M Kurke ,Arsikere Tq",,VERIFIED_FROM_OFFICIAL_SOURCE,33,2885,"RSK D M Kurke ,Arsikere Tq | Agriculture officer (I/C) | 8884009518"
KA_HASSAN_BELUR_2889,Karnataka,Hassan,BELUR,,DEPARTMENT_OFFICE,,ADA OFFICE BELUR,ASSISTANT DIRECTOR OF AGRICULTURE,,8884009572,8884009572,ADA OFFICE BELUR,,VERIFIED_FROM_OFFICIAL_SOURCE,34,2889,ADA OFFICE BELUR | ASSISTANT DIRECTOR OF AGRICULTURE | 8884009572
KA_HASSAN_BELUR_2893,Karnataka,Hassan,BELUR,,DEPARTMENT_OFFICE,,ADA OFFICE BELUR,Technical Officer - 1,,8884009573,8884009573,ADA OFFICE BELUR,,VERIFIED_FROM_OFFICIAL_SOURCE,35,2893,ADA OFFICE BELUR | Technical Officer - 1 | 8884009573
KA_HASSAN_BELUR_2897,Karnataka,Hassan,Belur,,RSK,"AREHALLI , Belur Tq","RSK AREHALLI , Belur Tq",Agriculture officer (I/C),,8884009575,8884009575,"RSK AREHALLI , Belur Tq",,VERIFIED_FROM_OFFICIAL_SOURCE,36,2897,"RSK AREHALLI , Belur Tq | Agriculture officer (I/C) | 8884009575"
KA_HASSAN_BELUR_2901,Karnataka,Hassan,Belur,,RSK,"HALEBEEDU,Belur Tq","RSK HALEBEEDU,Belur Tq",Agriculture Officer,,8884009577,8884009577,"RSK HALEBEEDU,Belur Tq",,VERIFIED_FROM_OFFICIAL_SOURCE,37,2901,"RSK HALEBEEDU,Belur Tq | Agriculture Officer | 8884009577"
KA_HASSAN_BELUR_2905,Karnataka,Hassan,Belur,,RSK,"BIKKODU , Belur Tq","RSK BIKKODU , Belur Tq",AO I/c,,8277931744,8277931744,"RSK BIKKODU , Belur Tq",,VERIFIED_FROM_OFFICIAL_SOURCE,38,2905,"RSK BIKKODU , Belur Tq | AO I/c | 8277931744"
KA_HASSAN_BELUR_2909,Karnataka,Hassan,Belur,,RSK,"HAGARE , Belur Tq","RSK HAGARE , Belur Tq",AO (I/c),,8277931745,8277931745,"RSK HAGARE , Belur Tq",,VERIFIED_FROM_OFFICIAL_SOURCE,39,2909,"RSK HAGARE , Belur Tq | AO (I/c) | 8277931745"
KA_HASSAN_BELUR_2913,Karnataka,Hassan,Belur,,RSK,"KASABA , Belur Tq","RSK KASABA , Belur Tq",AO,,8277931742,8277931742,"RSK KASABA , Belur Tq",,VERIFIED_FROM_OFFICIAL_SOURCE,40,2913,"RSK KASABA , Belur Tq | AO | 8277931742"
KA_HASSAN_CHANNARAYAPATNA_2917,Karnataka,Hassan,CHANNARAYAPATNA,,DEPARTMENT_OFFICE,,O/O ADA CHANNARAYAPATNA,ASSISTANT DIRECTOR OF AGRICULTURE,,8884009712,8884009712,O/O ADA CHANNARAYAPATNA,,VERIFIED_FROM_OFFICIAL_SOURCE,41,2917,O/O ADA CHANNARAYAPATNA | ASSISTANT DIRECTOR OF AGRICULTURE | 8884009712
KA_HASSAN_C_R_PATNA_2921,Karnataka,Hassan,C R Patna,,RSK,"DANDIGANAHALLI, C R Patna Tq","RSK DANDIGANAHALLI, C R Patna Tq",AGRICULTURE OFFICER,,8884009730,8884009730,"RSK DANDIGANAHALLI, C R Patna Tq",,VERIFIED_FROM_OFFICIAL_SOURCE,42,2921,"RSK DANDIGANAHALLI, C R Patna Tq | AGRICULTURE OFFICER | 8884009730"
KA_HASSAN_C_R_PATNA_2925,Karnataka,Hassan,C R Patna,,RSK,"HIRISAVE,C R Patna Tq","RSK HIRISAVE,C R Patna Tq",AGRICULTURE OFFICER,,8884009738,8884009738,"RSK, HIRISAVE,C R Patna Tq",,VERIFIED_FROM_OFFICIAL_SOURCE,43,2925,"RSK, HIRISAVE,C R Patna Tq | AGRICULTURE OFFICER | 8884009738"
KA_HASSAN_CHANNARAYAPATNA_2929,Karnataka,Hassan,CHANNARAYAPATNA,,DEPARTMENT_OFFICE,,"ADA OFFICE,CHANNARAYAPATNA",TECHNICAL OFFICER-1,,8277931746,8277931746,"ADA OFFICE,CHANNARAYAPATNA",,VERIFIED_FROM_OFFICIAL_SOURCE,44,2929,"ADA OFFICE,CHANNARAYAPATNA | TECHNICAL OFFICER-1 | 8277931746"
KA_HASSAN_C_R_PATNA_2933,Karnataka,Hassan,C R Patna,,RSK,"BAGURU , C R Patna Tq","RSK BAGURU , C R Patna Tq",AGRICULTURE OFFICER,,8277931748,8277931748,"RSK, BAGURU , C R Patna Tq",,VERIFIED_FROM_OFFICIAL_SOURCE,45,2933,"RSK, BAGURU , C R Patna Tq | AGRICULTURE OFFICER | 8277931748"
KA_HASSAN_C_R_PATNA_2937,Karnataka,Hassan,C R Patna,,RSK,"KASABA, C R Patna Tq","RSK KASABA, C R Patna Tq",AGRICULTURE OFFICER,,8277931749,8277931749,"RSK KASABA, C R Patna Tq",,VERIFIED_FROM_OFFICIAL_SOURCE,46,2937,"RSK KASABA, C R Patna Tq | AGRICULTURE OFFICER | 8277931749"
KA_HASSAN_C_R_PATNA_2941,Karnataka,Hassan,C R Patna,,RSK,"ADA OFFICE/ INCHARGE AO RAITA SAMPARKA KENDRA, NUGGEHALLI","RSK ADA OFFICE/ INCHARGE AO RAITA SAMPARKA KENDRA, NUGGEHALLI",TECHNICAL OFFICER-2,,8277931750,8277931750,"ADA OFFICE/ INCHARGE AO RAITA SAMPARKA KENDRA, NUGGEHALLI",,VERIFIED_FROM_OFFICIAL_SOURCE,47,2941,"ADA OFFICE/ INCHARGE AO RAITA SAMPARKA KENDRA, NUGGEHALLI | TECHNICAL OFFICER-2 | 8277931750"
KA_HASSAN_C_R_PATNA_2945,Karnataka,Hassan,C R Patna,,RSK,SHRAVANABELAGOLA,RSK SHRAVANABELAGOLA,AGRICULTURE OFFICER (I/C),,8277931752,8277931752,RSK SHRAVANABELAGOLA,,VERIFIED_FROM_OFFICIAL_SOURCE,48,2945,RSK SHRAVANABELAGOLA | AGRICULTURE OFFICER (I/C) | 8277931752
KA_HASSAN_HASSAN_2949,Karnataka,Hassan,Hassan,,DEPARTMENT_OFFICE,,"ADA Office, Hassan Tq",Assistant Director of Agriculture,,8277931753,8277931753,"ADA Office, Hassan Tq",,VERIFIED_FROM_OFFICIAL_SOURCE,49,2949,"ADA Office, Hassan Tq | Assistant Director of Agriculture | 8277931753"
KA_HASSAN_HASSAN_2953,Karnataka,Hassan,Hassan,,DEPARTMENT_OFFICE,,"ADA Office, Hassan Tq",Technical Officer - 1,,8277931754,8277931754,"ADA Office, Hassan Tq",,VERIFIED_FROM_OFFICIAL_SOURCE,50,2953,"ADA Office, Hassan Tq | Technical Officer - 1 | 8277931754"
KA_HASSAN_HASSAN_2957,Karnataka,Hassan,Hassan,,RSK,"Shanthigrama, Hobli, Hassan taluk","RSK Shanthigrama, Hobli, Hassan taluk",Agriculture Officer,,8277931756,8277931756,"Shanthigrama, Hobli, Hassan taluk",,VERIFIED_FROM_OFFICIAL_SOURCE,51,2957,"Shanthigrama, Hobli, Hassan taluk | Agriculture Officer | 8277931756"
KA_HASSAN_HASSAN_2961,Karnataka,Hassan,hassan,Salagame,RSK,"Salagame Hobli, hassan taluk","RSK Salagame Hobli, hassan taluk",Agriculture Officer,,8277931760,8277931760,"Salagame Hobli, hassan taluk",,VERIFIED_FROM_OFFICIAL_SOURCE,52,2961,"Salagame Hobli, hassan taluk | Agriculture Officer | 8277931760"
KA_HASSAN_HASSAN_2965,Karnataka,Hassan,Hassan,,DEPARTMENT_OFFICE,,"ADA Office, Hassan Tq",Technical Officer- 2,,8277931761,8277931761,"ADA Office, Hassan Tq",,VERIFIED_FROM_OFFICIAL_SOURCE,53,2965,"ADA Office, Hassan Tq | Technical Officer- 2 | 8277931761"
KA_HASSAN_HASSAN_2969,Karnataka,Hassan,Hassan,Kattaya,RSK,"Kattaya Hobli, Hassan taluk","RSK Kattaya Hobli, Hassan taluk",Agriculture Officer,,8277931764,8277931764,"Kattaya Hobli, Hassan taluk",,VERIFIED_FROM_OFFICIAL_SOURCE,54,2969,"Kattaya Hobli, Hassan taluk | Agriculture Officer | 8277931764"
KA_HASSAN_HASSAN_2973,Karnataka,Hassan,Hassan,Dudda,RSK,"Dudda Hobli, Hassan taluk","RSK Dudda Hobli, Hassan taluk",Agriculture Officer,,8884009301,8884009301,"Dudda Hobli, Hassan taluk",,VERIFIED_FROM_OFFICIAL_SOURCE,55,2973,"Dudda Hobli, Hassan taluk | Agriculture Officer | 8884009301"
KA_HASSAN_HASSAN_2977,Karnataka,Hassan,Hassan,Kasaba,RSK,"Kasaba Hobli , Hassan Taluk","RSK Kasaba Hobli , Hassan Taluk",Agriculture Officer,,8884009314,8884009314,"Kasaba Hobli , Hassan Taluk",,VERIFIED_FROM_OFFICIAL_SOURCE,56,2977,"Kasaba Hobli , Hassan Taluk | Agriculture Officer | 8884009314"
KA_HASSAN_HOLENARASIPURA_2981,Karnataka,Hassan,Holenarasipura,,DEPARTMENT_OFFICE,,"ADA Office,Holenarasipura",Assistant Director of Agriculture,,8884009324,8884009324,"ADA Office,Holenarasipura",,VERIFIED_FROM_OFFICIAL_SOURCE,57,2981,"ADA Office,Holenarasipura | Assistant Director of Agriculture | 8884009324"
KA_HASSAN_HOLENARASIPURA_2985,Karnataka,Hassan,Holenarasipura,,RSK,"Halekote ,Holenarasipura Tq","RSK Halekote ,Holenarasipura Tq",Agriculture Officer (I/c),,8884009330,8884009330,"RSK Halekote ,Holenarasipura Tq",,VERIFIED_FROM_OFFICIAL_SOURCE,58,2985,"RSK Halekote ,Holenarasipura Tq | Agriculture Officer (I/c) | 8884009330"
KA_HASSAN_HOLENARASIPURA_2989,Karnataka,Hassan,Holenarasipura,,RSK,"Hallymysore,Holenarasipura Tq","RSK Hallymysore,Holenarasipura Tq",Agriculture Officer,,8884009348,8884009348,"RSK Hallymysore,Holenarasipura Tq",,VERIFIED_FROM_OFFICIAL_SOURCE,59,2989,"RSK Hallymysore,Holenarasipura Tq | Agriculture Officer | 8884009348"
KA_HASSAN_HOLENARASIPURA_2993,Karnataka,Hassan,Holenarasipura,,RSK,"Holenarasipura,Holenarasipura Tq","RSK Holenarasipura,Holenarasipura Tq",Technical Officer - 2,,8884009362,8884009362,"RSK Holenarasipura,Holenarasipura Tq",,VERIFIED_FROM_OFFICIAL_SOURCE,60,2993,"RSK Holenarasipura,Holenarasipura Tq | Technical Officer - 2 | 8884009362"
KA_HASSAN_HOLENARASIPURA_2997,Karnataka,Hassan,Holenarasipura,,DEPARTMENT_OFFICE,,"ADA Office,Holenarasipura Tq",Technical Officer - 1,,8277931768,8277931768,"ADA Office,Holenarasipura Tq",,VERIFIED_FROM_OFFICIAL_SOURCE,61,2997,"ADA Office,Holenarasipura Tq | Technical Officer - 1 | 8277931768"
KA_HASSAN_SAKALESHPURA_3001,Karnataka,Hassan,Sakaleshpura,,DEPARTMENT_OFFICE,,"ADA, Sakaleshpura",Assistant Director of Agriculture (I/c),,8884010217,8884010217,"O/o ADA, Sakaleshpura",,VERIFIED_FROM_OFFICIAL_SOURCE,62,3001,"O/o ADA, Sakaleshpura | Assistant Director of Agriculture (I/c) | 8884010217"
KA_HASSAN_SAKALESHPURA_3005,Karnataka,Hassan,Sakaleshpura,,DEPARTMENT_OFFICE,,"ADA, Sakaleshpura",Agriculture Officer,,8884010247,8884010247,"O/o ADA, Sakaleshpura",,VERIFIED_FROM_OFFICIAL_SOURCE,63,3005,"O/o ADA, Sakaleshpura | Agriculture Officer | 8884010247"
KA_HASSAN_SAKALESHPURA_3009,Karnataka,Hassan,Sakaleshpura,,RSK,"Belagodu , Sakaleshpura Tq","RSK Belagodu , Sakaleshpura Tq",Agriculture Officer,,8884010256,8884010256,"RSK Belagodu , Sakaleshpura Tq",,VERIFIED_FROM_OFFICIAL_SOURCE,64,3009,"RSK Belagodu , Sakaleshpura Tq | Agriculture Officer | 8884010256"
KA_HASSAN_SAKALESHPURA_3013,Karnataka,Hassan,Sakaleshpura,,RSK,"Hethur , Sakaleshpura Tq","RSK Hethur , Sakaleshpura Tq",Agriculture Officer,,8884010276,8884010276,"RSK Hethur , Sakaleshpura Tq",,VERIFIED_FROM_OFFICIAL_SOURCE,65,3013,"RSK Hethur , Sakaleshpura Tq | Agriculture Officer | 8884010276"
KA_HASSAN_SAKALESHPURA_3017,Karnataka,Hassan,Sakaleshpura,,RSK,"Yeslur , Sakaleshpura Tq","RSK Yeslur , Sakaleshpura Tq",Agriculture Officer (I/C),,8884010279,8884010279,"RSK Yeslur , Sakaleshpura Tq",,VERIFIED_FROM_OFFICIAL_SOURCE,66,3017,"RSK Yeslur , Sakaleshpura Tq | Agriculture Officer (I/C) | 8884010279"
KA_HASSAN_SAKALESHPURA_3021,Karnataka,Hassan,Sakaleshpura,,RSK,"Kasaba , Sakaleshpur","RSK Kasaba , Sakaleshpur",Agriculture Officer,,8277931770,8277931770,"RSK Kasaba , Sakaleshpur",,VERIFIED_FROM_OFFICIAL_SOURCE,67,3021,"RSK Kasaba , Sakaleshpur | Agriculture Officer | 8277931770"
KA_HASSAN_SAKALESHPURA_3025,Karnataka,Hassan,Sakaleshpura,,RSK,"Hanbal , Sakaleshpur","RSK Hanbal , Sakaleshpur",Agriculture Officer,,8277931772,8277931772,"RSK Hanbal , Sakaleshpur",,VERIFIED_FROM_OFFICIAL_SOURCE,68,3025,"RSK Hanbal , Sakaleshpur | Agriculture Officer | 8277931772"
KA_HAVERI_HAVERI_3034,Karnataka,Haveri,Haveri,,DEPARTMENT_OFFICE,,Joint Director Of Agriculture Haveri,JDA,,8277931800,8277931800,Joint Director Of Agriculture Haveri,,VERIFIED_FROM_OFFICIAL_SOURCE,1,3034,Joint Director Of Agriculture Haveri | JDA | 8277931800
KA_HAVERI_HAVERI_3038,Karnataka,Haveri,Haveri,,DEPARTMENT_OFFICE,,Joint Director Of Agriculture Haveri,ADA (M&E),,8277931807,8277931807,Joint Director Of Agriculture Haveri,,VERIFIED_FROM_OFFICIAL_SOURCE,2,3038,ADA (M&E) | 8277931807
KA_HAVERI_HAVERI_3041,Karnataka,Haveri,Haveri,,DEPARTMENT_OFFICE,,Joint Director Of Agriculture Haveri,ADA (Vig-1),,8277931805,8277931805,Joint Director Of Agriculture Haveri,,VERIFIED_FROM_OFFICIAL_SOURCE,3,3041,ADA (Vig-1) | 8277931805
KA_HAVERI_HAVERI_3044,Karnataka,Haveri,Haveri,,DEPARTMENT_OFFICE,,Joint Director Of Agriculture Haveri,ADA (Vig-2),,8277932050,8277932050,Joint Director Of Agriculture Haveri,,VERIFIED_FROM_OFFICIAL_SOURCE,4,3044,ADA (Vig-2) | 8277932050
KA_HAVERI_HAVERI_3047,Karnataka,Haveri,Haveri,,DEPARTMENT_OFFICE,,Joint Director Of Agriculture Haveri,ADA (HQ),,8277931803,8277931803,Joint Director Of Agriculture Haveri,,VERIFIED_FROM_OFFICIAL_SOURCE,5,3047,ADA (HQ) | 8277931803
KA_HAVERI_HAVERI_3050,Karnataka,Haveri,Haveri,,DEPARTMENT_OFFICE,,ADA (FM),-,,,,ADA (FM),,VERIFIED_FROM_OFFICIAL_SOURCE,6,3050,ADA (FM) | -
KA_HAVERI_HAVERI_3053,Karnataka,Haveri,Haveri,,DEPARTMENT_OFFICE,,ADA (FM),ADA (SMS),,8277931804,8277931804,ADA (FM),,VERIFIED_FROM_OFFICIAL_SOURCE,7,3053,ADA (SMS) | 8277931804
KA_HAVERI_HAVERI_3056,Karnataka,Haveri,Haveri,,DEPARTMENT_OFFICE,,ADA (FM),AO TO,,8277931806,8277931806,ADA (FM),,VERIFIED_FROM_OFFICIAL_SOURCE,8,3056,AO TO | 8277931806
KA_HAVERI_HAVERI_3059,Karnataka,Haveri,Haveri,,DEPARTMENT_OFFICE,,ADA (FM),AO TO,,8277931833,8277931833,ADA (FM),,VERIFIED_FROM_OFFICIAL_SOURCE,9,3059,AO TO | 8277931833
KA_HAVERI_HAVERI_3062,Karnataka,Haveri,Haveri,,DEPARTMENT_OFFICE,,DDA-1 Haveri Office,DDA,,8277931801,8277931801,DDA-1 Haveri Office,,VERIFIED_FROM_OFFICIAL_SOURCE,10,3062,DDA-1 Haveri Office | DDA | 8277931801
KA_HAVERI_HAVERI_3066,Karnataka,Haveri,Haveri,,DEPARTMENT_OFFICE,,DDA-1 Haveri Office,AO TO,,8277931808,8277931808,DDA-1 Haveri Office,,VERIFIED_FROM_OFFICIAL_SOURCE,11,3066,AO TO | 8277931808
KA_HAVERI_HAVERI_3069,Karnataka,Haveri,Haveri,,DEPARTMENT_OFFICE,,DDA-1 Haveri Office,AO TO,,8277931817,8277931817,DDA-1 Haveri Office,,VERIFIED_FROM_OFFICIAL_SOURCE,12,3069,AO TO | 8277931817
KA_HAVERI_HAVERI_3072,Karnataka,Haveri,Haveri,,DEPARTMENT_OFFICE,,DDA- 2 RANEBENNUR Office,DDA,,8277931802,8277931802,DDA- 2 RANEBENNUR Office,,VERIFIED_FROM_OFFICIAL_SOURCE,13,3072,DDA- 2 RANEBENNUR Office | DDA | 8277931802
KA_HAVERI_HAVERI_3076,Karnataka,Haveri,Haveri,,DEPARTMENT_OFFICE,,DDA- 2 RANEBENNUR Office,AO TO,,8277931809,8277931809,DDA- 2 RANEBENNUR Office,,VERIFIED_FROM_OFFICIAL_SOURCE,14,3076,AO TO | 8277931809
KA_HAVERI_HAVERI_3079,Karnataka,Haveri,Haveri,,DEPARTMENT_OFFICE,,DDA- 2 RANEBENNUR Office,AO TO,,8277931810,8277931810,DDA- 2 RANEBENNUR Office,,VERIFIED_FROM_OFFICIAL_SOURCE,15,3079,AO TO | 8277931810
KA_HAVERI_DEVIHOSUR_3082,Karnataka,Haveri,Devihosur,,DEPARTMENT_OFFICE,,Assistant Director Of Agriculture Devihosur,ADA,,8277931811,8277931811,Assistant Director Of Agriculture Devihosur,,VERIFIED_FROM_OFFICIAL_SOURCE,16,3082,Assistant Director Of Agriculture Devihosur | ADA | 8277931811
KA_HAVERI_DEVIHOSUR_3086,Karnataka,Haveri,Devihosur,,DEPARTMENT_OFFICE,,Assistant Director Of Agriculture Devihosur,AO TO,,8277931840,8277931840,Assistant Director Of Agriculture Devihosur,,VERIFIED_FROM_OFFICIAL_SOURCE,17,3086,AO TO | 8277931840
KA_HAVERI_HAVERI_3089,Karnataka,Haveri,Haveri,,DEPARTMENT_OFFICE,,Assistant Director Of Agriculture Haveri,ADA,,8277931812,8277931812,Assistant Director Of Agriculture Haveri,,VERIFIED_FROM_OFFICIAL_SOURCE,18,3089,Assistant Director Of Agriculture Haveri | ADA | 8277931812
KA_HAVERI_HAVERI_3093,Karnataka,Haveri,Haveri,,DEPARTMENT_OFFICE,,Assistant Director Of Agriculture Haveri,AO TO,,8277931822,8277931822,Assistant Director Of Agriculture Haveri,,VERIFIED_FROM_OFFICIAL_SOURCE,19,3093,AO TO | 8277931822
KA_HAVERI_HAVERI_3096,Karnataka,Haveri,Haveri,,DEPARTMENT_OFFICE,,Assistant Director Of Agriculture Haveri,AO,,8277931815,8277931815,Assistant Director Of Agriculture Haveri,,VERIFIED_FROM_OFFICIAL_SOURCE,20,3096,AO | 8277931815
KA_HAVERI_HAVERI_3099,Karnataka,Haveri,Haveri,,DEPARTMENT_OFFICE,,Assistant Director Of Agriculture Haveri,AO,,8277931823,8277931823,Assistant Director Of Agriculture Haveri,,VERIFIED_FROM_OFFICIAL_SOURCE,21,3099,AO | 8277931823
KA_HAVERI_HANGAL_3102,Karnataka,Haveri,Hangal,,DEPARTMENT_OFFICE,,Assistant Director Of Agriculture Hangal,ADA,,8277931836,8277931836,Assistant Director Of Agriculture Hangal,,VERIFIED_FROM_OFFICIAL_SOURCE,22,3102,Assistant Director Of Agriculture Hangal | ADA | 8277931836
KA_HAVERI_HANGAL_3106,Karnataka,Haveri,Hangal,,DEPARTMENT_OFFICE,,Assistant Director Of Agriculture Hangal,"AO, Hangal",,8277931837,8277931837,Assistant Director Of Agriculture Hangal,,VERIFIED_FROM_OFFICIAL_SOURCE,23,3106,"AO, Hangal | 8277931837"
KA_HAVERI_HANGAL_3109,Karnataka,Haveri,Hangal,,DEPARTMENT_OFFICE,,Assistant Director Of Agriculture Hangal,"AO, Bammanahalli",,8277931839,8277931839,Assistant Director Of Agriculture Hangal,,VERIFIED_FROM_OFFICIAL_SOURCE,24,3109,"AO, Bammanahalli | 8277931839"
KA_HAVERI_SAVANUR_3112,Karnataka,Haveri,Savanur,,DEPARTMENT_OFFICE,,Assistant Director of Agriculture Savanur,ADA,,8277931866,8277931866,Assistant Director of Agriculture Savanur,,VERIFIED_FROM_OFFICIAL_SOURCE,25,3112,Assistant Director of Agriculture Savanur | ADA | 8277931866
KA_HAVERI_SAVANUR_3116,Karnataka,Haveri,Savanur,,DEPARTMENT_OFFICE,,Assistant Director of Agriculture Savanur,AO (TO),,8277931827,8277931827,Assistant Director of Agriculture Savanur,,VERIFIED_FROM_OFFICIAL_SOURCE,26,3116,AO (TO) | 8277931827
KA_HAVERI_SAVANUR_3119,Karnataka,Haveri,Savanur,,DEPARTMENT_OFFICE,,Assistant Director of Agriculture Savanur,AO,,8277931868,8277931868,Assistant Director of Agriculture Savanur,,VERIFIED_FROM_OFFICIAL_SOURCE,27,3119,AO | 8277931868
KA_HAVERI_SAVANUR_3122,Karnataka,Haveri,Savanur,,DEPARTMENT_OFFICE,,Assistant Director of Agriculture Savanur,AO,,8277931867,8277931867,Assistant Director of Agriculture Savanur,,VERIFIED_FROM_OFFICIAL_SOURCE,28,3122,AO | 8277931867
KA_HAVERI_SHIGGOAN_3125,Karnataka,Haveri,Shiggoan,,DEPARTMENT_OFFICE,,Assistant Director Of Agriculture Shiggoan,ADA,,8277931882,8277931882,Assistant Director Of Agriculture Shiggoan,,VERIFIED_FROM_OFFICIAL_SOURCE,29,3125,Assistant Director Of Agriculture Shiggoan | ADA | 8277931882
KA_HAVERI_SHIGGOAN_3129,Karnataka,Haveri,Shiggoan,,DEPARTMENT_OFFICE,,Assistant Director Of Agriculture Shiggoan,AO TO,,8277931877,8277931877,Assistant Director Of Agriculture Shiggoan,,VERIFIED_FROM_OFFICIAL_SOURCE,30,3129,AO TO | 8277931877
KA_HAVERI_SHIGGOAN_3132,Karnataka,Haveri,Shiggoan,,DEPARTMENT_OFFICE,,Assistant Director Of Agriculture Shiggoan,AO TO,,8277931873,8277931873,Assistant Director Of Agriculture Shiggoan,,VERIFIED_FROM_OFFICIAL_SOURCE,31,3132,AO TO | 8277931873
KA_HAVERI_SHIGGOAN_3135,Karnataka,Haveri,Shiggoan,,DEPARTMENT_OFFICE,,Assistant Director Of Agriculture Shiggoan,AO TO,,8277931876,8277931876,Assistant Director Of Agriculture Shiggoan,,VERIFIED_FROM_OFFICIAL_SOURCE,32,3135,AO TO | 8277931876
KA_HAVERI_SHIGGOAN_3138,Karnataka,Haveri,Shiggoan,,DEPARTMENT_OFFICE,,Assistant Director Of Agriculture Shiggoan,AO,,8277931874,8277931874,Assistant Director Of Agriculture Shiggoan,,VERIFIED_FROM_OFFICIAL_SOURCE,33,3138,AO | 8277931874
KA_HAVERI_BYADAGI_3141,Karnataka,Haveri,Byadagi,,DEPARTMENT_OFFICE,,Assistant Director Of Agriculture Byadagi,ADA,,8277931825,8277931825,Assistant Director Of Agriculture Byadagi,,VERIFIED_FROM_OFFICIAL_SOURCE,34,3141,Assistant Director Of Agriculture Byadagi | ADA | 8277931825
KA_HAVERI_BYADAGI_3145,Karnataka,Haveri,Byadagi,,DEPARTMENT_OFFICE,,Assistant Director Of Agriculture Byadagi,AO,,8277932046,8277932046,Assistant Director Of Agriculture Byadagi,,VERIFIED_FROM_OFFICIAL_SOURCE,35,3145,AO | 8277932046
KA_HAVERI_RANEBENNUR_3148,Karnataka,Haveri,Ranebennur,,DEPARTMENT_OFFICE,,Assistant Director Of Agriculture Ranebennur,ADA,,8277931850,8277931850,Assistant Director Of Agriculture Ranebennur,,VERIFIED_FROM_OFFICIAL_SOURCE,36,3148,Assistant Director Of Agriculture Ranebennur | ADA | 8277931850
KA_HAVERI_RANEBENNUR_3152,Karnataka,Haveri,Ranebennur,,DEPARTMENT_OFFICE,,Assistant Director Of Agriculture Ranebennur,TECH AO,,8277931857,8277931857,Assistant Director Of Agriculture Ranebennur,,VERIFIED_FROM_OFFICIAL_SOURCE,37,3152,TECH AO | 8277931857
KA_HAVERI_RANEBENNUR_3155,Karnataka,Haveri,Ranebennur,,DEPARTMENT_OFFICE,,Assistant Director Of Agriculture Ranebennur,TECH AO,,8277931858,8277931858,Assistant Director Of Agriculture Ranebennur,,VERIFIED_FROM_OFFICIAL_SOURCE,38,3155,TECH AO | 8277931858
KA_HAVERI_RANEBENNUR_3158,Karnataka,Haveri,Ranebennur,,DEPARTMENT_OFFICE,,Assistant Director Of Agriculture Ranebennur,AO,,8277931826,8277931826,Assistant Director Of Agriculture Ranebennur,,VERIFIED_FROM_OFFICIAL_SOURCE,39,3158,AO | 8277931826
KA_HAVERI_RANEBENNUR_3161,Karnataka,Haveri,Ranebennur,,DEPARTMENT_OFFICE,,Assistant Director Of Agriculture Ranebennur,AO,,8277931855,8277931855,Assistant Director Of Agriculture Ranebennur,,VERIFIED_FROM_OFFICIAL_SOURCE,40,3161,AO | 8277931855
KA_HAVERI_RANEBENNUR_3164,Karnataka,Haveri,Ranebennur,,DEPARTMENT_OFFICE,,Assistant Director Of Agriculture Ranebennur,AAO,,8277931853,8277931853,Assistant Director Of Agriculture Ranebennur,,VERIFIED_FROM_OFFICIAL_SOURCE,41,3164,AAO | 8277931853
KA_HAVERI_RANEBENNUR_3167,Karnataka,Haveri,Ranebennur,,DEPARTMENT_OFFICE,,Assistant Director Of Agriculture Ranebennur,AO,,8277931859,8277931859,Assistant Director Of Agriculture Ranebennur,,VERIFIED_FROM_OFFICIAL_SOURCE,42,3167,AO | 8277931859
KA_HAVERI_RANEBENNUR_3170,Karnataka,Haveri,Ranebennur,,DEPARTMENT_OFFICE,,Assistant Director Of Agriculture Ranebennur,AO,,8277931856,8277931856,Assistant Director Of Agriculture Ranebennur,,VERIFIED_FROM_OFFICIAL_SOURCE,43,3170,AO | 8277931856
KA_HAVERI_HIREKERUR_3173,Karnataka,Haveri,Hirekerur,,DEPARTMENT_OFFICE,,Assistant Director Of Agriculture Hirekerur,ADA,,8277931841,8277931841,Assistant Director Of Agriculture Hirekerur,,VERIFIED_FROM_OFFICIAL_SOURCE,44,3173,Assistant Director Of Agriculture Hirekerur | ADA | 8277931841
KA_HAVERI_HIREKERUR_3177,Karnataka,Haveri,Hirekerur,,DEPARTMENT_OFFICE,,Assistant Director Of Agriculture Hirekerur,AO (TO-1),,8277931842,8277931842,Assistant Director Of Agriculture Hirekerur,,VERIFIED_FROM_OFFICIAL_SOURCE,45,3177,AO (TO-1) | 8277931842
KA_HAVERI_HIREKERUR_3180,Karnataka,Haveri,Hirekerur,,DEPARTMENT_OFFICE,,Assistant Director Of Agriculture Hirekerur,AO,,8277931845,8277931845,Assistant Director Of Agriculture Hirekerur,,VERIFIED_FROM_OFFICIAL_SOURCE,46,3180,AO | 8277931845
KA_KALABURAGI_KALABURAGI_3188,Karnataka,Kalaburagi,Kalaburagi,,DEPARTMENT_OFFICE,,JDA office Kalaburagi,Joint Director of Agriculture,,8277931500,8277931500,JDA office Kalaburagi,,VERIFIED_FROM_OFFICIAL_SOURCE,1,3188,JDA office Kalaburagi | Joint Director of Agriculture | 8277931500
KA_KALABURAGI_KALABURAGI_3192,Karnataka,Kalaburagi,Kalaburagi,,DEPARTMENT_OFFICE,,JDA office Kalaburagi,Agriculture officer,,8277931604,8277931604,JDA office Kalaburagi,,VERIFIED_FROM_OFFICIAL_SOURCE,2,3192,JDA office Kalaburagi | Agriculture officer | 8277931604
KA_KALABURAGI_KALABURAGI_3196,Karnataka,Kalaburagi,Kalaburagi,,DEPARTMENT_OFFICE,,JDA office Kalaburagi,Assistant Director of Agriculture,,8277935598,8277935598,JDA office Kalaburagi,,VERIFIED_FROM_OFFICIAL_SOURCE,3,3196,JDA office Kalaburagi | Assistant Director of Agriculture | 8277935598
KA_KALABURAGI_KALABURAGI_3200,Karnataka,Kalaburagi,Kalaburagi,,DEPARTMENT_OFFICE,,JDA office Kalaburagi,Assistant Director of Agriculture,,8277931528,8277931528,JDA office Kalaburagi,,VERIFIED_FROM_OFFICIAL_SOURCE,4,3200,JDA office Kalaburagi | Assistant Director of Agriculture | 8277931528
KA_KALABURAGI_KALABURAGI_3204,Karnataka,Kalaburagi,Kalaburagi,,DEPARTMENT_OFFICE,,JDA office Kalaburagi,Assistant Director of Agriculture,,8277931606,8277931606,JDA office Kalaburagi,,VERIFIED_FROM_OFFICIAL_SOURCE,5,3204,JDA office Kalaburagi | Assistant Director of Agriculture | 8277931606
KA_KALABURAGI_KALABURAGI_3208,Karnataka,Kalaburagi,Kalaburagi,,DEPARTMENT_OFFICE,,JDA office Kalaburagi,Assistant Director of Agriculture,,8884004778,8884004778,JDA office Kalaburagi,,VERIFIED_FROM_OFFICIAL_SOURCE,6,3208,JDA office Kalaburagi | Assistant Director of Agriculture | 8884004778
KA_KALABURAGI_KALABURAGI_3212,Karnataka,Kalaburagi,Kalaburagi,,DEPARTMENT_OFFICE,,JDA office Kalaburagi,Assistant Director of Agriculture,,8277931545,8277931545,JDA office Kalaburagi,,VERIFIED_FROM_OFFICIAL_SOURCE,7,3212,JDA office Kalaburagi | Assistant Director of Agriculture | 8277931545
KA_KALABURAGI_KALABURAGI_3216,Karnataka,Kalaburagi,Kalaburagi,,DEPARTMENT_OFFICE,,DDA-1 office Kalaburagi,Deputy Director of Agriculture,,8277931501,8277931501,DDA-1 office Kalaburagi,,VERIFIED_FROM_OFFICIAL_SOURCE,8,3216,DDA-1 office Kalaburagi | Deputy Director of Agriculture | 8277931501
KA_KALABURAGI_KALABURAGI_3220,Karnataka,Kalaburagi,Kalaburagi,,DEPARTMENT_OFFICE,,DDA-1 office Kalaburagi,Agriculture Officer,,8277931575,8277931575,DDA-1 office Kalaburagi,,VERIFIED_FROM_OFFICIAL_SOURCE,9,3220,DDA-1 office Kalaburagi | Agriculture Officer | 8277931575
KA_KALABURAGI_KALABURAGI_3224,Karnataka,Kalaburagi,Kalaburagi,,DEPARTMENT_OFFICE,,DDA-1 office Kalaburagi,Agriculture Officer,,8277931507,8277931507,DDA-1 office Kalaburagi,,VERIFIED_FROM_OFFICIAL_SOURCE,10,3224,DDA-1 office Kalaburagi | Agriculture Officer | 8277931507
KA_KALABURAGI_KALABURAGI_3228,Karnataka,Kalaburagi,Kalaburagi,,DEPARTMENT_OFFICE,,DDA-2 office Sedam,Deputy Director of Agriculture,,8277931502,8277931502,DDA-2 office Sedam,,VERIFIED_FROM_OFFICIAL_SOURCE,11,3228,DDA-2 office Sedam | Deputy Director of Agriculture | 8277931502
KA_KALABURAGI_KALABURAGI_3232,Karnataka,Kalaburagi,Kalaburagi,,DEPARTMENT_OFFICE,,JDA vigilence Kalaburagi,Deputy Director of Agriculture,,8277935606,8277935606,JDA vigilence Kalaburagi,,VERIFIED_FROM_OFFICIAL_SOURCE,12,3232,JDA vigilence Kalaburagi | Deputy Director of Agriculture | 8277935606
KA_KALABURAGI_KALABURAGI_3236,Karnataka,Kalaburagi,Kalaburagi,,DEPARTMENT_OFFICE,,JDA vigilence Kalaburagi,Assistant Direcrtor of Agriculture,,8277931580,8277931580,JDA vigilence Kalaburagi,,VERIFIED_FROM_OFFICIAL_SOURCE,13,3236,JDA vigilence Kalaburagi | Assistant Direcrtor of Agriculture | 8277931580
KA_KALABURAGI_KALABURAGI_3240,Karnataka,Kalaburagi,Kalaburagi,,DEPARTMENT_OFFICE,,DATC Kalaburagi,Assistant Director of Agriculture,,8277931506,8277931506,DATC Kalaburagi,,VERIFIED_FROM_OFFICIAL_SOURCE,14,3240,DATC Kalaburagi | Assistant Director of Agriculture | 8277931506
KA_KALABURAGI_KALABURAGI_3244,Karnataka,Kalaburagi,Kalaburagi,,DEPARTMENT_OFFICE,,DATC Kalaburagi,Agriculture Officer,,8884004920,8884004920,DATC Kalaburagi,,VERIFIED_FROM_OFFICIAL_SOURCE,15,3244,DATC Kalaburagi | Agriculture Officer | 8884004920
KA_KALABURAGI_KALABURAGI_3248,Karnataka,Kalaburagi,Kalaburagi,,DEPARTMENT_OFFICE,,DATC Kalaburagi,Agriculture Officer,,8884004922,8884004922,DATC Kalaburagi,,VERIFIED_FROM_OFFICIAL_SOURCE,16,3248,DATC Kalaburagi | Agriculture Officer | 8884004922
KA_KALABURAGI_KALABURAGI_3252,Karnataka,Kalaburagi,Kalaburagi,,DEPARTMENT_OFFICE,,DATC Kalaburagi,Assistant Director of Agriculture,,8884004931,8884004931,DATC Kalaburagi,,VERIFIED_FROM_OFFICIAL_SOURCE,17,3252,DATC Kalaburagi | Assistant Director of Agriculture | 8884004931
KA_KALABURAGI_KALABURAGI_3256,Karnataka,Kalaburagi,Kalaburagi,,DEPARTMENT_OFFICE,,DATC Kalaburagi,Agriculture Officer,,8277931577,8277931577,DATC Kalaburagi,,VERIFIED_FROM_OFFICIAL_SOURCE,18,3256,DATC Kalaburagi | Agriculture Officer | 8277931577
KA_KALABURAGI_KALABURAGI_3260,Karnataka,Kalaburagi,Kalaburagi,,DEPARTMENT_OFFICE,,DDA SPTL Kalaburagi,Deputy Director of Agriculture,,8277931503,8277931503,DDA SPTL Kalaburagi,,VERIFIED_FROM_OFFICIAL_SOURCE,19,3260,DDA SPTL Kalaburagi | Deputy Director of Agriculture | 8277931503
KA_KALABURAGI_KALABURAGI_3264,Karnataka,Kalaburagi,Kalaburagi,,DEPARTMENT_OFFICE,,DDA SPTL Kalaburagi,Agriculture Officer,,8884004933,8884004933,DDA SPTL Kalaburagi,,VERIFIED_FROM_OFFICIAL_SOURCE,20,3264,DDA SPTL Kalaburagi | Agriculture Officer | 8884004933
KA_KALABURAGI_KALABURAGI_3268,Karnataka,Kalaburagi,Kalaburagi,,DEPARTMENT_OFFICE,,DDA SPTL Kalaburagi,Agriculture Officer,,8884004955,8884004955,DDA SPTL Kalaburagi,,VERIFIED_FROM_OFFICIAL_SOURCE,21,3268,DDA SPTL Kalaburagi | Agriculture Officer | 8884004955
KA_KALABURAGI_AFZALPUR_3272,Karnataka,Kalaburagi,Afzalpur,,DEPARTMENT_OFFICE,,ADA office Afzalpur,Agriculture Officer,,8884004980,8884004980,ADA office Afzalpur,,VERIFIED_FROM_OFFICIAL_SOURCE,22,3272,ADA office Afzalpur | Agriculture Officer | 8884004980
KA_KALABURAGI_AFZALPUR_3276,Karnataka,Kalaburagi,Afzalpur,,DEPARTMENT_OFFICE,,DDA SPTL Kalaburagi,Agriculture Officer,,8884006019,8884006019,DDA SPTL Kalaburagi,,VERIFIED_FROM_OFFICIAL_SOURCE,23,3276,DDA SPTL Kalaburagi | Agriculture Officer | 8884006019
KA_KALABURAGI_AFZALPUR_3280,Karnataka,Kalaburagi,Afzalpur,,DEPARTMENT_OFFICE,,DDA SPTL Kalaburagi,Agriculture Officer,,8884006039,8884006039,DDA SPTL Kalaburagi,,VERIFIED_FROM_OFFICIAL_SOURCE,24,3280,DDA SPTL Kalaburagi | Agriculture Officer | 8884006039
KA_KALABURAGI_BCL_KALABURAGI_3284,Karnataka,Kalaburagi,BCL Kalaburagi,,DEPARTMENT_OFFICE,,ADA office BCL Kalaburagi,Assistant Direcrtor of Agriculture,,8277931573,8277931573,ADA office BCL Kalaburagi,,VERIFIED_FROM_OFFICIAL_SOURCE,25,3284,ADA office BCL Kalaburagi | Assistant Direcrtor of Agriculture | 8277931573
KA_KALABURAGI_BCL_KALABURAGI_3288,Karnataka,Kalaburagi,BCL Kalaburagi,,DEPARTMENT_OFFICE,,ADA office BCL Kalaburagi,Agriculture Officer,,8277931552,8277931552,ADA office BCL Kalaburagi,,VERIFIED_FROM_OFFICIAL_SOURCE,26,3288,ADA office BCL Kalaburagi | Agriculture Officer | 8277931552
KA_KALABURAGI_BFQCL_KALABURAGI_3292,Karnataka,Kalaburagi,BFQCL Kalaburagi,,DEPARTMENT_OFFICE,,ADA office BFQCL Kalaburagi,Assistant Director of Agriculture,,8277931504,8277931504,ADA office BFQCL Kalaburagi,,VERIFIED_FROM_OFFICIAL_SOURCE,27,3292,ADA office BFQCL Kalaburagi | Assistant Director of Agriculture | 8277931504
KA_KALABURAGI_BFQCL_KALABURAGI_3296,Karnataka,Kalaburagi,BFQCL Kalaburagi,,DEPARTMENT_OFFICE,,ADA office BFQCL Kalaburagi,Agriculture Officer,,8277931603,8277931603,ADA office BFQCL Kalaburagi,,VERIFIED_FROM_OFFICIAL_SOURCE,28,3296,ADA office BFQCL Kalaburagi | Agriculture Officer | 8277931603
KA_KALABURAGI_BFQCL_KALABURAGI_3300,Karnataka,Kalaburagi,BFQCL Kalaburagi,,DEPARTMENT_OFFICE,,JDA office Kalaburagi,Agriculture Officer,,8277935632,8277935632,JDA office Kalaburagi,,VERIFIED_FROM_OFFICIAL_SOURCE,29,3300,JDA office Kalaburagi | Agriculture Officer | 8277935632
KA_KALABURAGI_KALABURAGI_3304,Karnataka,Kalaburagi,Kalaburagi,,DEPARTMENT_OFFICE,,ADA office Kalaburagi,Assistant Director of Agriculture,,8277931508,8277931508,ADA office Kalaburagi,,VERIFIED_FROM_OFFICIAL_SOURCE,30,3304,ADA office Kalaburagi | Assistant Director of Agriculture | 8277931508
KA_KALABURAGI_KALABURAGI_3308,Karnataka,Kalaburagi,Kalaburagi,,DEPARTMENT_OFFICE,,ADA office Kalaburagi,Agriculture Officer,,8277931583,8277931583,ADA office Kalaburagi,,VERIFIED_FROM_OFFICIAL_SOURCE,31,3308,ADA office Kalaburagi | Agriculture Officer | 8277931583
KA_KALABURAGI_KALABURAGI_3312,Karnataka,Kalaburagi,Kalaburagi,,DEPARTMENT_OFFICE,,ADA office Kalaburagi,Agriculture Officer,,8277935626,8277935626,ADA office Kalaburagi,,VERIFIED_FROM_OFFICIAL_SOURCE,32,3312,ADA office Kalaburagi | Agriculture Officer | 8277935626
KA_KALABURAGI_KALABURAGI_3316,Karnataka,Kalaburagi,Kalaburagi,,DEPARTMENT_OFFICE,,ADA office Kalaburagi,Assistant Agriculture officer,,8277935611,8277935611,ADA office Kalaburagi,,VERIFIED_FROM_OFFICIAL_SOURCE,33,3316,ADA office Kalaburagi | Assistant Agriculture officer | 8277935611
KA_KALABURAGI_KALABURAGI_3320,Karnataka,Kalaburagi,Kalaburagi,,DEPARTMENT_OFFICE,,ADA office Kalaburagi,Agriculture Officer,,8277935623,8277935623,ADA office Kalaburagi,,VERIFIED_FROM_OFFICIAL_SOURCE,34,3320,ADA office Kalaburagi | Agriculture Officer | 8277935623
KA_KALABURAGI_KALABURAGI_3324,Karnataka,Kalaburagi,Kalaburagi,,DEPARTMENT_OFFICE,,ADA office Kalaburagi,Asiistant Agriculture officer,,8277931532,8277931532,ADA office Kalaburagi,,VERIFIED_FROM_OFFICIAL_SOURCE,35,3324,ADA office Kalaburagi | Asiistant Agriculture officer | 8277931532
KA_KALABURAGI_KALABURAGI_3328,Karnataka,Kalaburagi,Kalaburagi,,DEPARTMENT_OFFICE,,ADA office Kalaburagi,Agriculture Officer,,8277935622,8277935622,ADA office Kalaburagi,,VERIFIED_FROM_OFFICIAL_SOURCE,36,3328,ADA office Kalaburagi | Agriculture Officer | 8277935622
KA_KALABURAGI_KALABURAGI_3332,Karnataka,Kalaburagi,Kalaburagi,,DEPARTMENT_OFFICE,,ADA office Kalaburagi,Agriculture Officer,,8277931576,8277931576,ADA office Kalaburagi,,VERIFIED_FROM_OFFICIAL_SOURCE,37,3332,ADA office Kalaburagi | Agriculture Officer | 8277931576
KA_KALABURAGI_KALABURAGI_3336,Karnataka,Kalaburagi,Kalaburagi,,DEPARTMENT_OFFICE,,ADA office Kalaburagi,Agriculture Officer,,8277931577,8277931577,ADA office Kalaburagi,,VERIFIED_FROM_OFFICIAL_SOURCE,38,3336,ADA office Kalaburagi | Agriculture Officer | 8277931577
KA_KALABURAGI_KALABURAGI_3340,Karnataka,Kalaburagi,Kalaburagi,,DEPARTMENT_OFFICE,,ADA office Kalaburagi,Agriculture Officer,,8277935625,8277935625,ADA office Kalaburagi,,VERIFIED_FROM_OFFICIAL_SOURCE,39,3340,ADA office Kalaburagi | Agriculture Officer | 8277935625
KA_KALABURAGI_KALABURAGI_3344,Karnataka,Kalaburagi,Kalaburagi,,DEPARTMENT_OFFICE,,ADA office Kalaburagi,Agriculture Officer,,8277935634,8277935634,ADA office Kalaburagi,,VERIFIED_FROM_OFFICIAL_SOURCE,40,3344,ADA office Kalaburagi | Agriculture Officer | 8277935634
KA_KALABURAGI_KALABURAGI_3348,Karnataka,Kalaburagi,Kalaburagi,,DEPARTMENT_OFFICE,,ADA office Kalaburagi,Agriculture Officer,,8277931571,8277931571,ADA office Kalaburagi,,VERIFIED_FROM_OFFICIAL_SOURCE,41,3348,ADA office Kalaburagi | Agriculture Officer | 8277931571
KA_KALABURAGI_KALABURAGI_3352,Karnataka,Kalaburagi,Kalaburagi,,DEPARTMENT_OFFICE,,ADA office Kalaburagi,Assistant Agriculture officer,,8884004632,8884004632,ADA office Kalaburagi,,VERIFIED_FROM_OFFICIAL_SOURCE,42,3352,ADA office Kalaburagi | Assistant Agriculture officer | 8884004632
KA_KALABURAGI_KALABURAGI_3356,Karnataka,Kalaburagi,Kalaburagi,,DEPARTMENT_OFFICE,,ADA office Kalaburagi,Assistant Agriculture officer,,8884004771,8884004771,ADA office Kalaburagi,,VERIFIED_FROM_OFFICIAL_SOURCE,43,3356,ADA office Kalaburagi | Assistant Agriculture officer | 8884004771
KA_KALABURAGI_KALABURAGI_3360,Karnataka,Kalaburagi,Kalaburagi,,DEPARTMENT_OFFICE,,ADA office Kalaburagi,Assistant Agriculture officer,,8277935610,8277935610,ADA office Kalaburagi,,VERIFIED_FROM_OFFICIAL_SOURCE,44,3360,ADA office Kalaburagi | Assistant Agriculture officer | 8277935610
KA_KALABURAGI_JEWARGI_3364,Karnataka,Kalaburagi,Jewargi,,DEPARTMENT_OFFICE,,ADA office Jewargi,Agriculture Officer,,8884004751,8884004751,ADA office Jewargi,,VERIFIED_FROM_OFFICIAL_SOURCE,45,3364,ADA office Jewargi | Agriculture Officer | 8884004751
KA_KALABURAGI_SEDAM_3368,Karnataka,Kalaburagi,Sedam,,DEPARTMENT_OFFICE,,ADA office Sedam,Assistant Director of Agriculture,,8277931521,8277931521,ADA office Sedam,,VERIFIED_FROM_OFFICIAL_SOURCE,46,3368,ADA office Sedam | Assistant Director of Agriculture | 8277931521
KA_KALABURAGI_SEDAM_3372,Karnataka,Kalaburagi,Sedam,,DEPARTMENT_OFFICE,,ADA office Sedam,Agriculture Officer,,8277935629,8277935629,ADA office Sedam,,VERIFIED_FROM_OFFICIAL_SOURCE,47,3372,ADA office Sedam | Agriculture Officer | 8277935629
KA_KALABURAGI_SEDAM_3376,Karnataka,Kalaburagi,Sedam,,DEPARTMENT_OFFICE,,ADA office Sedam,Agriculture Officer,,8277935627,8277935627,ADA office Sedam,,VERIFIED_FROM_OFFICIAL_SOURCE,48,3376,ADA office Sedam | Agriculture Officer | 8277935627
KA_KALABURAGI_SEDAM_3380,Karnataka,Kalaburagi,Sedam,,DEPARTMENT_OFFICE,,ADA office Sedam,Agriculture Officer,,8277935628,8277935628,ADA office Sedam,,VERIFIED_FROM_OFFICIAL_SOURCE,49,3380,ADA office Sedam | Agriculture Officer | 8277935628
KA_KALABURAGI_SEDAM_3384,Karnataka,Kalaburagi,Sedam,,DEPARTMENT_OFFICE,,ADA office Sedam,Agriculture Officer,,8277935635,8277935635,ADA office Sedam,,VERIFIED_FROM_OFFICIAL_SOURCE,50,3384,ADA office Sedam | Agriculture Officer | 8277935635
KA_KALABURAGI_SEDAM_3388,Karnataka,Kalaburagi,Sedam,,DEPARTMENT_OFFICE,,ADA office Sedam,Agriculture Officer,,8277935631,8277935631,ADA office Sedam,,VERIFIED_FROM_OFFICIAL_SOURCE,51,3388,ADA office Sedam | Agriculture Officer | 8277935631
KA_KALABURAGI_SEDAM_3392,Karnataka,Kalaburagi,Sedam,,DEPARTMENT_OFFICE,,ADA office Sedam,Agriculture Officer,,8277935615,8277935615,ADA office Sedam,,VERIFIED_FROM_OFFICIAL_SOURCE,52,3392,ADA office Sedam | Agriculture Officer | 8277935615
KA_KALABURAGI_SEDAM_3396,Karnataka,Kalaburagi,Sedam,,DEPARTMENT_OFFICE,,ADA office Sedam,Agriculture Officer,,8277931600,8277931600,ADA office Sedam,,VERIFIED_FROM_OFFICIAL_SOURCE,53,3396,ADA office Sedam | Agriculture Officer | 8277931600
KA_KALABURAGI_CHITTAPUR_3400,Karnataka,Kalaburagi,Chittapur,,DEPARTMENT_OFFICE,,ADA office Chittapur,Assistant Director of Agriculture,,8884004568,8884004568,ADA office Chittapur,,VERIFIED_FROM_OFFICIAL_SOURCE,54,3400,ADA office Chittapur | Assistant Director of Agriculture | 8884004568
KA_KALABURAGI_CHITTAPUR_3404,Karnataka,Kalaburagi,Chittapur,,DEPARTMENT_OFFICE,,ADA office Chittapur,Agriculture Officer,,8277931582,8277931582,ADA office Chittapur,,VERIFIED_FROM_OFFICIAL_SOURCE,55,3404,ADA office Chittapur | Agriculture Officer | 8277931582
KA_KALABURAGI_CHITTAPUR_3408,Karnataka,Kalaburagi,Chittapur,,DEPARTMENT_OFFICE,,ADA office Chittapur,Assistant agriculture Officer,,8277935607,8277935607,ADA office Chittapur,,VERIFIED_FROM_OFFICIAL_SOURCE,56,3408,ADA office Chittapur | Assistant agriculture Officer | 8277935607
KA_KALABURAGI_CHITTAPUR_3412,Karnataka,Kalaburagi,Chittapur,,DEPARTMENT_OFFICE,,ADA office Chittapur,Agriculture Officer,,8277935609,8277935609,ADA office Chittapur,,VERIFIED_FROM_OFFICIAL_SOURCE,57,3412,ADA office Chittapur | Agriculture Officer | 8277935609
KA_KALABURAGI_CHITTAPUR_3416,Karnataka,Kalaburagi,Chittapur,,DEPARTMENT_OFFICE,,ADA office Chittapur,Agriculture Officer,,8277931518,8277931518,ADA office Chittapur,,VERIFIED_FROM_OFFICIAL_SOURCE,58,3416,ADA office Chittapur | Agriculture Officer | 8277931518
KA_KALABURAGI_CHITTAPUR_3420,Karnataka,Kalaburagi,Chittapur,,DEPARTMENT_OFFICE,,ADA office Chittapur,Agriculture Officer,,8277931558,8277931558,ADA office Chittapur,,VERIFIED_FROM_OFFICIAL_SOURCE,59,3420,ADA office Chittapur | Agriculture Officer | 8277931558
KA_KALABURAGI_CHITTAPUR_3424,Karnataka,Kalaburagi,Chittapur,,DEPARTMENT_OFFICE,,ADA office Chittapur,Agriculture Officer,,8277931559,8277931559,ADA office Chittapur,,VERIFIED_FROM_OFFICIAL_SOURCE,60,3424,ADA office Chittapur | Agriculture Officer | 8277931559
KA_KALABURAGI_CHITTAPUR_3428,Karnataka,Kalaburagi,Chittapur,,DEPARTMENT_OFFICE,,ADA office Chittapur,Agriculture Officer,,8277931563,8277931563,ADA office Chittapur,,VERIFIED_FROM_OFFICIAL_SOURCE,61,3428,ADA office Chittapur | Agriculture Officer | 8277931563
KA_KALABURAGI_CHITTAPUR_3432,Karnataka,Kalaburagi,Chittapur,,DEPARTMENT_OFFICE,,ADA office Chittapur,Agriculture Officer,,8277931590,8277931590,ADA office Chittapur,,VERIFIED_FROM_OFFICIAL_SOURCE,62,3432,ADA office Chittapur | Agriculture Officer | 8277931590
KA_KALABURAGI_CHITTAPUR_3436,Karnataka,Kalaburagi,Chittapur,,DEPARTMENT_OFFICE,,ADA office Chittapur,Agriculture Officer,,8884004589,8884004589,ADA office Chittapur,,VERIFIED_FROM_OFFICIAL_SOURCE,63,3436,ADA office Chittapur | Agriculture Officer | 8884004589
KA_KALABURAGI_CHINCHOLI_3440,Karnataka,Kalaburagi,Chincholi,,DEPARTMENT_OFFICE,,ADA office Chincholi,Assistant Direcrtor of Agriculture,,8277931514,8277931514,ADA office Chincholi,,VERIFIED_FROM_OFFICIAL_SOURCE,64,3440,ADA office Chincholi | Assistant Direcrtor of Agriculture | 8277931514
KA_KALABURAGI_CHINCHOLI_3444,Karnataka,Kalaburagi,Chincholi,,DEPARTMENT_OFFICE,,ADA office Chincholi,Agriculture officer,,8277935612,8277935612,ADA office Chincholi,,VERIFIED_FROM_OFFICIAL_SOURCE,65,3444,ADA office Chincholi | Agriculture officer | 8277935612
KA_KALABURAGI_CHINCHOLI_3448,Karnataka,Kalaburagi,Chincholi,,DEPARTMENT_OFFICE,,ADA office Chincholi,Agriculture officer,,8277931595,8277931595,ADA office Chincholi,,VERIFIED_FROM_OFFICIAL_SOURCE,66,3448,ADA office Chincholi | Agriculture officer | 8277931595
KA_KALABURAGI_CHINCHOLI_3452,Karnataka,Kalaburagi,Chincholi,,DEPARTMENT_OFFICE,,ADA office Chincholi,Agriculture officer,,8277935614,8277935614,ADA office Chincholi,,VERIFIED_FROM_OFFICIAL_SOURCE,67,3452,ADA office Chincholi | Agriculture officer | 8277935614
KA_KALABURAGI_CHINCHOLI_3456,Karnataka,Kalaburagi,Chincholi,,DEPARTMENT_OFFICE,,ADA office Chincholi,Agriculture officer,,8277935633,8277935633,ADA office Chincholi,,VERIFIED_FROM_OFFICIAL_SOURCE,68,3456,ADA office Chincholi | Agriculture officer | 8277935633
KA_KALABURAGI_CHINCHOLI_3460,Karnataka,Kalaburagi,Chincholi,,DEPARTMENT_OFFICE,,ADA office Chincholi,Agriculture officer,,8277931535,8277931535,ADA office Chincholi,,VERIFIED_FROM_OFFICIAL_SOURCE,69,3460,ADA office Chincholi | Agriculture officer | 8277931535
KA_KALABURAGI_ALAND_3464,Karnataka,Kalaburagi,Aland,,DEPARTMENT_OFFICE,,ADA office Aland,Assistant Direcrtor of Agriculture,,8884004597,8884004597,ADA office Aland,,VERIFIED_FROM_OFFICIAL_SOURCE,70,3464,ADA office Aland | Assistant Direcrtor of Agriculture | 8884004597
KA_KALABURAGI_ALAND_3468,Karnataka,Kalaburagi,Aland,,DEPARTMENT_OFFICE,,ADA office Aland,Agriculture Officer,,8277931602,8277931602,ADA office Aland,,VERIFIED_FROM_OFFICIAL_SOURCE,71,3468,ADA office Aland | Agriculture Officer | 8277931602
KA_KALABURAGI_ALAND_3472,Karnataka,Kalaburagi,Aland,,DEPARTMENT_OFFICE,,ADA office Aland,Agriculture Officer,,8884004665,8884004665,ADA office Aland,,VERIFIED_FROM_OFFICIAL_SOURCE,72,3472,ADA office Aland | Agriculture Officer | 8884004665
KA_KALABURAGI_ALAND_3476,Karnataka,Kalaburagi,Aland,,DEPARTMENT_OFFICE,,ADA office Aland,Agriculture Officer,,8884004611,8884004611,ADA office Aland,,VERIFIED_FROM_OFFICIAL_SOURCE,73,3476,ADA office Aland | Agriculture Officer | 8884004611
KA_KALABURAGI_AFZALPUR_3480,Karnataka,Kalaburagi,Afzalpur,,DEPARTMENT_OFFICE,,ADA office Afzalpur,Assistant Director of Agriculture,,8884004512,8884004512,ADA office Afzalpur,,VERIFIED_FROM_OFFICIAL_SOURCE,74,3480,ADA office Afzalpur | Assistant Director of Agriculture | 8884004512
KA_KALABURAGI_AFZALPUR_3484,Karnataka,Kalaburagi,Afzalpur,,DEPARTMENT_OFFICE,,ADA office Afzalpur,Agriculture Officer,,8277935599,8277935599,ADA office Afzalpur,,VERIFIED_FROM_OFFICIAL_SOURCE,75,3484,ADA office Afzalpur | Agriculture Officer | 8277935599
KA_KALABURAGI_AFZALPUR_3488,Karnataka,Kalaburagi,Afzalpur,,DEPARTMENT_OFFICE,,ADA office Afzalpur,Agriculture Officer,,8884004554,8884004554,ADA office Afzalpur,,VERIFIED_FROM_OFFICIAL_SOURCE,76,3488,ADA office Afzalpur | Agriculture Officer | 8884004554
KA_KALABURAGI_AFZALPUR_3492,Karnataka,Kalaburagi,Afzalpur,,DEPARTMENT_OFFICE,,ADA office Afzalpur,Assistant Agriculture Officer,,8884004562,8884004562,ADA office Afzalpur,,VERIFIED_FROM_OFFICIAL_SOURCE,77,3492,ADA office Afzalpur | Assistant Agriculture Officer | 8884004562
KA_KALABURAGI_AFZALPUR_3496,Karnataka,Kalaburagi,Afzalpur,,DEPARTMENT_OFFICE,,ADA office Afzalpur,Agriculture Officer,,8884004563,8884004563,ADA office Afzalpur,,VERIFIED_FROM_OFFICIAL_SOURCE,78,3496,ADA office Afzalpur | Agriculture Officer | 8884004563
KA_KALABURAGI_JEWARGI_3500,Karnataka,Kalaburagi,Jewargi,,DEPARTMENT_OFFICE,,ADA office Jewargi,Assistant Director of Agriculture,,8277931519,8277931519,ADA office Jewargi,,VERIFIED_FROM_OFFICIAL_SOURCE,79,3500,ADA office Jewargi | Assistant Director of Agriculture | 8277931519
KA_KALABURAGI_JEWARGI_3504,Karnataka,Kalaburagi,Jewargi,,DEPARTMENT_OFFICE,,ADA office Jewargi,Agriculture Officer,,8277931531,8277931531,ADA office Jewargi,,VERIFIED_FROM_OFFICIAL_SOURCE,80,3504,ADA office Jewargi | Agriculture Officer | 8277931531
KA_KALABURAGI_JEWARGI_3508,Karnataka,Kalaburagi,Jewargi,,DEPARTMENT_OFFICE,,ADA office Jewargi,Agriculture Officer,,8277931533,8277931533,ADA office Jewargi,,VERIFIED_FROM_OFFICIAL_SOURCE,81,3508,ADA office Jewargi | Agriculture Officer | 8277931533
KA_KALABURAGI_JEWARGI_3512,Karnataka,Kalaburagi,Jewargi,,DEPARTMENT_OFFICE,,ADA office Jewargi,Agriculture Officer,,8884004638,8884004638,ADA office Jewargi,,VERIFIED_FROM_OFFICIAL_SOURCE,82,3512,ADA office Jewargi | Agriculture Officer | 8884004638
KA_KALABURAGI_JEWARGI_3516,Karnataka,Kalaburagi,Jewargi,,DEPARTMENT_OFFICE,,ADA office Jewargi,Agriculture Officer,,8884004702,8884004702,ADA office Jewargi,,VERIFIED_FROM_OFFICIAL_SOURCE,83,3516,ADA office Jewargi | Agriculture Officer | 8884004702
KA_KALABURAGI_JEWARGI_3520,Karnataka,Kalaburagi,Jewargi,,DEPARTMENT_OFFICE,,ADA office Jewargi,Agriculture Officer,,8884004715,8884004715,ADA office Jewargi,,VERIFIED_FROM_OFFICIAL_SOURCE,84,3520,ADA office Jewargi | Agriculture Officer | 8884004715
KA_KALABURAGI_JEWARGI_3524,Karnataka,Kalaburagi,Jewargi,,DEPARTMENT_OFFICE,,ADA office Jewargi,Agriculture Officer,,8884004718,8884004718,ADA office Jewargi,,VERIFIED_FROM_OFFICIAL_SOURCE,85,3524,ADA office Jewargi | Agriculture Officer | 8884004718
KA_KOLAR_KOLAR_3533,Karnataka,Kolar,Kolar,,DEPARTMENT_OFFICE,,"JDA, Kolar",JDA,,8277932004,8277932004,"O/o JDA, Kolar",,VERIFIED_FROM_OFFICIAL_SOURCE,1,3533,"O/o JDA, Kolar | JDA | 8277932004"
KA_KOLAR_KOLAR_3537,Karnataka,Kolar,Kolar,,DEPARTMENT_OFFICE,,"JDA, Kolar",ADA(SMS),,8277932010,8277932010,"O/o JDA, Kolar",,VERIFIED_FROM_OFFICIAL_SOURCE,2,3537,"O/o JDA, Kolar | ADA(SMS) | 8277932010"
KA_KOLAR_KOLAR_3541,Karnataka,Kolar,Kolar,,DEPARTMENT_OFFICE,,"JDA, Kolar",ADA(HQ),,8277932017,8277932017,"O/o JDA, Kolar",,VERIFIED_FROM_OFFICIAL_SOURCE,3,3541,"O/o JDA, Kolar | ADA(HQ) | 8277932017"
KA_KOLAR_KOLAR_3545,Karnataka,Kolar,Kolar,,DEPARTMENT_OFFICE,,"JDA, Kolar",ADA(M&E),,8277934038,8277934038,"O/o JDA, Kolar",,VERIFIED_FROM_OFFICIAL_SOURCE,4,3545,"O/o JDA, Kolar | ADA(M&E) | 8277934038"
KA_KOLAR_KOLAR_3549,Karnataka,Kolar,Kolar,,DEPARTMENT_OFFICE,,"JDA, Kolar",ADA(Vig),,8277932005,8277932005,"O/o JDA, Kolar",,VERIFIED_FROM_OFFICIAL_SOURCE,5,3549,"O/o JDA, Kolar | ADA(Vig) | 8277932005"
KA_KOLAR_KOLAR_3553,Karnataka,Kolar,Kolar,,DEPARTMENT_OFFICE,,"DDA1 Office, Kolar",DDA-1,,8277932006,8277932006,"DDA1 Office, Kolar",,VERIFIED_FROM_OFFICIAL_SOURCE,6,3553,"DDA1 Office, Kolar | DDA-1 | 8277932006"
KA_KOLAR_KOLAR_3557,Karnataka,Kolar,Kolar,,DEPARTMENT_OFFICE,,"DDA1 Office, Kolar",DDA_TO,,8277932025,8277932025,"DDA1 Office, Kolar",,VERIFIED_FROM_OFFICIAL_SOURCE,7,3557,"DDA1 Office, Kolar | DDA_TO | 8277932025"
KA_KOLAR_KOLAR_3561,Karnataka,Kolar,Kolar,,DEPARTMENT_OFFICE,,"DDA2 Office, Mulbagal",DDA,,8277932003,8277932003,"DDA2 Office, Mulbagal",,VERIFIED_FROM_OFFICIAL_SOURCE,8,3561,"DDA2 Office, Mulbagal | DDA | 8277932003"
KA_KOLAR_KOLAR_3565,Karnataka,Kolar,Kolar,,DEPARTMENT_OFFICE,,"DDA2 Office, Mulbagal",DDA_TO,,8277932031,8277932031,"DDA2 Office, Mulbagal",,VERIFIED_FROM_OFFICIAL_SOURCE,9,3565,"DDA2 Office, Mulbagal | DDA_TO | 8277932031"
KA_KOLAR_MULBAGAL_3569,Karnataka,Kolar,Mulbagal,,DEPARTMENT_OFFICE,,"ADA, Mulbagal",ADA,,8277932007,8277932007,"O/o ADA, Mulbagal",,VERIFIED_FROM_OFFICIAL_SOURCE,10,3569,"O/o ADA, Mulbagal | ADA | 8277932007"
KA_KOLAR_MULBAGAL_3573,Karnataka,Kolar,Mulbagal,,DEPARTMENT_OFFICE,,"ADA, Mulbagal",AO,,8277932058,8277932058,"O/o ADA, Mulbagal",,VERIFIED_FROM_OFFICIAL_SOURCE,11,3573,"O/o ADA, Mulbagal | AO | 8277932058"
KA_KOLAR_MULBAGAL_3577,Karnataka,Kolar,Mulbagal,,DEPARTMENT_OFFICE,,"ADA, Mulbagal",AO,,8277932057,8277932057,"O/o ADA, Mulbagal",,VERIFIED_FROM_OFFICIAL_SOURCE,12,3577,"O/o ADA, Mulbagal | AO | 8277932057"
KA_KOLAR_MULBAGAL_3581,Karnataka,Kolar,Mulbagal,,DEPARTMENT_OFFICE,,"ADA, Mulbagal",AO,,8884003391,8884003391,"O/o ADA, Mulbagal",,VERIFIED_FROM_OFFICIAL_SOURCE,13,3581,"O/o ADA, Mulbagal | AO | 8884003391"
KA_KOLAR_MULBAGAL_3585,Karnataka,Kolar,Mulbagal,,DEPARTMENT_OFFICE,,"ADA, Mulbagal",AO,,8277927171,8277927171,"O/o ADA, Mulbagal",,VERIFIED_FROM_OFFICIAL_SOURCE,14,3585,"O/o ADA, Mulbagal | AO | 8277927171"
KA_KOLAR_KOLAR_3589,Karnataka,Kolar,Kolar,,DEPARTMENT_OFFICE,,"ADA, Kolar",ADA,,8277932028,8277932028,"O/o ADA, Kolar",,VERIFIED_FROM_OFFICIAL_SOURCE,15,3589,"O/o ADA, Kolar | ADA | 8277932028"
KA_KOLAR_KOLAR_3593,Karnataka,Kolar,Kolar,,DEPARTMENT_OFFICE,,"ADA, Kolar",ADA_TO,,9900102256,9900102256,"O/o ADA, Kolar",,VERIFIED_FROM_OFFICIAL_SOURCE,16,3593,"O/o ADA, Kolar | ADA_TO | 9900102256"
KA_KOLAR_KOLAR_3597,Karnataka,Kolar,Kolar,,DEPARTMENT_OFFICE,,"ADA, Kolar",AAO,,7892554061,7892554061,"O/o ADA, Kolar",,VERIFIED_FROM_OFFICIAL_SOURCE,17,3597,"O/o ADA, Kolar | AAO | 7892554061"
KA_KOLAR_KOLAR_3601,Karnataka,Kolar,Kolar,,DEPARTMENT_OFFICE,,"ADA, Kolar",AO,,8277927080,8277927080,"O/o ADA, Kolar",,VERIFIED_FROM_OFFICIAL_SOURCE,18,3601,"O/o ADA, Kolar | AO | 8277927080"
KA_KOLAR_KOLAR_3605,Karnataka,Kolar,Kolar,,DEPARTMENT_OFFICE,,"ADA, Kolar",AO,,8277932022,8277932022,"O/o ADA, Kolar",,VERIFIED_FROM_OFFICIAL_SOURCE,19,3605,"O/o ADA, Kolar | AO | 8277932022"
KA_KOLAR_KOLAR_3609,Karnataka,Kolar,Kolar,,DEPARTMENT_OFFICE,,"ADA, Kolar",AO,,8277927111,8277927111,"O/o ADA, Kolar",,VERIFIED_FROM_OFFICIAL_SOURCE,20,3609,"O/o ADA, Kolar | AO | 8277927111"
KA_KOLAR_KOLAR_3613,Karnataka,Kolar,Kolar,,DEPARTMENT_OFFICE,,"ADA, Kolar",AO,,8277932039,8277932039,"O/o ADA, Kolar",,VERIFIED_FROM_OFFICIAL_SOURCE,21,3613,"O/o ADA, Kolar | AO | 8277932039"
KA_KOLAR_KOLAR_3617,Karnataka,Kolar,Kolar,,DEPARTMENT_OFFICE,,"ADA, Kolar",AO,,8073497469,8073497469,"O/o ADA, Kolar",,VERIFIED_FROM_OFFICIAL_SOURCE,22,3617,"O/o ADA, Kolar | AO | 8073497469"
KA_KOLAR_MALUR_3621,Karnataka,Kolar,Malur,,DEPARTMENT_OFFICE,,"ADA, Malur",ADA,,9986669874,9986669874,"O/o ADA, Malur",,VERIFIED_FROM_OFFICIAL_SOURCE,23,3621,"O/o ADA, Malur | ADA | 9986669874"
KA_KOLAR_MALUR_3625,Karnataka,Kolar,Malur,,DEPARTMENT_OFFICE,,"ADA, Malur",ADA_TO,,8277932053,8277932053,"O/o ADA, Malur",,VERIFIED_FROM_OFFICIAL_SOURCE,24,3625,"O/o ADA, Malur | ADA_TO | 8277932053"
KA_KOLAR_MALUR_3629,Karnataka,Kolar,Malur,,DEPARTMENT_OFFICE,,"ADA, Malur",ADA_TO,,9483976481,9483976481,"O/o ADA, Malur",,VERIFIED_FROM_OFFICIAL_SOURCE,25,3629,"O/o ADA, Malur | ADA_TO | 9483976481"
KA_KOLAR_MALUR_3633,Karnataka,Kolar,Malur,,DEPARTMENT_OFFICE,,"ADA, Malur",AO,,9900687765,9900687765,"O/o ADA, Malur",,VERIFIED_FROM_OFFICIAL_SOURCE,26,3633,"O/o ADA, Malur | AO | 9900687765"
KA_KOLAR_MALUR_3637,Karnataka,Kolar,Malur,,DEPARTMENT_OFFICE,,"ADA, Malur",AO,,7026839060,7026839060,"O/o ADA, Malur",,VERIFIED_FROM_OFFICIAL_SOURCE,27,3637,"O/o ADA, Malur | AO | 7026839060"
KA_KOLAR_MALUR_3641,Karnataka,Kolar,Malur,,DEPARTMENT_OFFICE,,"ADA, Malur",AAO,,8277927117,8277927117,"O/o ADA, Malur",,VERIFIED_FROM_OFFICIAL_SOURCE,28,3641,"O/o ADA, Malur | AAO | 8277927117"
KA_KOLAR_BANGARPET_3645,Karnataka,Kolar,Bangarpet,,DEPARTMENT_OFFICE,,"ADA, Bangarpet",ADA,,8277927070,8277927070,"O/o ADA, Bangarpet",,VERIFIED_FROM_OFFICIAL_SOURCE,29,3645,"O/o ADA, Bangarpet | ADA | 8277927070"
KA_KOLAR_BANGARPET_3649,Karnataka,Kolar,Bangarpet,,DEPARTMENT_OFFICE,,"ADA, Bangarpet",ADA_TO,,8277932029,8277932029,"O/o ADA, Bangarpet",,VERIFIED_FROM_OFFICIAL_SOURCE,30,3649,"O/o ADA, Bangarpet | ADA_TO | 8277932029"
KA_KOLAR_BANGARPET_3653,Karnataka,Kolar,Bangarpet,,DEPARTMENT_OFFICE,,"ADA, Bangarpet",ADA_TO,,8277932044,8277932044,"O/o ADA, Bangarpet",,VERIFIED_FROM_OFFICIAL_SOURCE,31,3653,"O/o ADA, Bangarpet | ADA_TO | 8277932044"
KA_KOLAR_BANGARPET_3657,Karnataka,Kolar,Bangarpet,,DEPARTMENT_OFFICE,,"ADA, Bangarpet",AO,,8277927169,8277927169,"O/o ADA, Bangarpet",,VERIFIED_FROM_OFFICIAL_SOURCE,32,3657,"O/o ADA, Bangarpet | AO | 8277927169"
KA_KOLAR_BANGARPET_3661,Karnataka,Kolar,Bangarpet,,DEPARTMENT_OFFICE,,"ADA, Bangarpet",AO,,8277927123,8277927123,"O/o ADA, Bangarpet",,VERIFIED_FROM_OFFICIAL_SOURCE,33,3661,"O/o ADA, Bangarpet | AO | 8277927123"
KA_KOLAR_BANGARPET_3665,Karnataka,Kolar,Bangarpet,,DEPARTMENT_OFFICE,,"ADA, Bangarpet",AO,,8277932035,8277932035,"O/o ADA, Bangarpet",,VERIFIED_FROM_OFFICIAL_SOURCE,34,3665,"O/o ADA, Bangarpet | AO | 8277932035"
KA_KOLAR_SRINIVASPUR_3669,Karnataka,Kolar,Srinivaspur,,DEPARTMENT_OFFICE,,"ADA, Srinivaspur",ADA,,8277930828,8277930828,"O/o ADA, Srinivaspur",,VERIFIED_FROM_OFFICIAL_SOURCE,35,3669,"O/o ADA, Srinivaspur | ADA | 8277930828"
KA_KOLAR_SRINIVASPUR_3673,Karnataka,Kolar,Srinivaspur,,DEPARTMENT_OFFICE,,"ADA, Srinivaspur",ADA_AO,,8277932027,8277932027,"O/o ADA, Srinivaspur",,VERIFIED_FROM_OFFICIAL_SOURCE,36,3673,"O/o ADA, Srinivaspur | ADA_AO | 8277932027"
KA_KOLAR_SRINIVASPUR_3677,Karnataka,Kolar,Srinivaspur,,DEPARTMENT_OFFICE,,"ADA, Srinivaspur",ADA_TO,,8197191690,8197191690,"O/o ADA, Srinivaspur",,VERIFIED_FROM_OFFICIAL_SOURCE,37,3677,"O/o ADA, Srinivaspur | ADA_TO | 8197191690"
KA_KOLAR_SRINIVASPUR_3681,Karnataka,Kolar,Srinivaspur,,DEPARTMENT_OFFICE,,"ADA, Srinivaspur",AO,,8277932051,8277932051,"O/o ADA, Srinivaspur",,VERIFIED_FROM_OFFICIAL_SOURCE,38,3681,"O/o ADA, Srinivaspur | AO | 8277932051"
KA_KOLAR_SRINIVASPUR_3685,Karnataka,Kolar,Srinivaspur,,DEPARTMENT_OFFICE,,"ADA, Srinivaspur",AO,,8277932049,8277932049,"O/o ADA, Srinivaspur",,VERIFIED_FROM_OFFICIAL_SOURCE,39,3685,"O/o ADA, Srinivaspur | AO | 8277932049"
KA_KOPPAL_KOPPAL_3694,Karnataka,Koppal,Koppal,,DEPARTMENT_OFFICE,,JDA OFFICE KOPPAL,JDA,,8277932100,8277932100,JDA OFFICE KOPPAL,,VERIFIED_FROM_OFFICIAL_SOURCE,1,3694,JDA OFFICE KOPPAL | JDA | 8277932100
KA_KOPPAL_KOPPAL_3698,Karnataka,Koppal,Koppal,,DEPARTMENT_OFFICE,,ADA (F-W),ADA(VIGILANCE),,8277932104,8277932104; 8277932117,ADA (F-W),,VERIFIED_FROM_OFFICIAL_SOURCE,3,3698,ADA (F-W) | 8277932104 | ADA(VIGILANCE) | 8277932117
KA_KOPPAL_KOPPAL_3703,Karnataka,Koppal,Koppal,,DEPARTMENT_OFFICE,,ADA (F-W),ADA(SMS),,8277932115,8277932115,ADA (F-W),,VERIFIED_FROM_OFFICIAL_SOURCE,4,3703,ADA(SMS) | 8277932115
KA_KOPPAL_KOPPAL_3706,Karnataka,Koppal,Koppal,,DEPARTMENT_OFFICE,,ADA (F-W),AO (T-1),,8277932145,8277932145,ADA (F-W),,VERIFIED_FROM_OFFICIAL_SOURCE,5,3706,AO (T-1) | 8277932145
KA_KOPPAL_KOPPAL_3709,Karnataka,Koppal,Koppal,,DEPARTMENT_OFFICE,,ADA (F-W),AO(T-2),,8277932165,8277932165,ADA (F-W),,VERIFIED_FROM_OFFICIAL_SOURCE,6,3709,AO(T-2) | 8277932165
KA_KOPPAL_KOPPAL_3712,Karnataka,Koppal,Koppal,,DEPARTMENT_OFFICE,,ADA (F-W),AO(T-3),,8277932138,8277932138,ADA (F-W),,VERIFIED_FROM_OFFICIAL_SOURCE,7,3712,AO(T-3) | 8277932138
KA_KOPPAL_KOPPAL_3716,Karnataka,Koppal,Koppal,,DEPARTMENT_OFFICE,,DDA1-1 KOPPAL,DDA,,8277932101,8277932101,DDA1-1 KOPPAL,,VERIFIED_FROM_OFFICIAL_SOURCE,10,3716,DDA1-1 KOPPAL | DDA | 8277932101
KA_KOPPAL_KOPPAL_3720,Karnataka,Koppal,Koppal,,DEPARTMENT_OFFICE,,DDA1-1 KOPPAL,AO-T-2,,8277932139,8277932139,DDA1-1 KOPPAL,,VERIFIED_FROM_OFFICIAL_SOURCE,11,3720,AO-T-2 | 8277932139
KA_KOPPAL_KOPPAL_3723,Karnataka,Koppal,Koppal,,DEPARTMENT_OFFICE,,DDA1-1 KOPPAL,AO-T-1,,8884007668,8884007668,DDA1-1 KOPPAL,,VERIFIED_FROM_OFFICIAL_SOURCE,12,3723,AO-T-1 | 8884007668
KA_KOPPAL_KOPPAL_3726,Karnataka,Koppal,Koppal,,DEPARTMENT_OFFICE,,"ADA ,DATC GANGAVATI",ADA,,8277932110,8277932110,"ADA ,DATC GANGAVATI",,VERIFIED_FROM_OFFICIAL_SOURCE,13,3726,"ADA ,DATC GANGAVATI | ADA | 8277932110"
KA_KOPPAL_KOPPAL_3730,Karnataka,Koppal,Koppal,,DEPARTMENT_OFFICE,,"ADA ,DATC GANGAVATI",AO,,8277932142,8277932142,"ADA ,DATC GANGAVATI",,VERIFIED_FROM_OFFICIAL_SOURCE,14,3730,AO | 8277932142
KA_KOPPAL_KOPPAL_3733,Karnataka,Koppal,Koppal,,DEPARTMENT_OFFICE,,"ADA ,DATC GANGAVATI",AO,,8277932166,8277932166,"ADA ,DATC GANGAVATI",,VERIFIED_FROM_OFFICIAL_SOURCE,15,3733,AO | 8277932166
KA_KOPPAL_KOPPAL_3736,Karnataka,Koppal,Koppal,,DEPARTMENT_OFFICE,,"ADA ,DATC GANGAVATI",AO,,8884007936,8884007936,"ADA ,DATC GANGAVATI",,VERIFIED_FROM_OFFICIAL_SOURCE,16,3736,AO | 8884007936
KA_KOPPAL_KOPPAL_3739,Karnataka,Koppal,Koppal,,DEPARTMENT_OFFICE,,ADA(F-W),_,,,,ADA(F-W),,VERIFIED_FROM_OFFICIAL_SOURCE,17,3739,ADA(F-W) | _
KA_KOPPAL_STL_GANGAVATI_3742,Karnataka,Koppal,STL GANGAVATI,,DEPARTMENT_OFFICE,,ADA STL GANGAVATI,ADA,,8277932113,8277932113,ADA STL GANGAVATI,,VERIFIED_FROM_OFFICIAL_SOURCE,18,3742,ADA STL GANGAVATI | ADA | 8277932113
KA_KOPPAL_STL_GANGAVATI_3746,Karnataka,Koppal,STL GANGAVATI,,DEPARTMENT_OFFICE,,ADA STL GANGAVATI,AO,,8277932113,8277932113,ADA STL GANGAVATI,,VERIFIED_FROM_OFFICIAL_SOURCE,19,3746,AO | 8277932113
KA_KOPPAL_STL_GANGAVATI_3749,Karnataka,Koppal,STL GANGAVATI,,DEPARTMENT_OFFICE,,ADA STL GANGAVATI,AO,,8277934712,8277934712,ADA STL GANGAVATI,,VERIFIED_FROM_OFFICIAL_SOURCE,20,3749,AO | 8277934712
KA_KOPPAL_STL_GANGAVATI_3752,Karnataka,Koppal,STL GANGAVATI,,DEPARTMENT_OFFICE,,ADA STL GANGAVATI,AO,,8884007920,8884007920,ADA STL GANGAVATI,,VERIFIED_FROM_OFFICIAL_SOURCE,21,3752,AO | 8884007920
KA_KOPPAL_STL_GANGAVATI_3755,Karnataka,Koppal,STL GANGAVATI,,DEPARTMENT_OFFICE,,ADA STL GANGAVATI,AO,,8277932127,8277932127,ADA STL GANGAVATI,,VERIFIED_FROM_OFFICIAL_SOURCE,22,3755,AO | 8277932127
KA_KOPPAL_STL_GANGAVATI_3758,Karnataka,Koppal,STL GANGAVATI,,DEPARTMENT_OFFICE,,ADA STL GANGAVATI,AO,,8277932114,8277932114,ADA STL GANGAVATI,,VERIFIED_FROM_OFFICIAL_SOURCE,23,3758,AO | 8277932114
KA_KOPPAL_PLB_GANGAVATI_3761,Karnataka,Koppal,PLB GANGAVATI,,DEPARTMENT_OFFICE,,ADA PLB GANGAVATI,ADA,,8884007912,8884007912,ADA PLB GANGAVATI,,VERIFIED_FROM_OFFICIAL_SOURCE,24,3761,ADA PLB GANGAVATI | ADA | 8884007912
KA_KOPPAL_PLB_GANGAVATI_3765,Karnataka,Koppal,PLB GANGAVATI,,DEPARTMENT_OFFICE,,ADA PLB GANGAVATI,AO,,8884007913,8884007913,ADA PLB GANGAVATI,,VERIFIED_FROM_OFFICIAL_SOURCE,25,3765,AO | 8884007913
KA_KOPPAL_KOPPAL_3768,Karnataka,Koppal,KOPPAL,,DEPARTMENT_OFFICE,,ADA KOPPAL,ADA,,8277932143,8277932143,ADA KOPPAL,,VERIFIED_FROM_OFFICIAL_SOURCE,26,3768,ADA KOPPAL | ADA | 8277932143
KA_KOPPAL_KOPPAL_3772,Karnataka,Koppal,KOPPAL,,DEPARTMENT_OFFICE,,ADA KOPPAL,AO T-1,,8884007768,8884007768,ADA KOPPAL,,VERIFIED_FROM_OFFICIAL_SOURCE,27,3772,AO T-1 | 8884007768
KA_KOPPAL_KOPPAL_3775,Karnataka,Koppal,KOPPAL,,DEPARTMENT_OFFICE,,ADA KOPPAL,AO T-2,,8277932130,8277932130,ADA KOPPAL,,VERIFIED_FROM_OFFICIAL_SOURCE,28,3775,AO T-2 | 8277932130
KA_KOPPAL_KOPPAL_3778,Karnataka,Koppal,KOPPAL,,DEPARTMENT_OFFICE,,ADA KOPPAL,AO,,8277932144,8277932144,ADA KOPPAL,,VERIFIED_FROM_OFFICIAL_SOURCE,29,3778,AO | 8277932144
KA_KOPPAL_KOPPAL_3781,Karnataka,Koppal,KOPPAL,,DEPARTMENT_OFFICE,,ADA KOPPAL,AO,,8277932141,8277932141,ADA KOPPAL,,VERIFIED_FROM_OFFICIAL_SOURCE,30,3781,AO | 8277932141
KA_KOPPAL_KOPPAL_3784,Karnataka,Koppal,KOPPAL,,DEPARTMENT_OFFICE,,ADA KOPPAL,AO,,8277929629,8277929629,ADA KOPPAL,,VERIFIED_FROM_OFFICIAL_SOURCE,31,3784,AO | 8277929629
KA_KOPPAL_KOPPAL_3787,Karnataka,Koppal,KOPPAL,,DEPARTMENT_OFFICE,,ADA KOPPAL,AO,,8884007885,8884007885,ADA KOPPAL,,VERIFIED_FROM_OFFICIAL_SOURCE,32,3787,AO | 8884007885
KA_KOPPAL_KOPPAL_3790,Karnataka,Koppal,KOPPAL,,DEPARTMENT_OFFICE,,ADA KOPPAL,AO,,8884007835,8884007835,ADA KOPPAL,,VERIFIED_FROM_OFFICIAL_SOURCE,33,3790,AO | 8884007835
KA_KOPPAL_KOPPAL_3793,Karnataka,Koppal,KOPPAL,,DEPARTMENT_OFFICE,,ADA KOPPAL,AAO,,8277929634,8277929634,ADA KOPPAL,,VERIFIED_FROM_OFFICIAL_SOURCE,34,3793,AAO | 8277929634
KA_KOPPAL_KOPPAL_3796,Karnataka,Koppal,KOPPAL,,DEPARTMENT_OFFICE,,ADA KOPPAL,AAO,,8279929647,8279929647,ADA KOPPAL,,VERIFIED_FROM_OFFICIAL_SOURCE,35,3796,AAO | 8279929647
KA_KOPPAL_YELBURGA_3799,Karnataka,Koppal,YELBURGA,,DEPARTMENT_OFFICE,,ADA YELBURGA,ADA,,8277932107,8277932107,ADA YELBURGA,,VERIFIED_FROM_OFFICIAL_SOURCE,39,3799,ADA YELBURGA | ADA | 8277932107
KA_KOPPAL_YELBURGA_3803,Karnataka,Koppal,YELBURGA,,DEPARTMENT_OFFICE,,ADA YELBURGA,AO T-1,,8277932125,8277932125,ADA YELBURGA,,VERIFIED_FROM_OFFICIAL_SOURCE,40,3803,AO T-1 | 8277932125
KA_KOPPAL_YELBURGA_3806,Karnataka,Koppal,YELBURGA,,DEPARTMENT_OFFICE,,ADA YELBURGA,AO T-2,,8277932169,8277932169,ADA YELBURGA,,VERIFIED_FROM_OFFICIAL_SOURCE,41,3806,AO T-2 | 8277932169
KA_KOPPAL_YELBURGA_3809,Karnataka,Koppal,YELBURGA,,DEPARTMENT_OFFICE,,ADA YELBURGA,AO,,8277929640,8277929640,ADA YELBURGA,,VERIFIED_FROM_OFFICIAL_SOURCE,42,3809,AO | 8277929640
KA_KOPPAL_YELBURGA_3812,Karnataka,Koppal,YELBURGA,,DEPARTMENT_OFFICE,,ADA YELBURGA,AO,,8277932172,8277932172,ADA YELBURGA,,VERIFIED_FROM_OFFICIAL_SOURCE,43,3812,AO | 8277932172
KA_KOPPAL_YELBURGA_3815,Karnataka,Koppal,YELBURGA,,DEPARTMENT_OFFICE,,ADA YELBURGA,AO,,8277929639,8277929639,ADA YELBURGA,,VERIFIED_FROM_OFFICIAL_SOURCE,44,3815,AO | 8277929639
KA_KOPPAL_YELBURGA_3818,Karnataka,Koppal,YELBURGA,,DEPARTMENT_OFFICE,,ADA YELBURGA,AO,,8277929638,8277929638,ADA YELBURGA,,VERIFIED_FROM_OFFICIAL_SOURCE,45,3818,AO | 8277929638
KA_KOPPAL_YELBURGA_3821,Karnataka,Koppal,YELBURGA,,DEPARTMENT_OFFICE,,ADA YELBURGA,AO,,8277932156,8277932156,ADA YELBURGA,,VERIFIED_FROM_OFFICIAL_SOURCE,46,3821,AO | 8277932156
KA_KOPPAL_YELBURGA_3824,Karnataka,Koppal,YELBURGA,,DEPARTMENT_OFFICE,,ADA YELBURGA,AAO,,8277929636,8277929636,ADA YELBURGA,,VERIFIED_FROM_OFFICIAL_SOURCE,47,3824,AAO | 8277929636
KA_KOPPAL_YELBURGA_3827,Karnataka,Koppal,YELBURGA,,DEPARTMENT_OFFICE,,ADA YELBURGA,AAO,,8277932158,8277932158,ADA YELBURGA,,VERIFIED_FROM_OFFICIAL_SOURCE,48,3827,AAO | 8277932158
KA_KOPPAL_GANGAVATI_3830,Karnataka,Koppal,GANGAVATI,,DEPARTMENT_OFFICE,,ADA GANGAVATI,ADA,,8277932106,8277932106,ADA GANGAVATI,,VERIFIED_FROM_OFFICIAL_SOURCE,49,3830,ADA GANGAVATI | ADA | 8277932106
KA_KOPPAL_GANGAVATI_3834,Karnataka,Koppal,GANGAVATI,,DEPARTMENT_OFFICE,,ADA GANGAVATI,AO T-1,,8884007926,8884007926,ADA GANGAVATI,,VERIFIED_FROM_OFFICIAL_SOURCE,50,3834,AO T-1 | 8884007926
KA_KOPPAL_GANGAVATI_3837,Karnataka,Koppal,GANGAVATI,,DEPARTMENT_OFFICE,,ADA GANGAVATI,AO,,8277932120,8277932120,ADA GANGAVATI,,VERIFIED_FROM_OFFICIAL_SOURCE,51,3837,AO | 8277932120
KA_KOPPAL_GANGAVATI_3840,Karnataka,Koppal,GANGAVATI,,DEPARTMENT_OFFICE,,ADA GANGAVATI,AO,,8277929654,8277929654,ADA GANGAVATI,,VERIFIED_FROM_OFFICIAL_SOURCE,52,3840,AO | 8277929654
KA_KOPPAL_GANGAVATI_3843,Karnataka,Koppal,GANGAVATI,,DEPARTMENT_OFFICE,,ADA GANGAVATI,AO,,8277932133,8277932133,ADA GANGAVATI,,VERIFIED_FROM_OFFICIAL_SOURCE,53,3843,AO | 8277932133
KA_KOPPAL_GANGAVATI_3846,Karnataka,Koppal,GANGAVATI,,DEPARTMENT_OFFICE,,ADA GANGAVATI,AO,,8884007932,8884007932,ADA GANGAVATI,,VERIFIED_FROM_OFFICIAL_SOURCE,54,3846,AO | 8884007932
KA_KOPPAL_GANGAVATI_3849,Karnataka,Koppal,GANGAVATI,,DEPARTMENT_OFFICE,,ADA GANGAVATI,AO,,8277929653,8277929653,ADA GANGAVATI,,VERIFIED_FROM_OFFICIAL_SOURCE,55,3849,AO | 8277929653
KA_KOPPAL_KUSHTAGI_3852,Karnataka,Koppal,KUSHTAGI,,DEPARTMENT_OFFICE,,ADA KUSHTAGI,ADA,,8277932109,8277932109,ADA KUSHTAGI,,VERIFIED_FROM_OFFICIAL_SOURCE,56,3852,ADA KUSHTAGI | ADA | 8277932109
KA_KOPPAL_KUSHTAGI_3856,Karnataka,Koppal,KUSHTAGI,,DEPARTMENT_OFFICE,,ADA KUSHTAGI,AO,,8277929644,8277929644,ADA KUSHTAGI,,VERIFIED_FROM_OFFICIAL_SOURCE,57,3856,AO | 8277929644
KA_KOPPAL_KUSHTAGI_3859,Karnataka,Koppal,KUSHTAGI,,DEPARTMENT_OFFICE,,ADA KUSHTAGI,AO,,8277932147,8277932147,ADA KUSHTAGI,,VERIFIED_FROM_OFFICIAL_SOURCE,58,3859,AO | 8277932147
KA_KOPPAL_KUSHTAGI_3862,Karnataka,Koppal,KUSHTAGI,,DEPARTMENT_OFFICE,,ADA KUSHTAGI,AO,,8277929632,8277929632,ADA KUSHTAGI,,VERIFIED_FROM_OFFICIAL_SOURCE,59,3862,AO | 8277929632
KA_KOPPAL_KUSHTAGI_3865,Karnataka,Koppal,KUSHTAGI,,DEPARTMENT_OFFICE,,ADA KUSHTAGI,AO,,8277932164,8277932164,ADA KUSHTAGI,,VERIFIED_FROM_OFFICIAL_SOURCE,60,3865,AO | 8277932164
KA_KOPPAL_KUSHTAGI_3868,Karnataka,Koppal,KUSHTAGI,,DEPARTMENT_OFFICE,,ADA KUSHTAGI,AO,,8277932154,8277932154,ADA KUSHTAGI,,VERIFIED_FROM_OFFICIAL_SOURCE,61,3868,AO | 8277932154
KA_KOPPAL_KUSHTAGI_3871,Karnataka,Koppal,KUSHTAGI,,DEPARTMENT_OFFICE,,ADA KUSHTAGI,AO,,8884007891,8884007891,ADA KUSHTAGI,,VERIFIED_FROM_OFFICIAL_SOURCE,62,3871,AO | 8884007891
KA_KOPPAL_KUSHTAGI_3874,Karnataka,Koppal,KUSHTAGI,,DEPARTMENT_OFFICE,,ADA KUSHTAGI,AO,,8277932149,8277932149,ADA KUSHTAGI,,VERIFIED_FROM_OFFICIAL_SOURCE,63,3874,AO | 8277932149
KA_KOPPAL_KUSHTAGI_3877,Karnataka,Koppal,KUSHTAGI,,DEPARTMENT_OFFICE,,ADA KUSHTAGI,AAO,,8277932126,8277932126,ADA KUSHTAGI,,VERIFIED_FROM_OFFICIAL_SOURCE,64,3877,AAO | 8277932126
KA_KOPPAL_FCL_GANGAVATI_3881,Karnataka,Koppal,FCL GANGAVATI,,DEPARTMENT_OFFICE,,ADA FCL GANGAVATI,DDA,,8884007680,8884007680,ADA FCL GANGAVATI,,VERIFIED_FROM_OFFICIAL_SOURCE,66,3881,ADA FCL GANGAVATI | DDA | 8884007680
KA_KOPPAL_FCL_GANGAVATI_3885,Karnataka,Koppal,FCL GANGAVATI,,DEPARTMENT_OFFICE,,ADA FCL GANGAVATI,AO,,8277929656,8277929656,ADA FCL GANGAVATI,,VERIFIED_FROM_OFFICIAL_SOURCE,67,3885,AO | 8277929656
KA_KOPPAL_FCL_GANGAVATI_3888,Karnataka,Koppal,FCL GANGAVATI,,DEPARTMENT_OFFICE,,ADA FCL GANGAVATI,AO,,8884007739,8884007739,ADA FCL GANGAVATI,,VERIFIED_FROM_OFFICIAL_SOURCE,68,3888,AO | 8884007739
KA_KOPPAL_FCL_GANGAVATI_3891,Karnataka,Koppal,FCL GANGAVATI,,DEPARTMENT_OFFICE,,ADA FCL GANGAVATI,AO,,8884007749,8884007749,ADA FCL GANGAVATI,,VERIFIED_FROM_OFFICIAL_SOURCE,69,3891,AO | 8884007749
KA_MANDYA_MANDYA_3900,Karnataka,Mandya,Mandya,,DEPARTMENT_OFFICE,,Mandya,JDA,,8277933600,8277933600,Mandya,,VERIFIED_FROM_OFFICIAL_SOURCE,1,3900,"Joint Director of Agriculture, Mandya | Mandya | JDA | 8277933600"
KA_MANDYA_MANDYA_3905,Karnataka,Mandya,Mandya,,DEPARTMENT_OFFICE,,Mandya,ADA (HQ),,8277933610,8277933610,Mandya,,VERIFIED_FROM_OFFICIAL_SOURCE,2,3905,Mandya | ADA (HQ) | 8277933610
KA_MANDYA_MANDYA_3909,Karnataka,Mandya,Mandya,,DEPARTMENT_OFFICE,,Mandya,ADA (Vig),,8277933609,8277933609,Mandya,,VERIFIED_FROM_OFFICIAL_SOURCE,3,3909,Mandya | ADA (Vig) | 8277933609
KA_MANDYA_MANDYA_3913,Karnataka,Mandya,Mandya,,DEPARTMENT_OFFICE,,Mandya,ADA (SMS),,8277933606,8277933606,Mandya,,VERIFIED_FROM_OFFICIAL_SOURCE,4,3913,Mandya | ADA (SMS) | 8277933606
KA_MANDYA_MANDYA_3917,Karnataka,Mandya,Mandya,,DEPARTMENT_OFFICE,,Mandya,ADA (M&E),,8277933608,8277933608,Mandya,,VERIFIED_FROM_OFFICIAL_SOURCE,5,3917,Mandya | ADA (M&E) | 8277933608
KA_MANDYA_MANDYA_3921,Karnataka,Mandya,Mandya,,DEPARTMENT_OFFICE,,Mandya,ADA (FW),,8277933632,8277933632,Mandya,,VERIFIED_FROM_OFFICIAL_SOURCE,6,3921,Mandya | ADA (FW) | 8277933632
KA_MANDYA_MANDYA_3925,Karnataka,Mandya,Mandya,,DEPARTMENT_OFFICE,,Mandya,TO-1,,8277933605,8277933605,Mandya,,VERIFIED_FROM_OFFICIAL_SOURCE,7,3925,Mandya | TO-1 | 8277933605
KA_MANDYA_MANDYA_3929,Karnataka,Mandya,Mandya,,DEPARTMENT_OFFICE,,Mandya,TO-1,,8277933651,8277933651,Mandya,,VERIFIED_FROM_OFFICIAL_SOURCE,8,3929,Mandya | TO-1 | 8277933651
KA_MANDYA_MANDYA_3933,Karnataka,Mandya,Mandya,,DEPARTMENT_OFFICE,,Mandya,DDA-1,,8277933601,8277933601,Mandya,,VERIFIED_FROM_OFFICIAL_SOURCE,9,3933,"Deputy Director of Agriculture-1, Mandya Sub Division, Mandya | Mandya | DDA-1 | 8277933601"
KA_MANDYA_MANDYA_3938,Karnataka,Mandya,Mandya,,DEPARTMENT_OFFICE,,Mandya,TO-2,,8277933607,8277933607,Mandya,,VERIFIED_FROM_OFFICIAL_SOURCE,10,3938,Mandya | TO-2 | 8277933607
KA_MANDYA_MANDYA_3942,Karnataka,Mandya,Mandya,,DEPARTMENT_OFFICE,,Pandavapura,DDA-2,,8277933602,8277933602,Pandavapura,,VERIFIED_FROM_OFFICIAL_SOURCE,11,3942,"Deputy Director of Agriculture-2, Pandavapura Sub Division | Pandavapura | DDA-2 | 8277933602"
KA_MANDYA_MANDYA_3947,Karnataka,Mandya,Mandya,,DEPARTMENT_OFFICE,,Pandavapura,TO-1,,8277933672,8277933672,Pandavapura,,VERIFIED_FROM_OFFICIAL_SOURCE,12,3947,Pandavapura | TO-1 | 8277933672
KA_MANDYA_MANDYA_3951,Karnataka,Mandya,Mandya,,DEPARTMENT_OFFICE,,Pandavapura,TO-2,,8277933642,8277933642,Pandavapura,,VERIFIED_FROM_OFFICIAL_SOURCE,13,3951,Pandavapura | TO-2 | 8277933642
KA_MANDYA_MANDYA_3955,Karnataka,Mandya,Mandya,,DEPARTMENT_OFFICE,,DDA FCL,DDA,,8277933603,8277933603,DDA FCL,,VERIFIED_FROM_OFFICIAL_SOURCE,14,3955,"Deputy Director of Agriculture, Fertilizer Control Laboratory, Mandya | DDA FCL | DDA | 8277933603"
KA_MANDYA_MANDYA_3960,Karnataka,Mandya,Mandya,,DEPARTMENT_OFFICE,,DDA FCL,AO,,8277933647,8277933647,DDA FCL,,VERIFIED_FROM_OFFICIAL_SOURCE,15,3960,DDA FCL | AO | 8277933647
KA_MANDYA_MANDYA_3964,Karnataka,Mandya,Mandya,,DEPARTMENT_OFFICE,,DDA FCL,AO,,8277933631,8277933631,DDA FCL,,VERIFIED_FROM_OFFICIAL_SOURCE,16,3964,DDA FCL | AO | 8277933631
KA_MANDYA_MANDYA_3968,Karnataka,Mandya,Mandya,,DEPARTMENT_OFFICE,,DDA FCL,AO,,8277933634,8277933634,DDA FCL,,VERIFIED_FROM_OFFICIAL_SOURCE,17,3968,DDA FCL | AO | 8277933634
KA_MANDYA_MANDYA_3972,Karnataka,Mandya,Mandya,,DEPARTMENT_OFFICE,,DDA FCL,AO,,8277933640,8277933640,DDA FCL,,VERIFIED_FROM_OFFICIAL_SOURCE,18,3972,DDA FCL | AO | 8277933640
KA_MANDYA_MANDYA_3976,Karnataka,Mandya,Mandya,,DEPARTMENT_OFFICE,,DDA FCL,AO,,8277933654,8277933654,DDA FCL,,VERIFIED_FROM_OFFICIAL_SOURCE,19,3976,DDA FCL | AO | 8277933654
KA_MANDYA_MANDYA_3980,Karnataka,Mandya,Mandya,,DEPARTMENT_OFFICE,,Mandya,"DDA, SPTL",,8277933604,8277933604,Mandya,,VERIFIED_FROM_OFFICIAL_SOURCE,20,3980,"Deputy Director of Agriculture, State Pesticide Testing Laboratory, Mandya | Mandya | DDA, SPTL | 8277933604"
KA_MANDYA_MANDYA_3985,Karnataka,Mandya,Mandya,,DEPARTMENT_OFFICE,,Mandya,AO,,8277933618,8277933618,Mandya,,VERIFIED_FROM_OFFICIAL_SOURCE,21,3985,Mandya | AO | 8277933618
KA_MANDYA_MANDYA_3989,Karnataka,Mandya,Mandya,,DEPARTMENT_OFFICE,,Mandya,AO,,8277933665,8277933665,Mandya,,VERIFIED_FROM_OFFICIAL_SOURCE,22,3989,Mandya | AO | 8277933665
KA_MANDYA_MANDYA_3993,Karnataka,Mandya,Mandya,,DEPARTMENT_OFFICE,,Mandya,AO,,8277933681,8277933681,Mandya,,VERIFIED_FROM_OFFICIAL_SOURCE,23,3993,Mandya | AO | 8277933681
KA_MANDYA_MANDYA_3997,Karnataka,Mandya,Mandya,,DEPARTMENT_OFFICE,,Mandya,AO,,8277933658,8277933658,Mandya,,VERIFIED_FROM_OFFICIAL_SOURCE,24,3997,Mandya | AO | 8277933658
KA_MANDYA_MANDYA_4001,Karnataka,Mandya,Mandya,,DEPARTMENT_OFFICE,,Mandya,ADA,,8277933611,8277933611,Mandya,,VERIFIED_FROM_OFFICIAL_SOURCE,25,4001,"Assitant Director of Agriculture, Parasite Lab, Mandya | Mandya | ADA | 8277933611"
KA_MANDYA_MANDYA_4006,Karnataka,Mandya,Mandya,,DEPARTMENT_OFFICE,,Mandya,AO,,8277929696,8277929696,Mandya,,VERIFIED_FROM_OFFICIAL_SOURCE,26,4006,Mandya | AO | 8277929696
KA_MANDYA_MANDYA_4010,Karnataka,Mandya,Mandya,,DEPARTMENT_OFFICE,,Mandya,AO,,8277929697,8277929697,Mandya,,VERIFIED_FROM_OFFICIAL_SOURCE,27,4010,Mandya | AO | 8277929697
KA_MANDYA_MANDYA_4014,Karnataka,Mandya,Mandya,,DEPARTMENT_OFFICE,,Mandya,ADA,,8277933612,8277933612,Mandya,,VERIFIED_FROM_OFFICIAL_SOURCE,28,4014,"Assiatant Director Of Agriculture, Mandya Taluk | Mandya | ADA | 8277933612"
KA_MANDYA_MANDYA_4019,Karnataka,Mandya,Mandya,,DEPARTMENT_OFFICE,,Mandya,AO,,8277933613,8277933613,Mandya,,VERIFIED_FROM_OFFICIAL_SOURCE,29,4019,Mandya | AO | 8277933613
KA_MANDYA_MANDYA_4023,Karnataka,Mandya,Mandya,,DEPARTMENT_OFFICE,,Mandya,AO,,8277933614,8277933614,Mandya,,VERIFIED_FROM_OFFICIAL_SOURCE,30,4023,Mandya | AO | 8277933614
KA_MANDYA_MANDYA_4027,Karnataka,Mandya,Mandya,,DEPARTMENT_OFFICE,,Mandya,AO,,8277933615,8277933615,Mandya,,VERIFIED_FROM_OFFICIAL_SOURCE,31,4027,Mandya | AO | 8277933615
KA_MANDYA_MANDYA_4031,Karnataka,Mandya,Mandya,,DEPARTMENT_OFFICE,,Mandya,AO,,8277933616,8277933616,Mandya,,VERIFIED_FROM_OFFICIAL_SOURCE,32,4031,Mandya | AO | 8277933616
KA_MANDYA_MANDYA_4035,Karnataka,Mandya,Mandya,,DEPARTMENT_OFFICE,,Mandya,AO,,8277933617,8277933617,Mandya,,VERIFIED_FROM_OFFICIAL_SOURCE,33,4035,Mandya | AO | 8277933617
KA_MANDYA_MANDYA_4039,Karnataka,Mandya,Mandya,,DEPARTMENT_OFFICE,,Mandya,AO,,8277933619,8277933619,Mandya,,VERIFIED_FROM_OFFICIAL_SOURCE,34,4039,Mandya | AO | 8277933619
KA_MANDYA_MANDYA_4043,Karnataka,Mandya,Mandya,,DEPARTMENT_OFFICE,,Mandya,AO,,8277933620,8277933620,Mandya,,VERIFIED_FROM_OFFICIAL_SOURCE,35,4043,Mandya | AO | 8277933620
KA_MANDYA_MANDYA_4047,Karnataka,Mandya,Mandya,,DEPARTMENT_OFFICE,,Mandya,AO,,8277933621,8277933621,Mandya,,VERIFIED_FROM_OFFICIAL_SOURCE,36,4047,Mandya | AO | 8277933621
KA_MANDYA_MANDYA_4051,Karnataka,Mandya,Mandya,,DEPARTMENT_OFFICE,,Mandya,AO,,8277933622,8277933622,Mandya,,VERIFIED_FROM_OFFICIAL_SOURCE,37,4051,Mandya | AO | 8277933622
KA_MANDYA_MANDYA_4055,Karnataka,Mandya,Mandya,,DEPARTMENT_OFFICE,,Mandya,AO,,8277933625,8277933625,Mandya,,VERIFIED_FROM_OFFICIAL_SOURCE,38,4055,Mandya | AO | 8277933625
KA_MANDYA_MANDYA_4059,Karnataka,Mandya,Mandya,,DEPARTMENT_OFFICE,,Mandya,AAO,,8277933627,8277933627,Mandya,,VERIFIED_FROM_OFFICIAL_SOURCE,39,4059,Mandya | AAO | 8277933627
KA_MANDYA_MANDYA_4063,Karnataka,Mandya,Mandya,,DEPARTMENT_OFFICE,,Malavalli,ADA,,8277933648,8277933648,Malavalli,,VERIFIED_FROM_OFFICIAL_SOURCE,40,4063,"Assiatant Director Of Agriculture, Malavalli Taluk | Malavalli | ADA | 8277933648"
KA_MANDYA_MANDYA_4068,Karnataka,Mandya,Mandya,,DEPARTMENT_OFFICE,,Malavalli,TO,,8277933635,8277933635,Malavalli,,VERIFIED_FROM_OFFICIAL_SOURCE,41,4068,Malavalli | TO | 8277933635
KA_MANDYA_MANDYA_4072,Karnataka,Mandya,Mandya,,DEPARTMENT_OFFICE,,Malavalli,AO,,8277933653,8277933653,Malavalli,,VERIFIED_FROM_OFFICIAL_SOURCE,42,4072,Malavalli | AO | 8277933653
KA_MANDYA_MANDYA_4076,Karnataka,Mandya,Mandya,,DEPARTMENT_OFFICE,,Malavalli,AO,,8277933655,8277933655,Malavalli,,VERIFIED_FROM_OFFICIAL_SOURCE,43,4076,Malavalli | AO | 8277933655
KA_MANDYA_MANDYA_4080,Karnataka,Mandya,Mandya,,DEPARTMENT_OFFICE,,Malavalli,AO,,8277933649,8277933649,Malavalli,,VERIFIED_FROM_OFFICIAL_SOURCE,44,4080,Malavalli | AO | 8277933649
KA_MANDYA_MANDYA_4084,Karnataka,Mandya,Mandya,,DEPARTMENT_OFFICE,,Malavalli,AO,,8277933652,8277933652,Malavalli,,VERIFIED_FROM_OFFICIAL_SOURCE,45,4084,Malavalli | AO | 8277933652
KA_MANDYA_MANDYA_4088,Karnataka,Mandya,Mandya,,DEPARTMENT_OFFICE,,Maddur,ADA,,8277933626,8277933626,Maddur,,VERIFIED_FROM_OFFICIAL_SOURCE,46,4088,"Assiatant Director Of Agriculture, Maddur Taluk | Maddur | ADA | 8277933626"
KA_MANDYA_MANDYA_4093,Karnataka,Mandya,Mandya,,DEPARTMENT_OFFICE,,Maddur,AO,,8277933629,8277933629,Maddur,,VERIFIED_FROM_OFFICIAL_SOURCE,47,4093,Maddur | AO | 8277933629
KA_MANDYA_MANDYA_4097,Karnataka,Mandya,Mandya,,DEPARTMENT_OFFICE,,Maddur,AO,,8277933638,8277933638,Maddur,,VERIFIED_FROM_OFFICIAL_SOURCE,48,4097,Maddur | AO | 8277933638
KA_MANDYA_MANDYA_4101,Karnataka,Mandya,Mandya,,DEPARTMENT_OFFICE,,Maddur,AO,,8277933630,8277933630,Maddur,,VERIFIED_FROM_OFFICIAL_SOURCE,49,4101,Maddur | AO | 8277933630
KA_MANDYA_MANDYA_4105,Karnataka,Mandya,Mandya,,DEPARTMENT_OFFICE,,Maddur,AO,,8277933644,8277933644,Maddur,,VERIFIED_FROM_OFFICIAL_SOURCE,50,4105,Maddur | AO | 8277933644
KA_MANDYA_MANDYA_4109,Karnataka,Mandya,Mandya,,DEPARTMENT_OFFICE,,Maddur,AO,,8277933639,8277933639,Maddur,,VERIFIED_FROM_OFFICIAL_SOURCE,51,4109,Maddur | AO | 8277933639
KA_MANDYA_MANDYA_4113,Karnataka,Mandya,Mandya,,DEPARTMENT_OFFICE,,Maddur,AO,,8277933643,8277933643,Maddur,,VERIFIED_FROM_OFFICIAL_SOURCE,52,4113,Maddur | AO | 8277933643
KA_MANDYA_MANDYA_4117,Karnataka,Mandya,Mandya,,DEPARTMENT_OFFICE,,Maddur,TO 2,,8277933628,8277933628,Maddur,,VERIFIED_FROM_OFFICIAL_SOURCE,53,4117,Maddur | TO 2 | 8277933628
KA_MANDYA_MANDYA_4121,Karnataka,Mandya,Mandya,,DEPARTMENT_OFFICE,,Maddur,AO,,8277933645,8277933645,Maddur,,VERIFIED_FROM_OFFICIAL_SOURCE,54,4121,Maddur | AO | 8277933645
KA_MANDYA_MANDYA_4125,Karnataka,Mandya,Mandya,,DEPARTMENT_OFFICE,,Srirangapatna,ADA,,8277933656,8277933656,Srirangapatna,,VERIFIED_FROM_OFFICIAL_SOURCE,55,4125,"Assiatant Director Of Agriculture, Srirangapatna Taluk | Srirangapatna | ADA | 8277933656"
KA_MANDYA_MANDYA_4130,Karnataka,Mandya,Mandya,,DEPARTMENT_OFFICE,,Srirangapatna,AO,,8277933657,8277933657,Srirangapatna,,VERIFIED_FROM_OFFICIAL_SOURCE,56,4130,Srirangapatna | AO | 8277933657
KA_MANDYA_MANDYA_4134,Karnataka,Mandya,Mandya,,DEPARTMENT_OFFICE,,Srirangapatna,AO,,8277933659,8277933659,Srirangapatna,,VERIFIED_FROM_OFFICIAL_SOURCE,57,4134,Srirangapatna | AO | 8277933659
KA_MANDYA_MANDYA_4138,Karnataka,Mandya,Mandya,,DEPARTMENT_OFFICE,,Srirangapatna,AO,,8277933660,8277933660,Srirangapatna,,VERIFIED_FROM_OFFICIAL_SOURCE,58,4138,Srirangapatna | AO | 8277933660
KA_MANDYA_MANDYA_4142,Karnataka,Mandya,Mandya,,DEPARTMENT_OFFICE,,Srirangapatna,AO,,8277933662,8277933662,Srirangapatna,,VERIFIED_FROM_OFFICIAL_SOURCE,59,4142,Srirangapatna | AO | 8277933662
KA_MANDYA_MANDYA_4146,Karnataka,Mandya,Mandya,,DEPARTMENT_OFFICE,,Pandavapura,ADA,,8277933667,8277933667,Pandavapura,,VERIFIED_FROM_OFFICIAL_SOURCE,60,4146,"Assiatant Director Of Agriculture, Pandavapura Taluk | Pandavapura | ADA | 8277933667"
KA_MANDYA_MANDYA_4151,Karnataka,Mandya,Mandya,,DEPARTMENT_OFFICE,,Pandavapura,AO,,8277933674,8277933674,Pandavapura,,VERIFIED_FROM_OFFICIAL_SOURCE,61,4151,Pandavapura | AO | 8277933674
KA_MANDYA_MANDYA_4155,Karnataka,Mandya,Mandya,,DEPARTMENT_OFFICE,,Pandavapura,AO,,8277933669,8277933669,Pandavapura,,VERIFIED_FROM_OFFICIAL_SOURCE,62,4155,Pandavapura | AO | 8277933669
KA_MANDYA_MANDYA_4159,Karnataka,Mandya,Mandya,,DEPARTMENT_OFFICE,,Pandavapura,AO,,8277933671,8277933671,Pandavapura,,VERIFIED_FROM_OFFICIAL_SOURCE,63,4159,Pandavapura | AO | 8277933671
KA_MANDYA_MANDYA_4163,Karnataka,Mandya,Mandya,,DEPARTMENT_OFFICE,,K R Pete,ADA,,8277933676,8277933676,K R Pete,,VERIFIED_FROM_OFFICIAL_SOURCE,64,4163,"Assiatant Director Of Agriculture, K.R.Pete Taluk | K R Pete | ADA | 8277933676"
KA_MANDYA_MANDYA_4168,Karnataka,Mandya,Mandya,,DEPARTMENT_OFFICE,,K R Pete,TO-2,,8277933680,8277933680,K R Pete,,VERIFIED_FROM_OFFICIAL_SOURCE,65,4168,K R Pete | TO-2 | 8277933680
KA_MANDYA_MANDYA_4172,Karnataka,Mandya,Mandya,,DEPARTMENT_OFFICE,,K R Pete,AO,,8277933683,8277933683,K R Pete,,VERIFIED_FROM_OFFICIAL_SOURCE,66,4172,K R Pete | AO | 8277933683
KA_MANDYA_MANDYA_4176,Karnataka,Mandya,Mandya,,DEPARTMENT_OFFICE,,K.R.Pete,AO,,8277933684,8277933684,K.R.Pete,,VERIFIED_FROM_OFFICIAL_SOURCE,67,4176,K.R.Pete | AO | 8277933684
KA_MANDYA_MANDYA_4180,Karnataka,Mandya,Mandya,,DEPARTMENT_OFFICE,,K R Pete,AO,,8277933685,8277933685,K R Pete,,VERIFIED_FROM_OFFICIAL_SOURCE,68,4180,K R Pete | AO | 8277933685
KA_MANDYA_MANDYA_4184,Karnataka,Mandya,Mandya,,DEPARTMENT_OFFICE,,K.R.Pete,AO,,8277933686,8277933686,K.R.Pete,,VERIFIED_FROM_OFFICIAL_SOURCE,69,4184,K.R.Pete | AO | 8277933686
KA_MANDYA_MANDYA_4188,Karnataka,Mandya,Mandya,,DEPARTMENT_OFFICE,,K R Pete,AO,,8277933682,8277933682,K R Pete,,VERIFIED_FROM_OFFICIAL_SOURCE,70,4188,K R Pete | AO | 8277933682
KA_MANDYA_MANDYA_4192,Karnataka,Mandya,Mandya,,DEPARTMENT_OFFICE,,K R Pete,TO-1,,8277933677,8277933677,K R Pete,,VERIFIED_FROM_OFFICIAL_SOURCE,71,4192,K R Pete | TO-1 | 8277933677
KA_MANDYA_MANDYA_4196,Karnataka,Mandya,Mandya,,DEPARTMENT_OFFICE,,Nagamangala,ADA,,8277933687,8277933687,Nagamangala,,VERIFIED_FROM_OFFICIAL_SOURCE,72,4196,"Assiatant Director Of Agriculture, Nagamangala Taluk | Nagamangala | ADA | 8277933687"
KA_MANDYA_MANDYA_4201,Karnataka,Mandya,Mandya,,DEPARTMENT_OFFICE,,Nagamangala,TO-1,,8277933688,8277933688,Nagamangala,,VERIFIED_FROM_OFFICIAL_SOURCE,73,4201,Nagamangala | TO-1 | 8277933688
KA_MANDYA_MANDYA_4205,Karnataka,Mandya,Mandya,,DEPARTMENT_OFFICE,,Nagamangala,AO,,8277933623,8277933623,Nagamangala,,VERIFIED_FROM_OFFICIAL_SOURCE,74,4205,Nagamangala | AO | 8277933623
KA_MANDYA_MANDYA_4209,Karnataka,Mandya,Mandya,,DEPARTMENT_OFFICE,,Nagamangala,AO,,8277933693,8277933693,Nagamangala,,VERIFIED_FROM_OFFICIAL_SOURCE,75,4209,Nagamangala | AO | 8277933693
KA_MANDYA_MANDYA_4213,Karnataka,Mandya,Mandya,,DEPARTMENT_OFFICE,,Nagamangala,AO,,8277933694,8277933694,Nagamangala,,VERIFIED_FROM_OFFICIAL_SOURCE,76,4213,Nagamangala | AO | 8277933694
KA_MANDYA_MANDYA_4217,Karnataka,Mandya,Mandya,,DEPARTMENT_OFFICE,,Nagamangala,AO,,8277933695,8277933695,Nagamangala,,VERIFIED_FROM_OFFICIAL_SOURCE,77,4217,Nagamangala | AO | 8277933695
KA_MANDYA_MANDYA_4221,Karnataka,Mandya,Mandya,,DEPARTMENT_OFFICE,,Nagamangala,AO,,8277933641,8277933641,Nagamangala,,VERIFIED_FROM_OFFICIAL_SOURCE,78,4221,Nagamangala | AO | 8277933641
KA_MANDYA_MANDYA_4225,Karnataka,Mandya,Mandya,,DEPARTMENT_OFFICE,,Nagamangala,AO,,8277933661,8277933661,Nagamangala,,VERIFIED_FROM_OFFICIAL_SOURCE,79,4225,Nagamangala | AO | 8277933661
KA_MANDYA_MANDYA_4229,Karnataka,Mandya,Mandya,,DEPARTMENT_OFFICE,,V.C Farm,ADA DATC,,8277933624,8277933624,V.C Farm,,VERIFIED_FROM_OFFICIAL_SOURCE,80,4229,"District Agriculture Training Centre, V.C.Farm, Mandya | V.C Farm | ADA DATC | 8277933624"
KA_MANDYA_MANDYA_4234,Karnataka,Mandya,Mandya,,DEPARTMENT_OFFICE,,V.C Farm,ADA DATC,,8277933650,8277933650,V.C Farm,,VERIFIED_FROM_OFFICIAL_SOURCE,81,4234,V.C Farm | ADA DATC | 8277933650
KA_KODAGU_KODAGU_4243,Karnataka,Kodagu,Kodagu,,DEPARTMENT_OFFICE,,"JDA Office, Kodagu District, Madikeri.",Joint Director of Agriculture,,8277931900,8277931900,"JDA Office, Kodagu District, Madikeri.",,VERIFIED_FROM_OFFICIAL_SOURCE,1,4243,"JDA Office, Kodagu District, Madikeri. | Joint Director of Agriculture | 8277931900"
KA_KODAGU_KODAGU_4247,Karnataka,Kodagu,Kodagu,,DEPARTMENT_OFFICE,,"JDA Office, Madikeri.",Assistant director of agriculture (SMS),,8277929492,8277929492,"JDA Office, Madikeri.",,VERIFIED_FROM_OFFICIAL_SOURCE,2,4247,"JDA Office, Madikeri. | Assistant director of agriculture (SMS) | 8277929492"
KA_KODAGU_KODAGU_4251,Karnataka,Kodagu,Kodagu,,DEPARTMENT_OFFICE,,"JDA Office, Madikeri.",Assistant director of agriculture (M&E),,8991027510,8991027510,"JDA Office, Madikeri.",,VERIFIED_FROM_OFFICIAL_SOURCE,3,4251,"JDA Office, Madikeri. | Assistant director of agriculture (M&E) | 8991027510"
KA_KODAGU_KODAGU_4255,Karnataka,Kodagu,Kodagu,,DEPARTMENT_OFFICE,,"DDA Office, Madikeri",Deputy Director of Agriculture,,8277931901,8277931901,"DDA Office, Madikeri",,VERIFIED_FROM_OFFICIAL_SOURCE,4,4255,"DDA Office, Madikeri | Deputy Director of Agriculture | 8277931901"
KA_KODAGU_MADIKERI_4259,Karnataka,Kodagu,Madikeri,,DEPARTMENT_OFFICE,,ADA OFFICE Madikeri,Assistant Director of Agriculture,,8884003312,8884003312,ADA OFFICE Madikeri,,VERIFIED_FROM_OFFICIAL_SOURCE,5,4259,ADA OFFICE Madikeri | Assistant Director of Agriculture | 8884003312
KA_KODAGU_MADIKERI_4263,Karnataka,Kodagu,Madikeri,,DEPARTMENT_OFFICE,,ADA OFFICE Madikeri,Agriculture officer,,8277931904,8277931904,ADA OFFICE Madikeri,,VERIFIED_FROM_OFFICIAL_SOURCE,6,4263,ADA OFFICE Madikeri | Agriculture officer | 8277931904
KA_KODAGU_SOMWARPET_4267,Karnataka,Kodagu,SOMWARPET,,DEPARTMENT_OFFICE,,ADA OFFICE SOMWARPET,Assistant Director of Agriculture,,8277931907,8277931907,ADA OFFICE SOMWARPET,,VERIFIED_FROM_OFFICIAL_SOURCE,7,4267,ADA OFFICE SOMWARPET | Assistant Director of Agriculture | 8277931907
KA_KODAGU_SOMWARPET_4271,Karnataka,Kodagu,SOMWARPET,,DEPARTMENT_OFFICE,,ADA OFFICE SOMWARPET,Agriculture officer/ TO-2,,8277931909,8277931909,ADA OFFICE SOMWARPET,,VERIFIED_FROM_OFFICIAL_SOURCE,8,4271,ADA OFFICE SOMWARPET | Agriculture officer/ TO-2 | 8277931909
KA_KODAGU_SOMWARPET_4275,Karnataka,Kodagu,SOMWARPET,,RSK,Shanivarasanthe,RSK Shanivarasanthe,Agriculture officer,,8277931908,8277931908,RSK Shanivarasanthe,,VERIFIED_FROM_OFFICIAL_SOURCE,9,4275,RSK Shanivarasanthe | Agriculture officer | 8277931908
KA_KODAGU_VIRAJPET_4279,Karnataka,Kodagu,virajpet,,DEPARTMENT_OFFICE,,"Assistant Director of Agriculture office Gandhinagara,virajpet Taluk",Assistant Director of Agriculture,,8277929456,8277929456,"Assistant Director of Agriculture office Gandhinagara,virajpet Taluk",,VERIFIED_FROM_OFFICIAL_SOURCE,10,4279,"Assistant Director of Agriculture office Gandhinagara,virajpet Taluk | Assistant Director of Agriculture | 8277929456"
KA_KODAGU_VIRAJPET_4283,Karnataka,Kodagu,virajpet,,RSK,"Kasaba Gandhinagara,virajpet Taluk","RSK Kasaba Gandhinagara,virajpet Taluk",Agriculture Officer,,8277931916,8277931916,"Raitha Samparka Kendra Kasaba Gandhinagara,virajpet Taluk",,VERIFIED_FROM_OFFICIAL_SOURCE,11,4283,"Raitha Samparka Kendra Kasaba Gandhinagara,virajpet Taluk | Agriculture Officer | 8277931916"
KA_KODAGU_VIRAJPET_4287,Karnataka,Kodagu,virajpet,,RSK,"Ammathi,virajpet Taluk","RSK Ammathi,virajpet Taluk",Agriculture Officer (Incharge),,8277929567,8277929567,"Raitha Samparka Kendra Ammathi,virajpet Taluk",,VERIFIED_FROM_OFFICIAL_SOURCE,12,4287,"Raitha Samparka Kendra Ammathi,virajpet Taluk | Agriculture Officer (Incharge) | 8277929567"
KA_KODAGU_BALELE_HOBLI_PONNAMPET_4291,Karnataka,Kodagu,Balele Hobli Ponnampet,Balele,RSK,"near Gramapanchayath,Balele Hobli Ponnampet Taluk","RSK near Gramapanchayath,Balele Hobli Ponnampet Taluk",Agriculture Officer,,8884003315,8884003315,"Raitha Samparka Kendra near Gramapanchayath,Balele Hobli Ponnampet Taluk",,VERIFIED_FROM_OFFICIAL_SOURCE,13,4291,"Raitha Samparka Kendra near Gramapanchayath,Balele Hobli Ponnampet Taluk | Agriculture Officer | 8884003315"
KA_KODAGU_PONNAMPET_4295,Karnataka,Kodagu,Ponnampet,Ponnampet,RSK,"Arvathoklu, Ponnampet Hobli, Ponnampet Taluk","RSK Arvathoklu, Ponnampet Hobli, Ponnampet Taluk",Agriculture Officer,,8277931915,8277931915,"Raitha Samparka Kendra Arvathoklu, Ponnampet Hobli, Ponnampet Taluk",,VERIFIED_FROM_OFFICIAL_SOURCE,14,4295,"Raitha Samparka Kendra Arvathoklu, Ponnampet Hobli, Ponnampet Taluk | Agriculture Officer | 8277931915"
KA_KODAGU_NEAR_GRAMAPANCHAYATH_SRIMANGALA_HOBLI_PONNAMPET_4299,Karnataka,Kodagu,Near Gramapanchayath Srimangala Hobli Ponnampet,Gramapanchayath Srimangala,RSK,Near Gramapanchayath Srimangala Hobli Ponnampet Taluk,RSK Near Gramapanchayath Srimangala Hobli Ponnampet Taluk,Agriculture Officer (Incharge),,8277929595,8277929595,"Raitha Samparka Kendra, Near Gramapanchayath Srimangala Hobli Ponnampet Taluk",,VERIFIED_FROM_OFFICIAL_SOURCE,15,4299,"Raitha Samparka Kendra, Near Gramapanchayath Srimangala Hobli Ponnampet Taluk | Agriculture Officer (Incharge) | 8277929595"
KA_KODAGU_NEAR_GRAMAPANCHAYATH_SRIMANGALA_HOBLI_PONNAMPET_4303,Karnataka,Kodagu,Near Gramapanchayath Srimangala Hobli Ponnampet,,DEPARTMENT_OFFICE,,"DATC, Kudige",Assistant Director of Agriculture,,8277929459,8277929459,"DATC, Kudige",,VERIFIED_FROM_OFFICIAL_SOURCE,16,4303,"DATC, Kudige | Assistant Director of Agriculture | 8277929459"
KA_KODAGU_NEAR_GRAMAPANCHAYATH_SRIMANGALA_HOBLI_PONNAMPET_4307,Karnataka,Kodagu,Near Gramapanchayath Srimangala Hobli Ponnampet,,DEPARTMENT_OFFICE,,"DATC, Kudige",Agriculture Officer,,8277931914,8277931914,"DATC, Kudige",,VERIFIED_FROM_OFFICIAL_SOURCE,17,4307,"DATC, Kudige | Agriculture Officer | 8277931914"
KA_KODAGU_NEAR_GRAMAPANCHAYATH_SRIMANGALA_HOBLI_PONNAMPET_4311,Karnataka,Kodagu,Near Gramapanchayath Srimangala Hobli Ponnampet,,DEPARTMENT_OFFICE,,"DATC, Kudige",Agriculture Officer,,8277929449,8277929449,"DATC, Kudige",,VERIFIED_FROM_OFFICIAL_SOURCE,18,4311,"DATC, Kudige | Agriculture Officer | 8277929449"
KA_MYSURU_MYSURU_4321,Karnataka,Mysuru,Mysuru,,DEPARTMENT_OFFICE,,"JDA, Public office building, Mysore- 570004",JDA,,8277933100,8277933100,"O/o JDA, Public office building, Mysore- 570004",570004,VERIFIED_FROM_OFFICIAL_SOURCE,1,4321,"O/o JDA, Mysore | JDA | O/o JDA, Public office building, Mysore- 570004 | 8277933100"
KA_MYSURU_MYSURU_4326,Karnataka,Mysuru,Mysuru,,DEPARTMENT_OFFICE,,"JDA, Public office building, Mysore- 570004",ADA (HQ),,8277933106,8277933106,"O/o JDA, Public office building, Mysore- 570004",570004,VERIFIED_FROM_OFFICIAL_SOURCE,2,4326,"O/o JDA, Mysore | ADA (HQ) | O/o JDA, Public office building, Mysore- 570004 | 8277933106"
KA_MYSURU_MYSURU_4331,Karnataka,Mysuru,Mysuru,,DEPARTMENT_OFFICE,,"JDA, Public office building, Mysore- 570004",ADA(SMS),,8277933104,8277933104,"O/o JDA, Public office building, Mysore- 570004",570004,VERIFIED_FROM_OFFICIAL_SOURCE,3,4331,"O/o JDA, Mysore | ADA(SMS) | O/o JDA, Public office building, Mysore- 570004 | 8277933104"
KA_MYSURU_MYSURU_4336,Karnataka,Mysuru,Mysuru,,DEPARTMENT_OFFICE,,"JDA, Public office building, Mysore- 570004",ADA(M&E),,8277933105,8277933105,"O/o JDA, Public office building, Mysore- 570004",570004,VERIFIED_FROM_OFFICIAL_SOURCE,4,4336,"O/o JDA, Mysore | ADA(M&E) | O/o JDA, Public office building, Mysore- 570004 | 8277933105"
KA_MYSURU_MYSURU_4341,Karnataka,Mysuru,Mysuru,,DEPARTMENT_OFFICE,,"JDA, Public office building, Mysore- 570004",ADA (Vigi),,8277933110,8277933110,"O/o JDA, Public office building, Mysore- 570004",570004,VERIFIED_FROM_OFFICIAL_SOURCE,5,4341,"O/o JDA, Mysore | ADA (Vigi) | O/o JDA, Public office building, Mysore- 570004 | 8277933110"
KA_MYSURU_MYSURU_4346,Karnataka,Mysuru,Mysuru,,DEPARTMENT_OFFICE,,"JDA, Public office building, Mysore- 570004",AO,,8277933107,8277933107,"O/o JDA, Public office building, Mysore- 570004",570004,VERIFIED_FROM_OFFICIAL_SOURCE,6,4346,"O/o JDA, Mysore | AO | O/o JDA, Public office building, Mysore- 570004 | 8277933107"
KA_MYSURU_MYSURU_4351,Karnataka,Mysuru,Mysuru,,DEPARTMENT_OFFICE,,"DDA 1, MYSORE - 570010",DDA,,8277933101,8277933101,"DDA 1, MYSORE - 570010",570010,VERIFIED_FROM_OFFICIAL_SOURCE,7,4351,"DDA 1, Mysore | DDA | DDA 1, MYSORE - 570010 | 8277933101"
KA_MYSURU_MYSURU_4356,Karnataka,Mysuru,Mysuru,,DEPARTMENT_OFFICE,,"DDA 1, MYSORE - 570010",AO(TO),,8277933181,8277933181,"DDA 1, MYSORE - 570010",570010,VERIFIED_FROM_OFFICIAL_SOURCE,8,4356,"DDA 1, Mysore | AO(TO) | DDA 1, MYSORE - 570010 | 8277933181"
KA_MYSURU_MYSURU_4361,Karnataka,Mysuru,Mysuru,,DEPARTMENT_OFFICE,,"DDA 1, MYSORE - 570010",AO(TO),,8277933114,8277933114,"DDA 1, MYSORE - 570010",570010,VERIFIED_FROM_OFFICIAL_SOURCE,9,4361,"DDA 1, Mysore | AO(TO) | DDA 1, MYSORE - 570010 | 8277933114"
KA_MYSURU_MYSORE_4366,Karnataka,Mysuru,MYSORE,,DEPARTMENT_OFFICE,,"ADA, MYSORE - 570005",ADA,,8277933153,8277933153,"ADA, MYSORE - 570005",570005,VERIFIED_FROM_OFFICIAL_SOURCE,10,4366,"ADA, Mysore | ADA | ADA, MYSORE - 570005 | 8277933153"
KA_MYSURU_MYSORE_4371,Karnataka,Mysuru,MYSORE,,DEPARTMENT_OFFICE,,"ADA, MYSORE - 570005",AO,,8277933173,8277933173,"ADA, MYSORE - 570005",570005,VERIFIED_FROM_OFFICIAL_SOURCE,11,4371,"ADA, Mysore | AO | ADA, MYSORE - 570005 | 8277933173"
KA_MYSURU_MYSORE_4376,Karnataka,Mysuru,MYSORE,,DEPARTMENT_OFFICE,,"ADA, MYSORE - 570005",AO,,8277933158,8277933158,"ADA, MYSORE - 570005",570005,VERIFIED_FROM_OFFICIAL_SOURCE,12,4376,"ADA, Mysore | AO | ADA, MYSORE - 570005 | 8277933158"
KA_MYSURU_MYSURU_4381,Karnataka,Mysuru,Mysuru,,RSK,VARUNA,RSK VARUNA,AO,,8277933178,8277933178,"RSK, VARUNA - 570010",570010,VERIFIED_FROM_OFFICIAL_SOURCE,13,4381,"ADA, Mysore | AO | RSK, VARUNA - 570010 | 8277933178"
KA_MYSURU_MYSURU_4386,Karnataka,Mysuru,Mysuru,,RSK,JAYAPURA,RSK JAYAPURA,AO,,8277933163,8277933163,"RSK, JAYAPURA - 570008",570008,VERIFIED_FROM_OFFICIAL_SOURCE,14,4386,"ADA, Mysore | AO | RSK, JAYAPURA - 570008 | 8277933163"
KA_MYSURU_MYSURU_4391,Karnataka,Mysuru,Mysuru,,RSK,YELAWALA,RSK YELAWALA,AAO,,8277933155,8277933155,"RSK, YELAWALA - 571130",571130,VERIFIED_FROM_OFFICIAL_SOURCE,15,4391,"ADA, Mysore | AAO | RSK, YELAWALA - 571130 | 8277933155"
KA_MYSURU_NANJANGUD_4396,Karnataka,Mysuru,NANJANGUD,,DEPARTMENT_OFFICE,,"ADA, NANJANGUD - 571301",ADA,,8277933168,8277933168,"ADA, NANJANGUD - 571301",571301,VERIFIED_FROM_OFFICIAL_SOURCE,16,4396,"ADA, Nanjangud | ADA | ADA, NANJANGUD - 571301 | 8277933168"
KA_MYSURU_NANJANGUD_4401,Karnataka,Mysuru,NANJANGUD,,DEPARTMENT_OFFICE,,"ADA, NANJANGUD - 571301",AO,,8277933201,8277933201,"ADA, NANJANGUD - 571301",571301,VERIFIED_FROM_OFFICIAL_SOURCE,17,4401,"ADA, Nanjangud | AO | ADA, NANJANGUD - 571301 | 8277933201"
KA_MYSURU_NANJANGUD_4406,Karnataka,Mysuru,Nanjangud,,RSK,CHIKKAIAHNACHATRA,RSK CHIKKAIAHNACHATRA,AO,,8277933171,8277933171,"RSK, CHIKKAIAHNACHATRA - 571302",571302,VERIFIED_FROM_OFFICIAL_SOURCE,18,4406,"ADA, Nanjangud | AO | RSK, CHIKKAIAHNACHATRA - 571302 | 8277933171"
KA_MYSURU_NANJANGUD_4411,Karnataka,Mysuru,Nanjangud,,RSK,KASABA,RSK KASABA,AO,,8277933169,8277933169,"RSK, KASABA - 571301",571301,VERIFIED_FROM_OFFICIAL_SOURCE,19,4411,"ADA, Nanjangud | AO | RSK, KASABA - 571301 | 8277933169"
KA_MYSURU_NANJANGUD_4416,Karnataka,Mysuru,Nanjangud,,RSK,BILIGERE,RSK BILIGERE,AO,,8277933184,8277933184,"RSK, BILIGERE - 571129",571129,VERIFIED_FROM_OFFICIAL_SOURCE,20,4416,"ADA, Nanjangud | AO | RSK, BILIGERE - 571129 | 8277933184"
KA_MYSURU_NANJANGUD_4421,Karnataka,Mysuru,Nanjangud,,RSK,HULLAHALLI,RSK HULLAHALLI,AO,,8277933184,8277933184,"RSK, HULLAHALLI (INCHARGE) - 571314",571314,VERIFIED_FROM_OFFICIAL_SOURCE,21,4421,"ADA, Nanjangud | AO | RSK, HULLAHALLI (INCHARGE) - 571314 | 8277933184"
KA_MYSURU_NANJANGUD_4426,Karnataka,Mysuru,Nanjangud,,RSK,DODDAKOWLANDE,RSK DODDAKOWLANDE,AO,,8277933167,8277933167,"RSK, DODDAKOWLANDE - 571312",571312,VERIFIED_FROM_OFFICIAL_SOURCE,22,4426,"ADA, Nanjangud | AO | RSK, DODDAKOWLANDE - 571312 | 8277933167"
KA_MYSURU_T_NARASIPURA_4431,Karnataka,Mysuru,T Narasipura,,DEPARTMENT_OFFICE,,"ADA, T.NARASIPURA - 571124",ADA,,8277933198,8277933198,"ADA, T.NARASIPURA - 571124",571124,VERIFIED_FROM_OFFICIAL_SOURCE,23,4431,"ADA, T.Narasipura | ADA | ADA, T.NARASIPURA - 571124 | 8277933198"
KA_MYSURU_T_NARASIPURA_4436,Karnataka,Mysuru,T Narasipura,,DEPARTMENT_OFFICE,,"ADA, T.NARASIPURA - 571124",AO,,8277933172,8277933172,"ADA, T.NARASIPURA - 571124",571124,VERIFIED_FROM_OFFICIAL_SOURCE,24,4436,"ADA, T.Narasipura | AO | ADA, T.NARASIPURA - 571124 | 8277933172"
KA_MYSURU_T_NARASIPURA_4441,Karnataka,Mysuru,T Narasipura,,DEPARTMENT_OFFICE,,"ADA, T.NARASIPURA - 571124",AO Incharge,,8277933161,8277933161,"ADA, T.NARASIPURA - 571124",571124,VERIFIED_FROM_OFFICIAL_SOURCE,25,4441,"ADA, T.Narasipura | AO Incharge | ADA, T.NARASIPURA - 571124 | 8277933161"
KA_MYSURU_T_NARASIPURA_4446,Karnataka,Mysuru,T Narasipura,,RSK,KASABA,RSK KASABA,AO,,8277933204,8277933204,"RSK, KASABA - 571124",571124,VERIFIED_FROM_OFFICIAL_SOURCE,26,4446,"ADA, T.Narasipura | AO | RSK, KASABA - 571124 | 8277933204"
KA_MYSURU_T_NARASIPURA_4451,Karnataka,Mysuru,T Narasipura,,RSK,BANNUR,RSK BANNUR,AO,,8277933195,8277933195,"RSK, BANNUR - 571101",571101,VERIFIED_FROM_OFFICIAL_SOURCE,27,4451,"ADA, T.Narasipura | AO | RSK, BANNUR - 571101 | 8277933195"
KA_MYSURU_T_NARASIPURA_4456,Karnataka,Mysuru,T Narasipura,,RSK,SOSALE,RSK SOSALE,AAO INCHARGE,,8277933199,8277933199,"RSK, SOSALE - 571120",571120,VERIFIED_FROM_OFFICIAL_SOURCE,28,4456,"ADA, T.Narasipura | AAO INCHARGE | RSK, SOSALE - 571120 | 8277933199"
KA_MYSURU_T_NARASIPURA_4461,Karnataka,Mysuru,T Narasipura,,RSK,MUGURU,RSK MUGURU,AO (Incharge),,8277933197,8277933197,"RSK, MUGURU - 571124",571124,VERIFIED_FROM_OFFICIAL_SOURCE,29,4461,"ADA, T.Narasipura | AO (Incharge) | RSK, MUGURU - 571124 | 8277933197"
KA_MYSURU_T_NARASIPURA_4466,Karnataka,Mysuru,T Narasipura,,RSK,TALAKADU,RSK TALAKADU,AO (Incharge),,8277933203,8277933203,"RSK, TALAKADU - 571124",571124,VERIFIED_FROM_OFFICIAL_SOURCE,30,4466,"ADA, T.Narasipura | AO (Incharge) | RSK, TALAKADU - 571124 | 8277933203"
KA_MYSURU_MYSURU_4471,Karnataka,Mysuru,Mysuru,,DEPARTMENT_OFFICE,,"DATC, Naganahlli, Mysore - 570003",DDA,,8277933103,8277933103,"DATC, Naganahlli, Mysore - 570003",570003,VERIFIED_FROM_OFFICIAL_SOURCE,31,4471,"DATC, Naganahlli, Mysore | DDA | DATC, Naganahlli, Mysore - 570003 | 8277933103"
KA_MYSURU_MYSURU_4476,Karnataka,Mysuru,Mysuru,,DEPARTMENT_OFFICE,,"DATC, Naganahlli, Mysore - 570003",ADA,,8277933180,8277933180,"DATC, Naganahlli, Mysore - 570003",570003,VERIFIED_FROM_OFFICIAL_SOURCE,32,4476,"DATC, Naganahlli, Mysore | ADA | DATC, Naganahlli, Mysore - 570003 | 8277933180"
KA_MYSURU_MYSURU_4481,Karnataka,Mysuru,Mysuru,,DEPARTMENT_OFFICE,,"DATC, Naganahlli, Mysore - 570003",ADA (FW),,8277933179,8277933179,"DATC, Naganahlli, Mysore - 570003",570003,VERIFIED_FROM_OFFICIAL_SOURCE,33,4481,"DATC, Naganahlli, Mysore | ADA (FW) | DATC, Naganahlli, Mysore - 570003 | 8277933179"
KA_MYSURU_MYSURU_4486,Karnataka,Mysuru,Mysuru,,DEPARTMENT_OFFICE,,"DATC, Naganahlli, Mysore - 570003",ADA,,8277933157,8277933157,"DATC, Naganahlli, Mysore - 570003",570003,VERIFIED_FROM_OFFICIAL_SOURCE,34,4486,"DATC, Naganahlli, Mysore | ADA | DATC, Naganahlli, Mysore - 570003 | 8277933157"
KA_MYSURU_MYSURU_4491,Karnataka,Mysuru,Mysuru,,DEPARTMENT_OFFICE,,"DATC, Naganahlli, Mysore - 570003",AO,,8277933116,8277933116,"DATC, Naganahlli, Mysore - 570003",570003,VERIFIED_FROM_OFFICIAL_SOURCE,35,4491,"DATC, Naganahlli, Mysore | AO | DATC, Naganahlli, Mysore - 570003 | 8277933116"
KA_MYSURU_MYSURU_4496,Karnataka,Mysuru,Mysuru,,DEPARTMENT_OFFICE,,"DATC, Naganahlli, Mysore - 570003",AO,,8277933177,8277933177,"DATC, Naganahlli, Mysore - 570003",570003,VERIFIED_FROM_OFFICIAL_SOURCE,36,4496,"DATC, Naganahlli, Mysore | AO | DATC, Naganahlli, Mysore - 570003 | 8277933177"
KA_MYSURU_MYSURU_4501,Karnataka,Mysuru,Mysuru,,DEPARTMENT_OFFICE,,"DATC, Naganahlli, Mysore - 570003",AO,,8277933154,8277933154,"DATC, Naganahlli, Mysore - 570003",570003,VERIFIED_FROM_OFFICIAL_SOURCE,37,4501,"DATC, Naganahlli, Mysore | AO | DATC, Naganahlli, Mysore - 570003 | 8277933154"
KA_MYSURU_MYSURU_4506,Karnataka,Mysuru,Mysuru,,DEPARTMENT_OFFICE,,"DATC, Naganahlli, Mysore - 570003",AO,,8277933205,8277933205,"DATC, Naganahlli, Mysore - 570003",570003,VERIFIED_FROM_OFFICIAL_SOURCE,38,4506,"DATC, Naganahlli, Mysore | AO | DATC, Naganahlli, Mysore - 570003 | 8277933205"
KA_MYSURU_HUNSUR_4511,Karnataka,Mysuru,Hunsur,,DEPARTMENT_OFFICE,,Hunsur - 571105,DDA,,8277933102,8277933102,Hunsur - 571105,571105,VERIFIED_FROM_OFFICIAL_SOURCE,39,4511,"O/o Deputy Director of Agriculture-2 Hunsur, Mysuru District | DDA | Hunsur - 571105 | 8277933102"
KA_MYSURU_HUNSUR_4516,Karnataka,Mysuru,Hunsur,,DEPARTMENT_OFFICE,,Hunsur - 571105,AO,,8277933156,8277933156,Hunsur - 571105,571105,VERIFIED_FROM_OFFICIAL_SOURCE,40,4516,"O/o Deputy Director of Agriculture-2 Hunsur, Mysuru District | AO | Hunsur - 571105 | 8277933156 (Not Working)"
KA_MYSURU_HUNSUR_4521,Karnataka,Mysuru,Hunsur,,DEPARTMENT_OFFICE,,Hunsur - 571105,AO,,8277933139,8277933139,Hunsur - 571105,571105,VERIFIED_FROM_OFFICIAL_SOURCE,41,4521,"O/o Deputy Director of Agriculture-2 Hunsur, Mysuru District | AO | Hunsur - 571105 | 8277933139"
KA_MYSURU_K_R_NAGAR_4526,Karnataka,Mysuru,K R Nagar,,DEPARTMENT_OFFICE,,K.R.Nagar -571602,ADA,,8277933146,8277933146,K.R.Nagar -571602,571602,VERIFIED_FROM_OFFICIAL_SOURCE,42,4526,"O/o Assistant Director of Agriculture,K.R.Nagar,Mysuru District | ADA | K.R.Nagar -571602 | 8277933146"
KA_MYSURU_K_R_NAGAR_4531,Karnataka,Mysuru,K R Nagar,,DEPARTMENT_OFFICE,,K.R.Nagar -571602,AO,,8277933120,8277933120,K.R.Nagar -571602,571602,VERIFIED_FROM_OFFICIAL_SOURCE,43,4531,"O/o Assistant Director of Agriculture,K.R.Nagar,Mysuru District | AO | K.R.Nagar -571602 | 8277933120"
KA_MYSURU_K_R_NAGAR_4536,Karnataka,Mysuru,K R Nagar,,DEPARTMENT_OFFICE,,K.R.Nagar -571602,ADA,,8277933121,8277933121,K.R.Nagar -571602,571602,VERIFIED_FROM_OFFICIAL_SOURCE,44,4536,"O/o Assistant Director of Agriculture,K.R.Nagar,Mysuru District | ADA | K.R.Nagar -571602 | 8277933121"
KA_MYSURU_HUNSUR_4541,Karnataka,Mysuru,Hunsur,,DEPARTMENT_OFFICE,,Hunsur-571105,ADA,,8277933127,8277933127,Hunsur-571105,571105,VERIFIED_FROM_OFFICIAL_SOURCE,45,4541,"o/o Assistant director of Agriculture, Hunsur, Mysuru District | ADA | Hunsur-571105 | 8277933127"
KA_MYSURU_HUNSUR_4546,Karnataka,Mysuru,Hunsur,,DEPARTMENT_OFFICE,,Hunsur-571106,AO,,8277933143,8277933143,Hunsur-571106,571106,VERIFIED_FROM_OFFICIAL_SOURCE,46,4546,"o/o Assistant director of Agriculture, Hunsur, Mysuru District | AO | Hunsur-571106 | 8277933143"
KA_MYSURU_HUNSUR_4551,Karnataka,Mysuru,Hunsur,,DEPARTMENT_OFFICE,,Hunsur-571107,AO,,8277933138,8277933138,Hunsur-571107,571107,VERIFIED_FROM_OFFICIAL_SOURCE,47,4551,"o/o Assistant director of Agriculture, Hunsur, Mysuru District | AO | Hunsur-571107 | 8277933138"
KA_MYSURU_HUNSUR_4556,Karnataka,Mysuru,Hunsur,,DEPARTMENT_OFFICE,,Hunsur-571108,AO,,8277933160,8277933160,Hunsur-571108,571108,VERIFIED_FROM_OFFICIAL_SOURCE,48,4556,"o/o Assistant director of Agriculture, Hunsur, Mysuru District | AO | Hunsur-571108 | 8277933160"
KA_MYSURU_HUNSUR_4561,Karnataka,Mysuru,Hunsur,,DEPARTMENT_OFFICE,,Hunsur-571109,AO,,8277933134,8277933134,Hunsur-571109,571109,VERIFIED_FROM_OFFICIAL_SOURCE,49,4561,"o/o Assistant director of Agriculture, Hunsur, Mysuru District | AO | Hunsur-571109 | 8277933134"
KA_MYSURU_HUNSUR_4566,Karnataka,Mysuru,Hunsur,,DEPARTMENT_OFFICE,,Hunsur-571110,AO,,8277933135,8277933135,Hunsur-571110,571110,VERIFIED_FROM_OFFICIAL_SOURCE,50,4566,"o/o Assistant director of Agriculture, Hunsur, Mysuru District | AO | Hunsur-571110 | 8277933135"
KA_MYSURU_PERIYAPATNA_4571,Karnataka,Mysuru,Periyapatna,,DEPARTMENT_OFFICE,,Periyapatna - 571107,ADA Incharge,,8277933185,8277933185,Periyapatna - 571107,571107,VERIFIED_FROM_OFFICIAL_SOURCE,51,4571,"O/o Assistant Director of Agriculture,Periyapatna,Mysuru District | ADA Incharge | Periyapatna - 571107 | 8277933185"
KA_MYSURU_PERIYAPATNA_4576,Karnataka,Mysuru,Periyapatna,,DEPARTMENT_OFFICE,,Periyapatna - 571107,AO,,8277933159,8277933159,Periyapatna - 571107,571107,VERIFIED_FROM_OFFICIAL_SOURCE,52,4576,"O/o Assistant Director of Agriculture,Periyapatna,Mysuru District | AO | Periyapatna - 571107 | 8277933159"
KA_MYSURU_PERIYAPATNA_4581,Karnataka,Mysuru,Periyapatna,,DEPARTMENT_OFFICE,,Bettadhapura - 571102,AO,,8277933187,8277933187,Bettadhapura - 571102,571102,VERIFIED_FROM_OFFICIAL_SOURCE,53,4581,"O/o Assistant Director of Agriculture,Periyapatna,Mysuru District | AO | Bettadhapura - 571102 | 8277933187"
KA_MYSURU_PERIYAPATNA_4586,Karnataka,Mysuru,Periyapatna,,DEPARTMENT_OFFICE,,Periyapatna - 571107,AO,,8277933188,8277933188,Periyapatna - 571107,571107,VERIFIED_FROM_OFFICIAL_SOURCE,54,4586,"O/o Assistant Director of Agriculture,Periyapatna,Mysuru District | AO | Periyapatna - 571107 | 8277933188"
KA_MYSURU_PERIYAPATNA_4591,Karnataka,Mysuru,Periyapatna,,DEPARTMENT_OFFICE,,Ravandur - 571108,AO,,8277933192,8277933192,Ravandur - 571108,571108,VERIFIED_FROM_OFFICIAL_SOURCE,55,4591,"O/o Assistant Director of Agriculture,Periyapatna,Mysuru District | AO | Ravandur - 571108 | 8277933192"
KA_MYSURU_HEGGADADEVANKOTE_4596,Karnataka,Mysuru,Heggadadevankote,,DEPARTMENT_OFFICE,,ADA Office H.D.Kote 571114,ADA,,8277933117,8277933117,ADA Office H.D.Kote 571114,571114,VERIFIED_FROM_OFFICIAL_SOURCE,56,4596,O/o Assistant Director Of Agriculture Heggadadevanakote Mysore District | ADA | ADA Office H.D.Kote 571114 | 8277933117
KA_MYSURU_HEGGADADEVANKOTE_4601,Karnataka,Mysuru,Heggadadevankote,,DEPARTMENT_OFFICE,,ADA Office H.D.Kote 571115,AO (NG),,8277933176,8277933176,ADA Office H.D.Kote 571115,571115,VERIFIED_FROM_OFFICIAL_SOURCE,57,4601,O/o Assistant Director Of Agriculture Heggadadevanakote Mysore District | AO (NG) | ADA Office H.D.Kote 571115 | 8277933176
KA_RAMANAGARA_RAMANAGARA_4611,Karnataka,Ramanagara,Ramanagara,,DEPARTMENT_OFFICE,,"JDA Office, Bengaluru South, Ramanagara",JDA,,8277932400,8277932400,"JDA Office, Bengaluru South, Ramanagara",,VERIFIED_FROM_OFFICIAL_SOURCE,1,4611,"JDA Office, Bengaluru South, Ramanagara | JDA | 8277932400"
KA_RAMANAGARA_RAMANAGARA_4615,Karnataka,Ramanagara,Ramanagara,,DEPARTMENT_OFFICE,,"DDA Office, Bengaluru South, Ramanagara",DDA,,8277932401,8277932401,"DDA Office, Bengaluru South, Ramanagara",,VERIFIED_FROM_OFFICIAL_SOURCE,2,4615,"DDA Office, Bengaluru South, Ramanagara | DDA | 8277932401"
KA_RAMANAGARA_CHANNAPATNA_4619,Karnataka,Ramanagara,Channapatna,,DEPARTMENT_OFFICE,,"ADA office, Channapatna",ADA,,8277932403,8277932403,"ADA office, Channapatna",,VERIFIED_FROM_OFFICIAL_SOURCE,3,4619,"ADA office, Channapatna | ADA | 8277932403"
KA_RAMANAGARA_CHANNAPATNA_4623,Karnataka,Ramanagara,Channapatna,,DEPARTMENT_OFFICE,,"ADA Office, Channapatna",AO,,8277932459,8277932459,"ADA Office, Channapatna",,VERIFIED_FROM_OFFICIAL_SOURCE,4,4623,"ADA Office, Channapatna | AO | 8277932459"
KA_RAMANAGARA_RAMANAGARA_4627,Karnataka,Ramanagara,Ramanagara,,DEPARTMENT_OFFICE,,"ADA Office, Ramanagara",ADA,,8277932404,8277932404,"ADA Office, Ramanagara",,VERIFIED_FROM_OFFICIAL_SOURCE,5,4627,"ADA Office, Ramanagara | ADA | 8277932404"
KA_RAMANAGARA_MAGADI_4631,Karnataka,Ramanagara,Magadi,,DEPARTMENT_OFFICE,,"ADA Office, Magadi",ADA,,8277932408,8277932408,"ADA Office, Magadi",,VERIFIED_FROM_OFFICIAL_SOURCE,6,4631,"ADA Office, Magadi | ADA | 8277932408"
KA_RAMANAGARA_MAGADI_4635,Karnataka,Ramanagara,Magadi,,DEPARTMENT_OFFICE,,"JDA Office, Ramangara",ADA (SMS),,8277932409,8277932409,"JDA Office, Ramangara",,VERIFIED_FROM_OFFICIAL_SOURCE,7,4635,"JDA Office, Ramangara | ADA (SMS) | 8277932409"
KA_RAMANAGARA_MAGADI_4639,Karnataka,Ramanagara,Magadi,,DEPARTMENT_OFFICE,,"JDA Office, Ramanagara",ADA(HQ),,8277932419,8277932419,"JDA Office, Ramanagara",,VERIFIED_FROM_OFFICIAL_SOURCE,8,4639,"JDA Office, Ramanagara | ADA(HQ) | 8277932419"
KA_RAMANAGARA_RAMANAGARA_4643,Karnataka,Ramanagara,Ramanagara,,DEPARTMENT_OFFICE,,"ADA Office, Ramanagara",AO,,8277932430,8277932430,"ADA Office, Ramanagara",,VERIFIED_FROM_OFFICIAL_SOURCE,9,4643,"ADA Office, Ramanagara | AO | 8277932430"
KA_RAMANAGARA_RAMANAGARA_4647,Karnataka,Ramanagara,Ramanagara,,DEPARTMENT_OFFICE,,"JDA Office, Ramanagara",ADA(FW),,8277932437,8277932437,"JDA Office, Ramanagara",,VERIFIED_FROM_OFFICIAL_SOURCE,10,4647,"JDA Office, Ramanagara | ADA(FW) | 8277932437"
KA_RAMANAGARA_RAMANAGARA_4651,Karnataka,Ramanagara,Ramanagara,,DEPARTMENT_OFFICE,,"JDA Office, Ramanagara",ADA(VIG),,8277932445,8277932445,"JDA Office, Ramanagara",,VERIFIED_FROM_OFFICIAL_SOURCE,11,4651,"JDA Office, Ramanagara | ADA(VIG) | 8277932445"
KA_RAMANAGARA_RAMANAGARA_4655,Karnataka,Ramanagara,Ramanagara,,DEPARTMENT_OFFICE,,"DDA Office, Ramanagara",TO-1,,8277932447,8277932447,"DDA Office, Ramanagara",,VERIFIED_FROM_OFFICIAL_SOURCE,12,4655,"DDA Office, Ramanagara | TO-1 | 8277932447"
KA_RAMANAGARA_MAGADI_4659,Karnataka,Ramanagara,Magadi,,DEPARTMENT_OFFICE,,"ADA Office, Magadi",AO,,8277932454,8277932454,"ADA Office, Magadi",,VERIFIED_FROM_OFFICIAL_SOURCE,13,4659,"ADA Office, Magadi | AO | 8277932454"
KA_RAMANAGARA_RAMANAGARA_4663,Karnataka,Ramanagara,Ramanagara,,DEPARTMENT_OFFICE,,"ADA Office, Ramanagara",AO,,8277932431,8277932431,"ADA Office, Ramanagara",,VERIFIED_FROM_OFFICIAL_SOURCE,14,4663,"ADA Office, Ramanagara | AO | 8277932431"
KA_RAMANAGARA_KANAKAPURA_4667,Karnataka,Ramanagara,Kanakapura,,DEPARTMENT_OFFICE,,"ADA Office, Kanakapura",AO,,8277932461,8277932461,"ADA Office, Kanakapura",,VERIFIED_FROM_OFFICIAL_SOURCE,15,4667,"ADA Office, Kanakapura | AO | 8277932461"
KA_RAMANAGARA_KANAKAPURA_4671,Karnataka,Ramanagara,Kanakapura,,DEPARTMENT_OFFICE,,"ADA Office, Kanakapura",ADA,,8277932446,8277932446,"ADA Office, Kanakapura",,VERIFIED_FROM_OFFICIAL_SOURCE,16,4671,"ADA Office, Kanakapura | ADA | 8277932446"
KA_RAMANAGARA_MAGADI_4675,Karnataka,Ramanagara,Magadi,,DEPARTMENT_OFFICE,,"ADA Office, Magadi",AO,,8277932410,8277932410,"ADA Office, Magadi",,VERIFIED_FROM_OFFICIAL_SOURCE,17,4675,"ADA Office, Magadi | AO | 8277932410"
KA_RAMANAGARA_KANAKAPURA_4679,Karnataka,Ramanagara,Kanakapura,,DEPARTMENT_OFFICE,,"ADA Office, Kanakapura",AO,,8277932457,8277932457,"ADA Office, Kanakapura",,VERIFIED_FROM_OFFICIAL_SOURCE,18,4679,"ADA Office, Kanakapura | AO | 8277932457"
KA_RAMANAGARA_KANAKAPURA_4683,Karnataka,Ramanagara,Kanakapura,,DEPARTMENT_OFFICE,,"JDA Office, RamanAgara",ADA(HQ),,8884002812,8884002812,"JDA Office, RamanAgara",,VERIFIED_FROM_OFFICIAL_SOURCE,19,4683,"JDA Office, RamanAgara | ADA(HQ) | 8884002812"
KA_RAMANAGARA_KANAKAPURA_4687,Karnataka,Ramanagara,Kanakapura,,DEPARTMENT_OFFICE,,"ADA Office, Kanakapura",AO,,8277932454,8277932454,"ADA Office, Kanakapura",,VERIFIED_FROM_OFFICIAL_SOURCE,20,4687,"ADA Office, Kanakapura | AO | 8277932454"
KA_RAMANAGARA_RAMANAGARA_4691,Karnataka,Ramanagara,Ramanagara,,DEPARTMENT_OFFICE,,"ADA Office, Ramanagara",AO,,8277932439,8277932439,"ADA Office, Ramanagara",,VERIFIED_FROM_OFFICIAL_SOURCE,21,4691,"ADA Office, Ramanagara | AO | 8277932439"
KA_RAICHUR_RAICHUR_4700,Karnataka,Raichur,Raichur,,DEPARTMENT_OFFICE,,"JDA office,Raichur",Joint Director Of Agriculture,,8277932300,8277932300,"JDA office,Raichur",,VERIFIED_FROM_OFFICIAL_SOURCE,1,4700,"JDA office,Raichur | Joint Director Of Agriculture | 8277932300"
KA_RAICHUR_RAICHUR_4704,Karnataka,Raichur,Raichur,,DEPARTMENT_OFFICE,,"JDA office,Raichur","ADA, Vigilance JDA Offc raichur",,8884007526,8884007526,"JDA office,Raichur",,VERIFIED_FROM_OFFICIAL_SOURCE,2,4704,"ADA, Vigilance JDA Offc raichur | 8884007526"
KA_RAICHUR_RAICHUR_4707,Karnataka,Raichur,Raichur,,DEPARTMENT_OFFICE,,"JDA office,Raichur","ADA, Vigilance JDA Offc raichur",,9071458958,9071458958,"JDA office,Raichur",,VERIFIED_FROM_OFFICIAL_SOURCE,3,4707,"ADA, Vigilance JDA Offc raichur | 9071458958"
KA_RAICHUR_RAICHUR_4710,Karnataka,Raichur,Raichur,,DEPARTMENT_OFFICE,,"JDA office,Raichur","ADA SMS, JDA Offc raichur",,9071458977,9071458977,"JDA office,Raichur",,VERIFIED_FROM_OFFICIAL_SOURCE,4,4710,"ADA SMS, JDA Offc raichur | 9071458977"
KA_RAICHUR_RAICHUR_4713,Karnataka,Raichur,Raichur,,DEPARTMENT_OFFICE,,"JDA office,Raichur","AO- Tech, JDA offc Raichur",,8277932363,8277932363,"JDA office,Raichur",,VERIFIED_FROM_OFFICIAL_SOURCE,5,4713,"AO- Tech, JDA offc Raichur | 8277932363"
KA_RAICHUR_RAICHUR_4716,Karnataka,Raichur,Raichur,,DEPARTMENT_OFFICE,,"JDA office,Raichur","AO- Tech, JDA offc Raichur",,8277929700,8277929700,"JDA office,Raichur",,VERIFIED_FROM_OFFICIAL_SOURCE,6,4716,"AO- Tech, JDA offc Raichur | 8277929700"
KA_RAICHUR_RAICHUR_4719,Karnataka,Raichur,Raichur,,DEPARTMENT_OFFICE,,"DDA-1 office,Raichur",DDA-1,,8884007421,8884007421,"DDA-1 office,Raichur",,VERIFIED_FROM_OFFICIAL_SOURCE,1,4719,"DDA-1 office,Raichur | DDA-1 | 8884007421"
KA_RAICHUR_RAICHUR_4723,Karnataka,Raichur,Raichur,,DEPARTMENT_OFFICE,,"DDA-1 office,Raichur",Agriculture Officer,,8277932318,8277932318,"DDA-1 office,Raichur",,VERIFIED_FROM_OFFICIAL_SOURCE,2,4723,Agriculture Officer | 8277932318
KA_RAICHUR_RAICHUR_4726,Karnataka,Raichur,Raichur,,DEPARTMENT_OFFICE,,"DDA-2,Office Lingasugur",DDA-2 Lingasugur,,8277932302,8277932302,"DDA-2,Office Lingasugur",,VERIFIED_FROM_OFFICIAL_SOURCE,1,4726,"DDA-2,Office Lingasugur | DDA-2 Lingasugur | 8277932302"
KA_RAICHUR_RAICHUR_4730,Karnataka,Raichur,Raichur,,DEPARTMENT_OFFICE,,"DDA-2,Office Lingasugur","AO, DDA-2 Linagasugur",,8277929701,8277929701,"DDA-2,Office Lingasugur",,VERIFIED_FROM_OFFICIAL_SOURCE,2,4730,"AO, DDA-2 Linagasugur | 8277929701"
KA_RAICHUR_RAICHUR_4733,Karnataka,Raichur,Raichur,,DEPARTMENT_OFFICE,,"DDA-2,Office Lingasugur","AO, DDA-2 Linagasugur",,9071458957,9071458957,"DDA-2,Office Lingasugur",,VERIFIED_FROM_OFFICIAL_SOURCE,3,4733,"AO, DDA-2 Linagasugur | 9071458957"
KA_RAICHUR_MANVI_4736,Karnataka,Raichur,MANVI,,DEPARTMENT_OFFICE,,"ADA OFFICE, MANVI",ADA,,8277932367,8277932367,"ADA OFFICE, MANVI",,VERIFIED_FROM_OFFICIAL_SOURCE,1,4736,"ADA OFFICE, MANVI | ADA | 8277932367"
KA_RAICHUR_MANVI_4740,Karnataka,Raichur,MANVI,,DEPARTMENT_OFFICE,,"ADA OFFICE, MANVI",AO (Tech-1),,8277932368,8277932368,"ADA OFFICE, MANVI",,VERIFIED_FROM_OFFICIAL_SOURCE,2,4740,AO (Tech-1) | 8277932368
KA_RAICHUR_MANVI_4743,Karnataka,Raichur,MANVI,,DEPARTMENT_OFFICE,,"ADA OFFICE, MANVI",AO (Tech-2),,8277932371,8277932371,"ADA OFFICE, MANVI",,VERIFIED_FROM_OFFICIAL_SOURCE,3,4743,AO (Tech-2) | 8277932371
KA_RAICHUR_MANVI_4746,Karnataka,Raichur,MANVI,,RSK,Manvi,RSK Manvi,AO RSK Manvi,,8277929739,8277929739,"ADA OFFICE, MANVI",,VERIFIED_FROM_OFFICIAL_SOURCE,4,4746,AO RSK Manvi | 8277929739
KA_RAICHUR_MANVI_4749,Karnataka,Raichur,MANVI,,RSK,Kurdi,RSK Kurdi,AO RSK Kurdi,,8277932377,8277932377,"ADA OFFICE, MANVI",,VERIFIED_FROM_OFFICIAL_SOURCE,5,4749,AO RSK Kurdi | 8277932377
KA_RAICHUR_MANVI_4752,Karnataka,Raichur,MANVI,,RSK,Kalluru,RSK Kalluru,AO RSK Kalluru,,8884007453,8884007453,"ADA OFFICE, MANVI",,VERIFIED_FROM_OFFICIAL_SOURCE,6,4752,AO RSK Kalluru | 8884007453
KA_RAICHUR_MANVI_4755,Karnataka,Raichur,MANVI,,RSK,Sirwar,RSK Sirwar,AO RSK Sirwar,,8884007468,8884007468,"ADA OFFICE, MANVI",,VERIFIED_FROM_OFFICIAL_SOURCE,7,4755,AO RSK Sirwar | 8884007468
KA_RAICHUR_MANVI_4758,Karnataka,Raichur,MANVI,,RSK,kavithal,RSK kavithal,AO RSK kavithal,,8884007558,8884007558,"ADA OFFICE, MANVI",,VERIFIED_FROM_OFFICIAL_SOURCE,8,4758,AO RSK kavithal | 8884007558
KA_RAICHUR_MANVI_4761,Karnataka,Raichur,MANVI,,RSK,Mallat,RSK Mallat,AO RSK Mallat & Halapur,,8277932376,8277932376,"ADA OFFICE, MANVI",,VERIFIED_FROM_OFFICIAL_SOURCE,9,4761,AO RSK Mallat & Halapur | 8277932376
KA_RAICHUR_MANVI_4764,Karnataka,Raichur,MANVI,,RSK,Hirekotnekal,RSK Hirekotnekal,AO RSK Hirekotnekal,,8277929733,8277929733,"ADA OFFICE, MANVI",,VERIFIED_FROM_OFFICIAL_SOURCE,10,4764,AO RSK Hirekotnekal | 8277929733
KA_RAICHUR_MANVI_4767,Karnataka,Raichur,MANVI,,RSK,Paman Kallur,RSK Paman Kallur,AO RSK Paman Kallur,,8277932330,8277932330,"ADA OFFICE, MANVI",,VERIFIED_FROM_OFFICIAL_SOURCE,11,4767,AO RSK Paman Kallur | 8277932330
KA_RAICHUR_DEVADURGA_4770,Karnataka,Raichur,Devadurga,,DEPARTMENT_OFFICE,,"ADA Office,Devadurga","ADA, ADA Devadurga",,9071458976,9071458976,"ADA Office,Devadurga",,VERIFIED_FROM_OFFICIAL_SOURCE,1,4770,"ADA Office,Devadurga | ADA, ADA Devadurga | 9071458976"
KA_RAICHUR_DEVADURGA_4774,Karnataka,Raichur,Devadurga,,DEPARTMENT_OFFICE,,"ADA Office,Devadurga",TO-1 ADA Devadurga,,9071458975,9071458975,"ADA Office,Devadurga",,VERIFIED_FROM_OFFICIAL_SOURCE,2,4774,TO-1 ADA Devadurga | 9071458975
KA_RAICHUR_DEVADURGA_4777,Karnataka,Raichur,Devadurga,,DEPARTMENT_OFFICE,,"ADA Office,Devadurga",TO-2 ADA Devadurga,,9071458974,9071458974,"ADA Office,Devadurga",,VERIFIED_FROM_OFFICIAL_SOURCE,3,4777,TO-2 ADA Devadurga | 9071458974
KA_RAICHUR_DEVADURGA_4780,Karnataka,Raichur,Devadurga,,RSK,Devadurga,RSK Devadurga,AO RSK Devadurga,,9071458970,9071458970,"ADA Office,Devadurga",,VERIFIED_FROM_OFFICIAL_SOURCE,4,4780,AO RSK Devadurga | 9071458970
KA_RAICHUR_DEVADURGA_4783,Karnataka,Raichur,Devadurga,,RSK,Gabburu,RSK Gabburu,AO-1 RSK Gabburu,,9071458973,9071458973,"ADA Office,Devadurga",,VERIFIED_FROM_OFFICIAL_SOURCE,5,4783,AO-1 RSK Gabburu | 9071458973
KA_RAICHUR_DEVADURGA_4786,Karnataka,Raichur,Devadurga,,RSK,Gabburu,RSK Gabburu,AO-2 RSK Gabburu,,9071458972,9071458972,"ADA Office,Devadurga",,VERIFIED_FROM_OFFICIAL_SOURCE,6,4786,AO-2 RSK Gabburu | 9071458972
KA_RAICHUR_DEVADURGA_4789,Karnataka,Raichur,Devadurga,,RSK,Arakera,RSK Arakera,AO RSK Arakera,,9071458971,9071458971,"ADA Office,Devadurga",,VERIFIED_FROM_OFFICIAL_SOURCE,7,4789,AO RSK Arakera | 9071458971
KA_RAICHUR_DEVADURGA_4792,Karnataka,Raichur,Devadurga,,RSK,Jalahalli,RSK Jalahalli,AO RSK Jalahalli,,9071458968,9071458968,"ADA Office,Devadurga",,VERIFIED_FROM_OFFICIAL_SOURCE,8,4792,AO RSK Jalahalli | 9071458968
KA_RAICHUR_LINGASUGUR_4795,Karnataka,Raichur,Lingasugur,,DEPARTMENT_OFFICE,,"ADA Office,Lingasugur",ADA Lingasugur,,8277932304,8277932304,"ADA Office,Lingasugur",,VERIFIED_FROM_OFFICIAL_SOURCE,1,4795,"ADA Office,Lingasugur | ADA Lingasugur | 8277932304"
KA_RAICHUR_LINGASUGUR_4799,Karnataka,Raichur,Lingasugur,,DEPARTMENT_OFFICE,,"ADA Office,Lingasugur",Tech-1 ADA Lingasugur,,9071458953,9071458953,"ADA Office,Lingasugur",,VERIFIED_FROM_OFFICIAL_SOURCE,2,4799,Tech-1 ADA Lingasugur | 9071458953
KA_RAICHUR_LINGASUGUR_4802,Karnataka,Raichur,Lingasugur,,DEPARTMENT_OFFICE,,"ADA Office,Lingasugur",Tech-2 ADA Lingasugur,,8277932312,8277932312,"ADA Office,Lingasugur",,VERIFIED_FROM_OFFICIAL_SOURCE,3,4802,Tech-2 ADA Lingasugur | 8277932312
KA_RAICHUR_LINGASUGUR_4805,Karnataka,Raichur,Lingasugur,,RSK,Lingasugur,RSK Lingasugur,AO-1 RSK Lingasugur,,8277932306,8277932306,"ADA Office,Lingasugur",,VERIFIED_FROM_OFFICIAL_SOURCE,4,4805,AO-1 RSK Lingasugur | 8277932306
KA_RAICHUR_LINGASUGUR_4808,Karnataka,Raichur,Lingasugur,,RSK,Mudgal,RSK Mudgal,AO-1 RSK Mudgal,,9071458955,9071458955,"ADA Office,Lingasugur",,VERIFIED_FROM_OFFICIAL_SOURCE,5,4808,AO-1 RSK Mudgal | 9071458955
KA_RAICHUR_LINGASUGUR_4811,Karnataka,Raichur,Lingasugur,,RSK,Mudgal,RSK Mudgal,AO-2 RSK Mudgal,,8277929702,8277929702,"ADA Office,Lingasugur",,VERIFIED_FROM_OFFICIAL_SOURCE,6,4811,AO-2 RSK Mudgal | 8277929702
KA_RAICHUR_LINGASUGUR_4814,Karnataka,Raichur,Lingasugur,,RSK,Gurgunta,RSK Gurgunta,AO-1 RSK Gurgunta,,9071458956,9071458956,"ADA Office,Lingasugur",,VERIFIED_FROM_OFFICIAL_SOURCE,7,4814,AO-1 RSK Gurgunta | 9071458956
KA_RAICHUR_LINGASUGUR_4817,Karnataka,Raichur,Lingasugur,,RSK,Gurgunta,RSK Gurgunta,AO-2 RSK Gurgunta,,8277929703,8277929703,"ADA Office,Lingasugur",,VERIFIED_FROM_OFFICIAL_SOURCE,8,4817,AO-2 RSK Gurgunta | 8277929703
KA_RAICHUR_LINGASUGUR_4820,Karnataka,Raichur,Lingasugur,,RSK,Maski,RSK Maski,AO-1 RSK Maski,,8277932314,8277932314,"ADA Office,Lingasugur",,VERIFIED_FROM_OFFICIAL_SOURCE,9,4820,AO-1 RSK Maski | 8277932314
KA_RAICHUR_RAICHUR_4823,Karnataka,Raichur,Raichur,,DEPARTMENT_OFFICE,,ADA Office Raichur,ADA Raichur,,8277932349,8277932349,ADA Office Raichur,,VERIFIED_FROM_OFFICIAL_SOURCE,1,4823,ADA Office Raichur | ADA Raichur | 8277932349
KA_RAICHUR_RAICHUR_4827,Karnataka,Raichur,Raichur,,DEPARTMENT_OFFICE,,ADA Office Raichur,Tec-1 ADA Office Raichur,,8277929731,8277929731,ADA Office Raichur,,VERIFIED_FROM_OFFICIAL_SOURCE,2,4827,Tec-1 ADA Office Raichur | 8277929731
KA_RAICHUR_RAICHUR_4830,Karnataka,Raichur,Raichur,,RSK,Kalmala,RSK Kalmala,AO RSK Kalmala,,8277932365,8277932365,ADA Office Raichur,,VERIFIED_FROM_OFFICIAL_SOURCE,3,4830,AO RSK Kalmala | 8277932365
KA_RAICHUR_RAICHUR_4833,Karnataka,Raichur,Raichur,,RSK,Devasuguru,RSK Devasuguru,AO RSK Devasuguru,,8277922352,8277922352,ADA Office Raichur,,VERIFIED_FROM_OFFICIAL_SOURCE,4,4833,AO RSK Devasuguru | 8277922352
KA_RAICHUR_RAICHUR_4836,Karnataka,Raichur,Raichur,,RSK,Kalmala,RSK Kalmala,AO RSK Kalmala,,8277932366,8277932366,ADA Office Raichur,,VERIFIED_FROM_OFFICIAL_SOURCE,5,4836,AO RSK Kalmala | 8277932366
KA_RAICHUR_RAICHUR_4839,Karnataka,Raichur,Raichur,,RSK,Gillesuguru,RSK Gillesuguru,AO RSK Gillesuguru,,8277932354,8277932354,ADA Office Raichur,,VERIFIED_FROM_OFFICIAL_SOURCE,6,4839,AO RSK Gillesuguru | 8277932354
KA_RAICHUR_RAICHUR_4842,Karnataka,Raichur,Raichur,,RSK,Chandrabanda,RSK Chandrabanda,AO RSK Chandrabanda,,8277929728,8277929728,ADA Office Raichur,,VERIFIED_FROM_OFFICIAL_SOURCE,7,4842,AO RSK Chandrabanda | 8277929728
KA_RAICHUR_RAICHUR_4845,Karnataka,Raichur,Raichur,,RSK,Yeragera,RSK Yeragera,AO RSK Yeragera,,8277932362,8277932362,ADA Office Raichur,,VERIFIED_FROM_OFFICIAL_SOURCE,8,4845,AO RSK Yeragera | 8277932362
KA_RAICHUR_RAICHUR_4848,Karnataka,Raichur,Raichur,,RSK,Chandrabanda,RSK Chandrabanda,AAO RSK Chandrabanda,,8277932357,8277932357,ADA Office Raichur,,VERIFIED_FROM_OFFICIAL_SOURCE,9,4848,AAO RSK Chandrabanda | 8277932357
KA_RAICHUR_RAICHUR_4851,Karnataka,Raichur,Raichur,,RSK,Yeragera,RSK Yeragera,AAO RSK Yeragera,,9071458969,9071458969,ADA Office Raichur,,VERIFIED_FROM_OFFICIAL_SOURCE,10,4851,AAO RSK Yeragera | 9071458969
KA_RAICHUR_RAICHUR_4854,Karnataka,Raichur,Raichur,,RSK,Raichur,RSK Raichur,AAO RSK Raichur,,8277932355,8277932355,ADA Office Raichur,,VERIFIED_FROM_OFFICIAL_SOURCE,11,4854,AAO RSK Raichur | 8277932355
KA_SHIVAMOGGA_SHIVAMOGGA_4862,Karnataka,Shivamogga,Shivamogga,,DEPARTMENT_OFFICE,,"JOINT DIRECTOR OF AGRICULTURE OFFICE , SHIVAMOGGA",Joint Dirctor of Agriculture,,8277932600,8277932600,"JOINT DIRECTOR OF AGRICULTURE OFFICE , SHIVAMOGGA",,VERIFIED_FROM_OFFICIAL_SOURCE,1,4862,"JOINT DIRECTOR OF AGRICULTURE OFFICE , SHIVAMOGGA | Joint Dirctor of Agriculture | 8277932600"
KA_SHIVAMOGGA_SHIVAMOGGA_4866,Karnataka,Shivamogga,Shivamogga,,DEPARTMENT_OFFICE,,"JOINT DIRECTOR OF AGRICULTURE OFFICE , SHIVAMOGGA",Assistant Director Of Agriculture,,8277935636,8277935636,"JOINT DIRECTOR OF AGRICULTURE OFFICE , SHIVAMOGGA",,VERIFIED_FROM_OFFICIAL_SOURCE,2,4866,Assistant Director Of Agriculture | 8277935636
KA_SHIVAMOGGA_SHIVAMOGGA_4869,Karnataka,Shivamogga,Shivamogga,,DEPARTMENT_OFFICE,,"JOINT DIRECTOR OF AGRICULTURE OFFICE , SHIVAMOGGA",Assistant Director Of Agriculture(M&E),,8277932643,8277932643,"JOINT DIRECTOR OF AGRICULTURE OFFICE , SHIVAMOGGA",,VERIFIED_FROM_OFFICIAL_SOURCE,3,4869,Assistant Director Of Agriculture(M&E) | 8277932643
KA_SHIVAMOGGA_SHIVAMOGGA_4872,Karnataka,Shivamogga,Shivamogga,,DEPARTMENT_OFFICE,,"JOINT DIRECTOR OF AGRICULTURE OFFICE , SHIVAMOGGA",Assistant Director Of Agriculture(SMS),,8277932604,8277932604,"JOINT DIRECTOR OF AGRICULTURE OFFICE , SHIVAMOGGA",,VERIFIED_FROM_OFFICIAL_SOURCE,4,4872,Assistant Director Of Agriculture(SMS) | 8277932604
KA_SHIVAMOGGA_SHIVAMOGGA_4875,Karnataka,Shivamogga,Shivamogga,,DEPARTMENT_OFFICE,,"JOINT DIRECTOR OF AGRICULTURE OFFICE , SHIVAMOGGA",Assistant Director Of Agriculture(Vig),,8277932633,8277932633,"JOINT DIRECTOR OF AGRICULTURE OFFICE , SHIVAMOGGA",,VERIFIED_FROM_OFFICIAL_SOURCE,5,4875,Assistant Director Of Agriculture(Vig) | 8277932633
KA_SHIVAMOGGA_SHIVAMOGGA_4878,Karnataka,Shivamogga,Shivamogga,,DEPARTMENT_OFFICE,,"JOINT DIRECTOR OF AGRICULTURE OFFICE , SHIVAMOGGA",Agriculture Officer,,8277932607,8277932607,"JOINT DIRECTOR OF AGRICULTURE OFFICE , SHIVAMOGGA",,VERIFIED_FROM_OFFICIAL_SOURCE,6,4878,Agriculture Officer | 8277932607
KA_SHIVAMOGGA_SHIVAMOGGA_4881,Karnataka,Shivamogga,Shivamogga,,DEPARTMENT_OFFICE,,"JOINT DIRECTOR OF AGRICULTURE OFFICE , SHIVAMOGGA",Agriculture Officer,,8277932606,8277932606,"JOINT DIRECTOR OF AGRICULTURE OFFICE , SHIVAMOGGA",,VERIFIED_FROM_OFFICIAL_SOURCE,7,4881,Agriculture Officer | 8277932606
KA_SHIVAMOGGA_SHIVAMOGGA_4884,Karnataka,Shivamogga,Shivamogga,,DEPARTMENT_OFFICE,,"JOINT DIRECTOR OF AGRICULTURE OFFICE , SHIVAMOGGA",Assistant Director Of Agriculture(FW),,8277935643,8277935643,"JOINT DIRECTOR OF AGRICULTURE OFFICE , SHIVAMOGGA",,VERIFIED_FROM_OFFICIAL_SOURCE,8,4884,Assistant Director Of Agriculture(FW) | 8277935643
KA_SHIVAMOGGA_SHIVAMOGGA_4887,Karnataka,Shivamogga,Shivamogga,,DEPARTMENT_OFFICE,,"JOINT DIRECTOR OF AGRICULTURE OFFICE , SHIVAMOGGA",Agriculture Officer,,8277932608,8277932608,"JOINT DIRECTOR OF AGRICULTURE OFFICE , SHIVAMOGGA",,VERIFIED_FROM_OFFICIAL_SOURCE,9,4887,Agriculture Officer | 8277932608
KA_SHIVAMOGGA_SHIMOGA_4890,Karnataka,Shivamogga,SHIMOGA,,DEPARTMENT_OFFICE,,ADA SHIMOGA,ADA,,8277932618,8277932618,ADA SHIMOGA,,VERIFIED_FROM_OFFICIAL_SOURCE,10,4890,ADA SHIMOGA | ADA | 8277932618
KA_SHIVAMOGGA_SHIMOGA_4894,Karnataka,Shivamogga,SHIMOGA,,DEPARTMENT_OFFICE,,ADA SHIMOGA,AO,,8277932637,8277932637,ADA SHIMOGA,,VERIFIED_FROM_OFFICIAL_SOURCE,11,4894,AO | 8277932637
KA_SHIVAMOGGA_SHIMOGA_4897,Karnataka,Shivamogga,SHIMOGA,,DEPARTMENT_OFFICE,,ADA SHIMOGA,AO,,8277932620,8277932620,ADA SHIMOGA,,VERIFIED_FROM_OFFICIAL_SOURCE,12,4897,AO | 8277932620
KA_SHIVAMOGGA_SHIMOGA_4900,Karnataka,Shivamogga,SHIMOGA,,DEPARTMENT_OFFICE,,ADA SHIMOGA,AO,,8277932647,8277932647,ADA SHIMOGA,,VERIFIED_FROM_OFFICIAL_SOURCE,13,4900,AO | 8277932647
KA_SHIVAMOGGA_SHIMOGA_4903,Karnataka,Shivamogga,SHIMOGA,,DEPARTMENT_OFFICE,,ADA SHIMOGA,AO,,8277932630,8277932630,ADA SHIMOGA,,VERIFIED_FROM_OFFICIAL_SOURCE,14,4903,AO | 8277932630
KA_SHIVAMOGGA_SHIMOGA_4906,Karnataka,Shivamogga,SHIMOGA,,DEPARTMENT_OFFICE,,ADA SHIMOGA,AO,,8277932628,8277932628,ADA SHIMOGA,,VERIFIED_FROM_OFFICIAL_SOURCE,15,4906,AO | 8277932628
KA_SHIVAMOGGA_SHIMOGA_4909,Karnataka,Shivamogga,SHIMOGA,,DEPARTMENT_OFFICE,,ADA SHIMOGA,AO,,8277932622,8277932622,ADA SHIMOGA,,VERIFIED_FROM_OFFICIAL_SOURCE,16,4909,AO | 8277932622
KA_SHIVAMOGGA_SHIMOGA_4912,Karnataka,Shivamogga,SHIMOGA,,DEPARTMENT_OFFICE,,ADA SHIMOGA,AO,,8277932635,8277932635,ADA SHIMOGA,,VERIFIED_FROM_OFFICIAL_SOURCE,17,4912,AO | 8277932635
KA_SHIVAMOGGA_SHIMOGA_4915,Karnataka,Shivamogga,SHIMOGA,,DEPARTMENT_OFFICE,,ADA SHIMOGA,AO,,8277932640,8277932640,ADA SHIMOGA,,VERIFIED_FROM_OFFICIAL_SOURCE,18,4915,AO | 8277932640
KA_SHIVAMOGGA_SHIMOGA_4918,Karnataka,Shivamogga,SHIMOGA,,DEPARTMENT_OFFICE,,ADA SHIMOGA,AO,,8277932631,8277932631,ADA SHIMOGA,,VERIFIED_FROM_OFFICIAL_SOURCE,19,4918,AO | 8277932631
KA_SHIVAMOGGA_SHIMOGA_4921,Karnataka,Shivamogga,SHIMOGA,,DEPARTMENT_OFFICE,,ADA SHIMOGA,AO,,8277932639,8277932639,ADA SHIMOGA,,VERIFIED_FROM_OFFICIAL_SOURCE,20,4921,AO | 8277932639
KA_SHIVAMOGGA_SHIMOGA_4924,Karnataka,Shivamogga,SHIMOGA,,DEPARTMENT_OFFICE,,ADA SHIMOGA,AAO,,8277932638,8277932638,ADA SHIMOGA,,VERIFIED_FROM_OFFICIAL_SOURCE,21,4924,AAO | 8277932638
KA_SHIVAMOGGA_SHIMOGA_4927,Karnataka,Shivamogga,SHIMOGA,,DEPARTMENT_OFFICE,,THIRTHAHALLI/ SHIVAMOGGA,Assistant Director Of Agriculture,,8277932659,8277932659,THIRTHAHALLI/ SHIVAMOGGA,,VERIFIED_FROM_OFFICIAL_SOURCE,22,4927,THIRTHAHALLI/ SHIVAMOGGA | Assistant Director Of Agriculture | 8277932659
KA_SHIVAMOGGA_SHIMOGA_4931,Karnataka,Shivamogga,SHIMOGA,,DEPARTMENT_OFFICE,,THIRTHAHALLI/ SHIVAMOGGA,Agriculture Officer(Technical-1),,8277932660,8277932660,THIRTHAHALLI/ SHIVAMOGGA,,VERIFIED_FROM_OFFICIAL_SOURCE,23,4931,Agriculture Officer(Technical-1) | 8277932660
KA_SHIVAMOGGA_SHIMOGA_4934,Karnataka,Shivamogga,SHIMOGA,,DEPARTMENT_OFFICE,,THIRTHAHALLI/ SHIVAMOGGA,Agriculture Officer(Technical-2),,8277932669,8277932669,THIRTHAHALLI/ SHIVAMOGGA,,VERIFIED_FROM_OFFICIAL_SOURCE,24,4934,Agriculture Officer(Technical-2) | 8277932669
KA_SHIVAMOGGA_SHIMOGA_4937,Karnataka,Shivamogga,SHIMOGA,,DEPARTMENT_OFFICE,,THIRTHAHALLI/ SHIVAMOGGA,Agriculture Officer,,8277932665,8277932665,THIRTHAHALLI/ SHIVAMOGGA,,VERIFIED_FROM_OFFICIAL_SOURCE,25,4937,Agriculture Officer | 8277932665
KA_SHIVAMOGGA_SHIMOGA_4940,Karnataka,Shivamogga,SHIMOGA,,DEPARTMENT_OFFICE,,THIRTHAHALLI/ SHIVAMOGGA,Agriculture Officer,,8277932663,8277932663,THIRTHAHALLI/ SHIVAMOGGA,,VERIFIED_FROM_OFFICIAL_SOURCE,26,4940,Agriculture Officer | 8277932663
KA_SHIVAMOGGA_SHIMOGA_4943,Karnataka,Shivamogga,SHIMOGA,,DEPARTMENT_OFFICE,,THIRTHAHALLI/ SHIVAMOGGA,Agriculture Officer,,8277932671,8277932671,THIRTHAHALLI/ SHIVAMOGGA,,VERIFIED_FROM_OFFICIAL_SOURCE,27,4943,Agriculture Officer | 8277932671
KA_SHIVAMOGGA_SHIMOGA_4946,Karnataka,Shivamogga,SHIMOGA,,DEPARTMENT_OFFICE,,THIRTHAHALLI/ SHIVAMOGGA,Agriculture Officer,,8277932667,8277932667,THIRTHAHALLI/ SHIVAMOGGA,,VERIFIED_FROM_OFFICIAL_SOURCE,28,4946,Agriculture Officer | 8277932667
KA_SHIVAMOGGA_SHIMOGA_4949,Karnataka,Shivamogga,SHIMOGA,,DEPARTMENT_OFFICE,,"Bhadravathi, Shivamogga",Assistant Director of Agriculture,,8277932648,8277932648,"Bhadravathi, Shivamogga",,VERIFIED_FROM_OFFICIAL_SOURCE,29,4949,"Bhadravathi, Shivamogga | Assistant Director of Agriculture | 8277932648"
KA_SHIVAMOGGA_SHIMOGA_4953,Karnataka,Shivamogga,SHIMOGA,,DEPARTMENT_OFFICE,,"Bhadravathi, Shivamogga",Agriculture Officer(Technical-1),,8277932649,8277932649,"Bhadravathi, Shivamogga",,VERIFIED_FROM_OFFICIAL_SOURCE,30,4953,Agriculture Officer(Technical-1) | 8277932649
KA_SHIVAMOGGA_SHIMOGA_4956,Karnataka,Shivamogga,SHIMOGA,,DEPARTMENT_OFFICE,,"Bhadravathi, Shivamogga",Agriculture Officer(Technical-2),,8277932654,8277932654,"Bhadravathi, Shivamogga",,VERIFIED_FROM_OFFICIAL_SOURCE,31,4956,Agriculture Officer(Technical-2) | 8277932654
KA_SHIVAMOGGA_SHIMOGA_4959,Karnataka,Shivamogga,SHIMOGA,,DEPARTMENT_OFFICE,,"Bhadravathi, Shivamogga",Agriculture Officer,,8277932658,8277932658,"Bhadravathi, Shivamogga",,VERIFIED_FROM_OFFICIAL_SOURCE,32,4959,Agriculture Officer | 8277932658
KA_SHIVAMOGGA_SHIMOGA_4962,Karnataka,Shivamogga,SHIMOGA,,DEPARTMENT_OFFICE,,"Bhadravathi, Shivamogga",Agriculture Officer,,8277932641,8277932641,"Bhadravathi, Shivamogga",,VERIFIED_FROM_OFFICIAL_SOURCE,33,4962,Agriculture Officer | 8277932641
KA_SHIVAMOGGA_SHIMOGA_4965,Karnataka,Shivamogga,SHIMOGA,,DEPARTMENT_OFFICE,,"Bhadravathi, Shivamogga",Agriculture Officer,,8277932650,8277932650,"Bhadravathi, Shivamogga",,VERIFIED_FROM_OFFICIAL_SOURCE,34,4965,Agriculture Officer | 8277932650
KA_SHIVAMOGGA_SHIMOGA_4968,Karnataka,Shivamogga,SHIMOGA,,DEPARTMENT_OFFICE,,"Bhadravathi, Shivamogga",Agriculture Officer,,8277932657,8277932657,"Bhadravathi, Shivamogga",,VERIFIED_FROM_OFFICIAL_SOURCE,35,4968,Agriculture Officer | 8277932657
KA_SHIVAMOGGA_SHIMOGA_4971,Karnataka,Shivamogga,SHIMOGA,,DEPARTMENT_OFFICE,,ASSISTANT DIECTOR OF AGRICULTURE Hosanagara,ADA,,8277932684,8277932684,ASSISTANT DIECTOR OF AGRICULTURE Hosanagara,,VERIFIED_FROM_OFFICIAL_SOURCE,36,4971,ASSISTANT DIECTOR OF AGRICULTURE Hosanagara | ADA | 8277932684
KA_SHIVAMOGGA_SHIMOGA_4975,Karnataka,Shivamogga,SHIMOGA,,DEPARTMENT_OFFICE,,ASSISTANT DIECTOR OF AGRICULTURE Hosanagara,AO(TO-1),,8277932688,8277932688,ASSISTANT DIECTOR OF AGRICULTURE Hosanagara,,VERIFIED_FROM_OFFICIAL_SOURCE,37,4975,AO(TO-1) | 8277932688
KA_SHIVAMOGGA_SHIMOGA_4978,Karnataka,Shivamogga,SHIMOGA,,DEPARTMENT_OFFICE,,ASSISTANT DIECTOR OF AGRICULTURE Hosanagara,AO(TO-2),,8277932687,8277932687,ASSISTANT DIECTOR OF AGRICULTURE Hosanagara,,VERIFIED_FROM_OFFICIAL_SOURCE,38,4978,AO(TO-2) | 8277932687
KA_SHIVAMOGGA_SHIMOGA_4981,Karnataka,Shivamogga,SHIMOGA,,DEPARTMENT_OFFICE,,ASSISTANT DIECTOR OF AGRICULTURE Hosanagara,AO,,8277932689,8277932689,ASSISTANT DIECTOR OF AGRICULTURE Hosanagara,,VERIFIED_FROM_OFFICIAL_SOURCE,39,4981,AO | 8277932689
KA_SHIVAMOGGA_SHIMOGA_4984,Karnataka,Shivamogga,SHIMOGA,,DEPARTMENT_OFFICE,,ASSISTANT DIECTOR OF AGRICULTURE Hosanagara,AO,,8277932685,8277932685,ASSISTANT DIECTOR OF AGRICULTURE Hosanagara,,VERIFIED_FROM_OFFICIAL_SOURCE,40,4984,AO | 8277932685
KA_SHIVAMOGGA_SHIMOGA_4987,Karnataka,Shivamogga,SHIMOGA,,DEPARTMENT_OFFICE,,ASSISTANT DIECTOR OF AGRICULTURE Hosanagara,AAO,,8277935640,8277935640,ASSISTANT DIECTOR OF AGRICULTURE Hosanagara,,VERIFIED_FROM_OFFICIAL_SOURCE,41,4987,AAO | 8277935640
KA_SHIVAMOGGA_SHIMOGA_4990,Karnataka,Shivamogga,SHIMOGA,,DEPARTMENT_OFFICE,,ASSISTANT DIECTOR OF AGRICULTURE Hosanagara,AAO,,8277935641,8277935641,ASSISTANT DIECTOR OF AGRICULTURE Hosanagara,,VERIFIED_FROM_OFFICIAL_SOURCE,42,4990,AAO | 8277935641
KA_SHIVAMOGGA_SHIMOGA_4993,Karnataka,Shivamogga,SHIMOGA,,DEPARTMENT_OFFICE,,ASSISTANT DIECTOR OF AGRICULTURE Hosanagara,AO,,8277932686,8277932686,ASSISTANT DIECTOR OF AGRICULTURE Hosanagara,,VERIFIED_FROM_OFFICIAL_SOURCE,43,4993,AO | 8277932686
KA_SHIVAMOGGA_SHIMOGA_4996,Karnataka,Shivamogga,SHIMOGA,,DEPARTMENT_OFFICE,,ASSISTANT DIECTOR OF AGRICULTURE Hosanagara,AO,,8277932691,8277932691,ASSISTANT DIECTOR OF AGRICULTURE Hosanagara,,VERIFIED_FROM_OFFICIAL_SOURCE,44,4996,AO | 8277932691
KA_SHIVAMOGGA_SHIMOGA_4999,Karnataka,Shivamogga,SHIMOGA,,DEPARTMENT_OFFICE,,Sagara Shivamoga,Agriculture Officer,,8277932680,8277932680,Sagara Shivamoga,,VERIFIED_FROM_OFFICIAL_SOURCE,45,4999,Sagara Shivamoga | Agriculture Officer | 8277932680
KA_SHIVAMOGGA_SHIMOGA_5003,Karnataka,Shivamogga,SHIMOGA,,DEPARTMENT_OFFICE,,Sagara Shivamoga,Assistant Agriculture Officer,,8277932674,8277932674,Sagara Shivamoga,,VERIFIED_FROM_OFFICIAL_SOURCE,46,5003,Assistant Agriculture Officer | 8277932674
KA_SHIVAMOGGA_SHIMOGA_5006,Karnataka,Shivamogga,SHIMOGA,,DEPARTMENT_OFFICE,,Sagara Shivamoga,Agriculture Officer,,8277932612,8277932612,Sagara Shivamoga,,VERIFIED_FROM_OFFICIAL_SOURCE,47,5006,Agriculture Officer | 8277932612
KA_SHIVAMOGGA_SHIMOGA_5009,Karnataka,Shivamogga,SHIMOGA,,DEPARTMENT_OFFICE,,Sagara Shivamoga,Assistant Agriculture Officer,,8277935639,8277935639,Sagara Shivamoga,,VERIFIED_FROM_OFFICIAL_SOURCE,48,5009,Assistant Agriculture Officer | 8277935639
KA_SHIVAMOGGA_SHIMOGA_5012,Karnataka,Shivamogga,SHIMOGA,,DEPARTMENT_OFFICE,,Sagara Shivamoga,Agriculture Officer,,8277935638,8277935638,Sagara Shivamoga,,VERIFIED_FROM_OFFICIAL_SOURCE,49,5012,Agriculture Officer | 8277935638
KA_SHIVAMOGGA_SHIMOGA_5015,Karnataka,Shivamogga,SHIMOGA,,DEPARTMENT_OFFICE,,Sagara Shivamoga,Assistant Agriculture Officer,,8277932675,8277932675,Sagara Shivamoga,,VERIFIED_FROM_OFFICIAL_SOURCE,50,5015,Assistant Agriculture Officer | 8277932675
KA_SHIVAMOGGA_SHIMOGA_5018,Karnataka,Shivamogga,SHIMOGA,,DEPARTMENT_OFFICE,,Sagara Shivamoga,Agriculture Officer,,8277932677,8277932677,Sagara Shivamoga,,VERIFIED_FROM_OFFICIAL_SOURCE,51,5018,Agriculture Officer | 8277932677
KA_SHIVAMOGGA_SHIMOGA_5021,Karnataka,Shivamogga,SHIMOGA,,DEPARTMENT_OFFICE,,Sagara Shivamoga,Agriculture Officer,,8277932676,8277932676,Sagara Shivamoga,,VERIFIED_FROM_OFFICIAL_SOURCE,52,5021,Agriculture Officer | 8277932676
KA_SHIVAMOGGA_SHIMOGA_5024,Karnataka,Shivamogga,SHIMOGA,,DEPARTMENT_OFFICE,,Sagara Shivamoga,Agriculture Officer,,8277932679,8277932679,Sagara Shivamoga,,VERIFIED_FROM_OFFICIAL_SOURCE,53,5024,Agriculture Officer | 8277932679
KA_SHIVAMOGGA_SHIMOGA_5027,Karnataka,Shivamogga,SHIMOGA,,DEPARTMENT_OFFICE,,Sagara Shivamoga,Agriculture Officer(TO-2 ),,8277932683,8277932683,Sagara Shivamoga,,VERIFIED_FROM_OFFICIAL_SOURCE,54,5027,Agriculture Officer(TO-2 ) | 8277932683
KA_SHIVAMOGGA_SHIMOGA_5030,Karnataka,Shivamogga,SHIMOGA,,DEPARTMENT_OFFICE,,Sagara Shivamoga,Agriculture Officer(TO-1 ),,8277932673,8277932673,Sagara Shivamoga,,VERIFIED_FROM_OFFICIAL_SOURCE,55,5030,Agriculture Officer(TO-1 ) | 8277932673
KA_SHIVAMOGGA_SHIMOGA_5033,Karnataka,Shivamogga,SHIMOGA,,DEPARTMENT_OFFICE,,Deputy Director of Agriculture office-2 sagara,DDA,,8277932602,8277932602,Deputy Director of Agriculture office-2 sagara,,VERIFIED_FROM_OFFICIAL_SOURCE,56,5033,Deputy Director of Agriculture office-2 sagara | DDA | 8277932602
KA_SHIVAMOGGA_SHIMOGA_5037,Karnataka,Shivamogga,SHIMOGA,,DEPARTMENT_OFFICE,,Deputy Director of Agriculture office-2 sagara,AO(TO-1),,8277932710,8277932710,Deputy Director of Agriculture office-2 sagara,,VERIFIED_FROM_OFFICIAL_SOURCE,57,5037,AO(TO-1) | 8277932710
KA_SHIVAMOGGA_SHIMOGA_5040,Karnataka,Shivamogga,SHIMOGA,,DEPARTMENT_OFFICE,,Deputy Director of Agriculture office-2 sagara,AO(TO-2),,8277932682,8277932682,Deputy Director of Agriculture office-2 sagara,,VERIFIED_FROM_OFFICIAL_SOURCE,58,5040,AO(TO-2) | 8277932682
KA_SHIVAMOGGA_SORABA_5043,Karnataka,Shivamogga,Soraba,,DEPARTMENT_OFFICE,,"ADA Office, Soraba, Shivamogga",Assistant Director of Agriculture,,8277932704,8277932704,"ADA Office, Soraba, Shivamogga",,VERIFIED_FROM_OFFICIAL_SOURCE,59,5043,"ADA Office, Soraba, Shivamogga | Assistant Director of Agriculture | 8277932704"
KA_SHIVAMOGGA_SORABA_5047,Karnataka,Shivamogga,Soraba,,DEPARTMENT_OFFICE,,"ADA Office, Soraba, Shivamogga",Agriculture Officer (Technical Officer-1),,8277932705,8277932705,"ADA Office, Soraba, Shivamogga",,VERIFIED_FROM_OFFICIAL_SOURCE,60,5047,Agriculture Officer (Technical Officer-1) | 8277932705
KA_SHIVAMOGGA_SORABA_5050,Karnataka,Shivamogga,Soraba,,DEPARTMENT_OFFICE,,"ADA Office, Soraba, Shivamogga",Agriculture Officer (Technical Officer-2),,8277935647,8277935647,"ADA Office, Soraba, Shivamogga",,VERIFIED_FROM_OFFICIAL_SOURCE,61,5050,Agriculture Officer (Technical Officer-2) | 8277935647
KA_SHIVAMOGGA_SORABA_5053,Karnataka,Shivamogga,Soraba,,DEPARTMENT_OFFICE,,"ADA Office, Soraba, Shivamogga",Agriculture Officer,,8277932709,8277932709,"ADA Office, Soraba, Shivamogga",,VERIFIED_FROM_OFFICIAL_SOURCE,62,5053,Agriculture Officer | 8277932709
KA_SHIVAMOGGA_SORABA_5056,Karnataka,Shivamogga,Soraba,,DEPARTMENT_OFFICE,,"ADA Office, Soraba, Shivamogga",Agriculture Officer,,8277932706,8277932706,"ADA Office, Soraba, Shivamogga",,VERIFIED_FROM_OFFICIAL_SOURCE,63,5056,Agriculture Officer | 8277932706
KA_SHIVAMOGGA_SORABA_5059,Karnataka,Shivamogga,Soraba,,DEPARTMENT_OFFICE,,"ADA Office, Soraba, Shivamogga",Assistant Agriculture Officer,,8277932711,8277932711,"ADA Office, Soraba, Shivamogga",,VERIFIED_FROM_OFFICIAL_SOURCE,64,5059,Assistant Agriculture Officer | 8277932711
KA_SHIVAMOGGA_SORABA_5062,Karnataka,Shivamogga,Soraba,,DEPARTMENT_OFFICE,,"ADA Office, Soraba, Shivamogga",Agriculture Officer,,8277935646,8277935646,"ADA Office, Soraba, Shivamogga",,VERIFIED_FROM_OFFICIAL_SOURCE,65,5062,Agriculture Officer | 8277935646
KA_SHIVAMOGGA_SORABA_5065,Karnataka,Shivamogga,Soraba,,DEPARTMENT_OFFICE,,"ADA Office, Soraba, Shivamogga",Assistant Agriculture Officer,,8277935644,8277935644,"ADA Office, Soraba, Shivamogga",,VERIFIED_FROM_OFFICIAL_SOURCE,66,5065,Assistant Agriculture Officer | 8277935644
KA_SHIVAMOGGA_SORABA_5068,Karnataka,Shivamogga,Soraba,,DEPARTMENT_OFFICE,,"ADA Office, Soraba, Shivamogga",Assistant Agriculture Officer,,8277932707,8277932707,"ADA Office, Soraba, Shivamogga",,VERIFIED_FROM_OFFICIAL_SOURCE,67,5068,Assistant Agriculture Officer | 8277932707
KA_SHIVAMOGGA_SORABA_5071,Karnataka,Shivamogga,Soraba,,DEPARTMENT_OFFICE,,"ADA Office, Soraba, Shivamogga",Agriculture Officer,,8277932708,8277932708,"ADA Office, Soraba, Shivamogga",,VERIFIED_FROM_OFFICIAL_SOURCE,68,5071,Agriculture Officer | 8277932708
KA_SHIVAMOGGA_SHIKARIPURA_5074,Karnataka,Shivamogga,Shikaripura,,DEPARTMENT_OFFICE,,"ADA Office,Shikaripura, Shivamogga",ADA,,8277932692,8277932692,"ADA Office,Shikaripura, Shivamogga",,VERIFIED_FROM_OFFICIAL_SOURCE,69,5074,"ADA Office,Shikaripura, Shivamogga | ADA | 8277932692"
KA_SHIVAMOGGA_SHIKARIPURA_5078,Karnataka,Shivamogga,Shikaripura,,DEPARTMENT_OFFICE,,"ADA Office,Shikaripura, Shivamogga",AO-1,,8277932693,8277932693,"ADA Office,Shikaripura, Shivamogga",,VERIFIED_FROM_OFFICIAL_SOURCE,70,5078,AO-1 | 8277932693
KA_SHIVAMOGGA_SHIKARIPURA_5081,Karnataka,Shivamogga,Shikaripura,,DEPARTMENT_OFFICE,,"ADA Office,Shikaripura, Shivamogga",Ao,,8277932694,8277932694,"ADA Office,Shikaripura, Shivamogga",,VERIFIED_FROM_OFFICIAL_SOURCE,71,5081,Ao | 8277932694
KA_SHIVAMOGGA_SHIKARIPURA_5084,Karnataka,Shivamogga,Shikaripura,,DEPARTMENT_OFFICE,,"ADA Office,Shikaripura, Shivamogga",AO,,8277932699,8277932699,"ADA Office,Shikaripura, Shivamogga",,VERIFIED_FROM_OFFICIAL_SOURCE,72,5084,AO | 8277932699
KA_SHIVAMOGGA_SHIKARIPURA_5087,Karnataka,Shivamogga,Shikaripura,,DEPARTMENT_OFFICE,,"ADA Office,Shikaripura, Shivamogga",AAO,,8277932698,8277932698,"ADA Office,Shikaripura, Shivamogga",,VERIFIED_FROM_OFFICIAL_SOURCE,73,5087,AAO | 8277932698
KA_SHIVAMOGGA_SHIKARIPURA_5090,Karnataka,Shivamogga,Shikaripura,,DEPARTMENT_OFFICE,,"ADA Office,Shikaripura, Shivamogga",AAO,,8277932700,8277932700,"ADA Office,Shikaripura, Shivamogga",,VERIFIED_FROM_OFFICIAL_SOURCE,74,5090,AAO | 8277932700
KA_SHIVAMOGGA_SHIKARIPURA_5093,Karnataka,Shivamogga,Shikaripura,,DEPARTMENT_OFFICE,,"ADA Office,Shikaripura, Shivamogga",AO,,8277932703,8277932703,"ADA Office,Shikaripura, Shivamogga",,VERIFIED_FROM_OFFICIAL_SOURCE,75,5093,AO | 8277932703
KA_SHIVAMOGGA_SHIKARIPURA_5096,Karnataka,Shivamogga,Shikaripura,,DEPARTMENT_OFFICE,,"ADA Office,Shikaripura, Shivamogga",AO,,8277935642,8277935642,"ADA Office,Shikaripura, Shivamogga",,VERIFIED_FROM_OFFICIAL_SOURCE,76,5096,AO | 8277935642
KA_SHIVAMOGGA_SHIKARIPURA_5099,Karnataka,Shivamogga,Shikaripura,,DEPARTMENT_OFFICE,,"ADA, DATC, Hallikere",Assistant Director of Agriculture,,8277932616,8277932616,"ADA, DATC, Hallikere",,VERIFIED_FROM_OFFICIAL_SOURCE,77,5099,"ADA, DATC, Hallikere | Assistant Director of Agriculture | 8277932616"
KA_SHIVAMOGGA_SHIKARIPURA_5103,Karnataka,Shivamogga,Shikaripura,,DEPARTMENT_OFFICE,,SPTL Sivamogga,DDA,,8277932603,8277932603,SPTL Sivamogga,,VERIFIED_FROM_OFFICIAL_SOURCE,78,5103,SPTL Sivamogga | DDA | 8277932603
KA_SHIVAMOGGA_SHIKARIPURA_5107,Karnataka,Shivamogga,Shikaripura,,DEPARTMENT_OFFICE,,SPTL Sivamogga,AO,,8277932611,8277932611,SPTL Sivamogga,,VERIFIED_FROM_OFFICIAL_SOURCE,79,5107,AO | 8277932611
KA_SHIVAMOGGA_SHIKARIPURA_5110,Karnataka,Shivamogga,Shikaripura,,DEPARTMENT_OFFICE,,SPTL Sivamogga,AO,,8277932613,8277932613,SPTL Sivamogga,,VERIFIED_FROM_OFFICIAL_SOURCE,80,5110,AO | 8277932613
KA_SHIVAMOGGA_SHIKARIPURA_5113,Karnataka,Shivamogga,Shikaripura,,DEPARTMENT_OFFICE,,SPTL Sivamogga,AO,,8277932614,8277932614,SPTL Sivamogga,,VERIFIED_FROM_OFFICIAL_SOURCE,81,5113,AO | 8277932614
KA_SHIVAMOGGA_SHIKARIPURA_5116,Karnataka,Shivamogga,Shikaripura,,DEPARTMENT_OFFICE,,SPTL Sivamogga,AO,,8277932615,8277932615,SPTL Sivamogga,,VERIFIED_FROM_OFFICIAL_SOURCE,82,5116,AO | 8277932615
KA_SHIVAMOGGA_SHIKARIPURA_5119,Karnataka,Shivamogga,Shikaripura,,DEPARTMENT_OFFICE,,Deputy Director of Agriculture office-1 Shimoga,DDA,,8277932601,8277932601,Deputy Director of Agriculture office-1 Shimoga,,VERIFIED_FROM_OFFICIAL_SOURCE,83,5119,Deputy Director of Agriculture office-1 Shimoga | DDA | 8277932601
KA_SHIVAMOGGA_SHIKARIPURA_5123,Karnataka,Shivamogga,Shikaripura,,DEPARTMENT_OFFICE,,Deputy Director of Agriculture office-1 Shimoga,AO,,8277932610,8277932610,Deputy Director of Agriculture office-1 Shimoga,,VERIFIED_FROM_OFFICIAL_SOURCE,84,5123,AO | 8277932610
KA_SHIVAMOGGA_SHIKARIPURA_5126,Karnataka,Shivamogga,Shikaripura,,DEPARTMENT_OFFICE,,Deputy Director of Agriculture office-1 Shimoga,AO,,8277932609,8277932609,Deputy Director of Agriculture office-1 Shimoga,,VERIFIED_FROM_OFFICIAL_SOURCE,85,5126,AO | 8277932609
KA_SHIVAMOGGA_SHIKARIPURA_5129,Karnataka,Shivamogga,Shikaripura,,DEPARTMENT_OFFICE,,Deputy Director of Agriculture office-1 Shimoga,Admin,,8884008408,8884008408,Deputy Director of Agriculture office-1 Shimoga,,VERIFIED_FROM_OFFICIAL_SOURCE,86,5129,Admin | 8884008408
KA_SHIVAMOGGA_SHIVAMOGGA_5132,Karnataka,Shivamogga,Shivamogga,,DEPARTMENT_OFFICE,,"Joint Director of Agriculture Office, Shivamogga",ADA (FW),Sujatha G S,8884008390,8884008390,"Joint Director of Agriculture Office, Shivamogga",,VERIFIED_FROM_OFFICIAL_SOURCE,87,5132,Sujatha G S | ADA (FW) | 8884008390
KA_SHIVAMOGGA_SHIVAMOGGA_5136,Karnataka,Shivamogga,Shivamogga,,DEPARTMENT_OFFICE,,"Joint Director of Agriculture Office, Shivamogga",AO,H.L Chandrashekar,8884008370,8884008370,"Joint Director of Agriculture Office, Shivamogga",,VERIFIED_FROM_OFFICIAL_SOURCE,88,5136,H.L Chandrashekar | AO | 8884008370
KA_SHIVAMOGGA_SHIVAMOGGA_5140,Karnataka,Shivamogga,Shivamogga,,DEPARTMENT_OFFICE,,"Joint Director of Agriculture Office, Shivamogga",AO,Girish reddy,8884008361,8884008361,"Joint Director of Agriculture Office, Shivamogga",,VERIFIED_FROM_OFFICIAL_SOURCE,89,5140,Girish reddy | AO | 8884008361
KA_SHIVAMOGGA_SHIVAMOGGA_5144,Karnataka,Shivamogga,Shivamogga,,DEPARTMENT_OFFICE,,"Joint Director of Agriculture Office, Shivamogga",AO,Shivprasadh,8884008397,8884008397,"Joint Director of Agriculture Office, Shivamogga",,VERIFIED_FROM_OFFICIAL_SOURCE,90,5144,Shivprasadh | AO | 8884008397
KA_SHIVAMOGGA_SHIVAMOGGA_5148,Karnataka,Shivamogga,Shivamogga,,DEPARTMENT_OFFICE,,"Joint Director of Agriculture Office, Shivamogga",Superintendent (Act),D Rajappa,8884008448,8884008448,"Joint Director of Agriculture Office, Shivamogga",,VERIFIED_FROM_OFFICIAL_SOURCE,91,5148,D Rajappa | Superintendent (Act) | 8884008448
KA_SHIVAMOGGA_SHIVAMOGGA_5152,Karnataka,Shivamogga,Shivamogga,,DEPARTMENT_OFFICE,,"Joint Director of Agriculture Office, Shivamogga",Superintendent (Est),Girish G,8884008438,8884008438,"Joint Director of Agriculture Office, Shivamogga",,VERIFIED_FROM_OFFICIAL_SOURCE,92,5152,Girish G | Superintendent (Est) | 8884008438
KA_SHIVAMOGGA_SHIVAMOGGA_5156,Karnataka,Shivamogga,Shivamogga,,DEPARTMENT_OFFICE,,"Joint Director of Agriculture Office, Shivamogga",Superintendent,Rajeshwari Naik,8884008541,8884008541,"Joint Director of Agriculture Office, Shivamogga",,VERIFIED_FROM_OFFICIAL_SOURCE,93,5156,Rajeshwari Naik | Superintendent | 8884008541
KA_SHIVAMOGGA_SHIVAMOGGA_5160,Karnataka,Shivamogga,Shivamogga,,DEPARTMENT_OFFICE,,"Joint Director of Agriculture Office, Shivamogga",Superintendent,Devandha,8884008542,8884008542,"Joint Director of Agriculture Office, Shivamogga",,VERIFIED_FROM_OFFICIAL_SOURCE,94,5160,Devandha | Superintendent | 8884008542
KA_SHIVAMOGGA_SHIVAMOGGA_5164,Karnataka,Shivamogga,Shivamogga,,DEPARTMENT_OFFICE,,"Joint Director of Agriculture Office, Shivamogga",Superintendent,Muktha P Naik,8884008462,8884008462,"Joint Director of Agriculture Office, Shivamogga",,VERIFIED_FROM_OFFICIAL_SOURCE,95,5164,Muktha P Naik | Superintendent | 8884008462
KA_SHIVAMOGGA_SHIVAMOGGA_5168,Karnataka,Shivamogga,Shivamogga,,DEPARTMENT_OFFICE,,"Joint Director of Agriculture Office, Shivamogga",Superintendent,Manjunatha B Vadayar,8884008384,8884008384,"Joint Director of Agriculture Office, Shivamogga",,VERIFIED_FROM_OFFICIAL_SOURCE,96,5168,Manjunatha B Vadayar | Superintendent | 8884008384
KA_SHIVAMOGGA_SHIVAMOGGA_5172,Karnataka,Shivamogga,Shivamogga,,DEPARTMENT_OFFICE,,"Joint Director of Agriculture Office, Shivamogga",Superintendent,Anitha S Gowda,8884008416,8884008416,"Joint Director of Agriculture Office, Shivamogga",,VERIFIED_FROM_OFFICIAL_SOURCE,97,5172,Anitha S Gowda | Superintendent | 8884008416
KA_SHIVAMOGGA_SHIVAMOGGA_5176,Karnataka,Shivamogga,Shivamogga,,DEPARTMENT_OFFICE,,"Joint Director of Agriculture Office, Shivamogga",Superintendent,Josthna,8884008486,8884008486,"Joint Director of Agriculture Office, Shivamogga",,VERIFIED_FROM_OFFICIAL_SOURCE,98,5176,Josthna | Superintendent | 8884008486
KA_SHIVAMOGGA_SHIVAMOGGA_5180,Karnataka,Shivamogga,Shivamogga,,DEPARTMENT_OFFICE,,"Joint Director of Agriculture Office, Shivamogga",Superintendent,Reshma S,8884008526,8884008526,"Joint Director of Agriculture Office, Shivamogga",,VERIFIED_FROM_OFFICIAL_SOURCE,99,5180,Reshma S | Superintendent | 8884008526
KA_SHIVAMOGGA_SHIVAMOGGA_5184,Karnataka,Shivamogga,Shivamogga,,DEPARTMENT_OFFICE,,"Joint Director of Agriculture Office, Shivamogga",Superintendent,Santhosh kumapa P,8884008398,8884008398,"Joint Director of Agriculture Office, Shivamogga",,VERIFIED_FROM_OFFICIAL_SOURCE,100,5184,Santhosh kumapa P | Superintendent | 8884008398
KA_SHIVAMOGGA_SHIVAMOGGA_5188,Karnataka,Shivamogga,Shivamogga,,DEPARTMENT_OFFICE,,"Joint Director of Agriculture Office, Shivamogga",Superintendent,K P Durgannanavara,8884008510,8884008510,"Joint Director of Agriculture Office, Shivamogga",,VERIFIED_FROM_OFFICIAL_SOURCE,101,5188,K P Durgannanavara | Superintendent | 8884008510
KA_SHIVAMOGGA_SHIVAMOGGA_5192,Karnataka,Shivamogga,Shivamogga,,DEPARTMENT_OFFICE,,"Joint Director of Agriculture Office, Shivamogga",Superintendent,Ranganath P,8884008524,8884008524,"Joint Director of Agriculture Office, Shivamogga",,VERIFIED_FROM_OFFICIAL_SOURCE,102,5192,Ranganath P | Superintendent | 8884008524
KA_TUMAKURU_TUMAKURU_5201,Karnataka,Tumakuru,Tumakuru,,DEPARTMENT_OFFICE,,"Joint Director of Agriculture Office, Tumkur",JDA,,8277932800,8277932800,"Joint Director of Agriculture Office, Tumkur",,VERIFIED_FROM_OFFICIAL_SOURCE,1,5201,"Joint Director of Agriculture Office, Tumkur | JDA | 8277932800"
KA_TUMAKURU_TUMAKURU_5205,Karnataka,Tumakuru,Tumakuru,,DEPARTMENT_OFFICE,,"Joint Director of Agriculture Office, Tumkur","ADA, (Vigilance-1)",,8277932806,8277932806,"Joint Director of Agriculture Office, Tumkur",,VERIFIED_FROM_OFFICIAL_SOURCE,2,5205,"ADA, (Vigilance-1) | 8277932806"
KA_TUMAKURU_TUMAKURU_5208,Karnataka,Tumakuru,Tumakuru,,DEPARTMENT_OFFICE,,"Joint Director of Agriculture Office, Tumkur","ADA, (Vigilance-2)",,8277932804,8277932804,"Joint Director of Agriculture Office, Tumkur",,VERIFIED_FROM_OFFICIAL_SOURCE,3,5208,"ADA, (Vigilance-2) | 8277932804"
KA_TUMAKURU_TUMAKURU_5211,Karnataka,Tumakuru,Tumakuru,,DEPARTMENT_OFFICE,,"Joint Director of Agriculture Office, Tumkur","ADA, (SMS)",,8277932808,8277932808,"Joint Director of Agriculture Office, Tumkur",,VERIFIED_FROM_OFFICIAL_SOURCE,4,5211,"ADA, (SMS) | 8277932808"
KA_TUMAKURU_TUMAKURU_5214,Karnataka,Tumakuru,Tumakuru,,DEPARTMENT_OFFICE,,"Joint Director of Agriculture Office, Tumkur","ADA, (M&E)",,8277932926,8277932926,"Joint Director of Agriculture Office, Tumkur",,VERIFIED_FROM_OFFICIAL_SOURCE,5,5214,"ADA, (M&E) | 8277932926"
KA_TUMAKURU_TUMAKURU_5217,Karnataka,Tumakuru,Tumakuru,,DEPARTMENT_OFFICE,,"Joint Director of Agriculture Office, Tumkur","ADA, (HQ)",,8277932810,8277932810,"Joint Director of Agriculture Office, Tumkur",,VERIFIED_FROM_OFFICIAL_SOURCE,6,5217,"ADA, (HQ) | 8277932810"
KA_TUMAKURU_TUMAKURU_5220,Karnataka,Tumakuru,Tumakuru,,DEPARTMENT_OFFICE,,"Joint Director of Agriculture Office, Tumkur",Agriculture Officer (T.O-1),,8277932845,8277932845,"Joint Director of Agriculture Office, Tumkur",,VERIFIED_FROM_OFFICIAL_SOURCE,7,5220,Agriculture Officer (T.O-1) | 8277932845
KA_TUMAKURU_TUMAKURU_5223,Karnataka,Tumakuru,Tumakuru,,DEPARTMENT_OFFICE,,"Joint Director of Agriculture Office, Tumkur",Agriculture Officer (T.O-2),,8277932895,8277932895,"Joint Director of Agriculture Office, Tumkur",,VERIFIED_FROM_OFFICIAL_SOURCE,8,5223,Agriculture Officer (T.O-2) | 8277932895
KA_TUMAKURU_TUMAKURU_5226,Karnataka,Tumakuru,Tumakuru,,DEPARTMENT_OFFICE,,Deputy Director of Agriculture Tumkur,Deputy Director of Agriculture-1,,8277932801,8277932801,Deputy Director of Agriculture Tumkur,,VERIFIED_FROM_OFFICIAL_SOURCE,9,5226,Deputy Director of Agriculture Tumkur | Deputy Director of Agriculture-1 | 8277932801
KA_TUMAKURU_TUMAKURU_5230,Karnataka,Tumakuru,Tumakuru,,DEPARTMENT_OFFICE,,Deputy Director of Agriculture Tumkur,Agriculture Officer (T.O-1),,8277932807,8277932807,Deputy Director of Agriculture Tumkur,,VERIFIED_FROM_OFFICIAL_SOURCE,10,5230,Agriculture Officer (T.O-1) | 8277932807
KA_TUMAKURU_TUMAKURU_5233,Karnataka,Tumakuru,Tumakuru,,DEPARTMENT_OFFICE,,Deputy Director of Agriculture Tumkur,Agriculture Officer (T.O-2),,8277932809,8277932809,Deputy Director of Agriculture Tumkur,,VERIFIED_FROM_OFFICIAL_SOURCE,11,5233,Agriculture Officer (T.O-2) | 8277932809
KA_TUMAKURU_TUMAKURU_5236,Karnataka,Tumakuru,Tumakuru,,DEPARTMENT_OFFICE,,Deputy Director of Agriculture -2 Madhugiri,Deputy Director of Agriculture-2,,8277932080,8277932080,Deputy Director of Agriculture -2 Madhugiri,,VERIFIED_FROM_OFFICIAL_SOURCE,12,5236,Deputy Director of Agriculture -2 Madhugiri | Deputy Director of Agriculture-2 | 8277932080
KA_TUMAKURU_TUMAKURU_5240,Karnataka,Tumakuru,Tumakuru,,DEPARTMENT_OFFICE,,Deputy Director of Agriculture -2 Madhugiri,Agriculture Officer (T.O-1),,8277932952,8277932952,Deputy Director of Agriculture -2 Madhugiri,,VERIFIED_FROM_OFFICIAL_SOURCE,13,5240,Agriculture Officer (T.O-1) | 8277932952
KA_TUMAKURU_TUMAKURU_5243,Karnataka,Tumakuru,Tumakuru,,DEPARTMENT_OFFICE,,Deputy Director of Agriculture -2 Madhugiri,Agriculture Officer (T.O-2),,8277932811,8277932811,Deputy Director of Agriculture -2 Madhugiri,,VERIFIED_FROM_OFFICIAL_SOURCE,14,5243,Agriculture Officer (T.O-2) | 8277932811
KA_TUMAKURU_TIPTUR_5246,Karnataka,Tumakuru,Tiptur,,DEPARTMENT_OFFICE,,"Assistant Director of Agriculture Office, Tiptur",Assistant Director of Agriculture,,8277932812,8277932812,"Assistant Director of Agriculture Office, Tiptur",,VERIFIED_FROM_OFFICIAL_SOURCE,15,5246,"Assistant Director of Agriculture Office, Tiptur | Assistant Director of Agriculture | 8277932812"
KA_TUMAKURU_TIPTUR_5250,Karnataka,Tumakuru,Tiptur,,RSK,Kasaba RSK,RSK Kasaba RSK,Agriculture Officer Kasaba RSK,,8277932821,8277932821,"Assistant Director of Agriculture Office, Tiptur",,VERIFIED_FROM_OFFICIAL_SOURCE,16,5250,Agriculture Officer Kasaba RSK | 8277932821
KA_TUMAKURU_TIPTUR_5253,Karnataka,Tumakuru,Tiptur,,RSK,Honnavalli RSK,RSK Honnavalli RSK,Agriculture Officer Honnavalli RSK,,8277932818,8277932818,"Assistant Director of Agriculture Office, Tiptur",,VERIFIED_FROM_OFFICIAL_SOURCE,17,5253,Agriculture Officer Honnavalli RSK | 8277932818
KA_TUMAKURU_TIPTUR_5256,Karnataka,Tumakuru,Tiptur,,RSK,"Assistant Director of Agriculture Office, Tiptur","RSK Assistant Director of Agriculture Office, Tiptur",Agriculture Officer (incharge) Kibbanahalli RSK,,8277932822,8277932822,"Assistant Director of Agriculture Office, Tiptur",,VERIFIED_FROM_OFFICIAL_SOURCE,18,5256,Agriculture Officer (incharge) Kibbanahalli RSK | 8277932822
KA_TUMAKURU_TIPTUR_5259,Karnataka,Tumakuru,Tiptur,,RSK,"Assistant Director of Agriculture Office, Tiptur","RSK Assistant Director of Agriculture Office, Tiptur",Agriculture Officer (incharge) Nonavinakere RSK,,8277932825,8277932825,"Assistant Director of Agriculture Office, Tiptur",,VERIFIED_FROM_OFFICIAL_SOURCE,19,5259,Agriculture Officer (incharge) Nonavinakere RSK | 8277932825
KA_TUMAKURU_TURUVEKERE_5262,Karnataka,Tumakuru,Turuvekere,,DEPARTMENT_OFFICE,,"Assistant Director of Agriculture, Turuvekere",Assistant Director of Agriculture,,8277932848,8277932848,"Assistant Director of Agriculture, Turuvekere",,VERIFIED_FROM_OFFICIAL_SOURCE,20,5262,"Assistant Director of Agriculture, Turuvekere | Assistant Director of Agriculture | 8277932848"
KA_TUMAKURU_TURUVEKERE_5266,Karnataka,Tumakuru,Turuvekere,,RSK,"Assistant Director of Agriculture, Turuvekere","RSK Assistant Director of Agriculture, Turuvekere","Agriculture Officer, ADA Office",,8277932853,8277932853,"Assistant Director of Agriculture, Turuvekere",,VERIFIED_FROM_OFFICIAL_SOURCE,21,5266,"Agriculture Officer, ADA Office | 8277932853"
KA_TUMAKURU_TURUVEKERE_5269,Karnataka,Tumakuru,Turuvekere,,RSK,Mayasandra,RSK Mayasandra,Agriculture Officer,,8277932854,8277932854,"RSK, Mayasandra",,VERIFIED_FROM_OFFICIAL_SOURCE,22,5269,"RSK, Mayasandra | 8277932854"
KA_TUMAKURU_TURUVEKERE_5272,Karnataka,Tumakuru,Turuvekere,,RSK,Dabbeghatta,RSK Dabbeghatta,Agriculture Officer,,8277932851,8277932851,"RSK, Dabbeghatta",,VERIFIED_FROM_OFFICIAL_SOURCE,23,5272,"RSK, Dabbeghatta | 8277932851"
KA_TUMAKURU_TURUVEKERE_5275,Karnataka,Tumakuru,Turuvekere,,RSK,Dandinashivara,RSK Dandinashivara,Agriculture Officer,,8277932850,8277932850,"RSK, Dandinashivara",,VERIFIED_FROM_OFFICIAL_SOURCE,24,5275,"RSK, Dandinashivara | 8277932850"
KA_TUMAKURU_TURUVEKERE_5278,Karnataka,Tumakuru,Turuvekere,,RSK,Kasaba,RSK Kasaba,Agriculture Officer,,8277932852,8277932852,"RSK, Kasaba",,VERIFIED_FROM_OFFICIAL_SOURCE,25,5278,"RSK, Kasaba | 8277932852"
KA_TUMAKURU_CHIKKANAYAKANAHALLI_5281,Karnataka,Tumakuru,Chikkanayakanahalli,,DEPARTMENT_OFFICE,,"Assistant Director of Agriculture Office, Chikkanayakanahalli",Assistant Director of Agriculture,,8277932855,8277932855,"Assistant Director of Agriculture Office, Chikkanayakanahalli",,VERIFIED_FROM_OFFICIAL_SOURCE,26,5281,"Assistant Director of Agriculture Office, Chikkanayakanahalli | Assistant Director of Agriculture | 8277932855"
KA_TUMAKURU_CHIKKANAYAKANAHALLI_5285,Karnataka,Tumakuru,Chikkanayakanahalli,,DEPARTMENT_OFFICE,,"Assistant Director of Agriculture Office, Chikkanayakanahalli",Agriculture Officer (T.O-1),,8277932863,8277932863,"Assistant Director of Agriculture Office, Chikkanayakanahalli",,VERIFIED_FROM_OFFICIAL_SOURCE,27,5285,Agriculture Officer (T.O-1) | 8277932863
KA_TUMAKURU_CHIKKANAYAKANAHALLI_5288,Karnataka,Tumakuru,Chikkanayakanahalli,,DEPARTMENT_OFFICE,,"Assistant Director of Agriculture Office, Chikkanayakanahalli",Agriculture Officer (T.O-2),,8884006290,8884006290,"Assistant Director of Agriculture Office, Chikkanayakanahalli",,VERIFIED_FROM_OFFICIAL_SOURCE,28,5288,Agriculture Officer (T.O-2) | 8884006290
KA_TUMAKURU_CHIKKANAYAKANAHALLI_5291,Karnataka,Tumakuru,Chikkanayakanahalli,,RSK,Handanakere RSK,RSK Handanakere RSK,Agriculture Officer Handanakere RSK,,8277932868,8277932868,"Assistant Director of Agriculture Office, Chikkanayakanahalli",,VERIFIED_FROM_OFFICIAL_SOURCE,29,5291,Agriculture Officer Handanakere RSK | 8277932868
KA_TUMAKURU_CHIKKANAYAKANAHALLI_5294,Karnataka,Tumakuru,Chikkanayakanahalli,,RSK,Kasaba RSK,RSK Kasaba RSK,Agriculture Officer Kasaba RSK,,8277932857,8277932857,"Assistant Director of Agriculture Office, Chikkanayakanahalli",,VERIFIED_FROM_OFFICIAL_SOURCE,30,5294,Agriculture Officer Kasaba RSK | 8277932857
KA_TUMAKURU_CHIKKANAYAKANAHALLI_5297,Karnataka,Tumakuru,Chikkanayakanahalli,,RSK,Kandikere RSK,RSK Kandikere RSK,Agriculture Officer Kandikere RSK(Incharge),,8277932858,8277932858,"Assistant Director of Agriculture Office, Chikkanayakanahalli",,VERIFIED_FROM_OFFICIAL_SOURCE,31,5297,Agriculture Officer Kandikere RSK(Incharge) | 8277932858
KA_TUMAKURU_CHIKKANAYAKANAHALLI_5300,Karnataka,Tumakuru,Chikkanayakanahalli,,RSK,Shettikere RSK,RSK Shettikere RSK,Agriculture Officer Shettikere RSK,,8277932862,8277932862,"Assistant Director of Agriculture Office, Chikkanayakanahalli",,VERIFIED_FROM_OFFICIAL_SOURCE,32,5300,Agriculture Officer Shettikere RSK | 8277932862
KA_TUMAKURU_CHIKKANAYAKANAHALLI_5303,Karnataka,Tumakuru,Chikkanayakanahalli,,RSK,Huliyar RSK,RSK Huliyar RSK,Agriculture Officer Huliyar RSK,,8277932867,8277932867,"Assistant Director of Agriculture Office, Chikkanayakanahalli",,VERIFIED_FROM_OFFICIAL_SOURCE,33,5303,Agriculture Officer Huliyar RSK | 8277932867
KA_TUMAKURU_MADHUGIRI_5306,Karnataka,Tumakuru,Madhugiri,,DEPARTMENT_OFFICE,,"Assistant Director of Agriculture Office, Madhugiri",Assistant Director of Agriculture,,8277932915,8277932915,"Assistant Director of Agriculture Office, Madhugiri",,VERIFIED_FROM_OFFICIAL_SOURCE,34,5306,"Assistant Director of Agriculture Office, Madhugiri | Assistant Director of Agriculture | 8277932915"
KA_TUMAKURU_MADHUGIRI_5310,Karnataka,Tumakuru,Madhugiri,,DEPARTMENT_OFFICE,,"Assistant Director of Agriculture Office, Madhugiri",Agriculture Officer (T.O-1),,8277932849,8277932849,"Assistant Director of Agriculture Office, Madhugiri",,VERIFIED_FROM_OFFICIAL_SOURCE,35,5310,Agriculture Officer (T.O-1) | 8277932849
KA_TUMAKURU_MADHUGIRI_5313,Karnataka,Tumakuru,Madhugiri,,DEPARTMENT_OFFICE,,"Assistant Director of Agriculture Office, Madhugiri",Agriculture Officer (T.O-2),,8277932907,8277932907,"Assistant Director of Agriculture Office, Madhugiri",,VERIFIED_FROM_OFFICIAL_SOURCE,36,5313,Agriculture Officer (T.O-2) | 8277932907
KA_TUMAKURU_MADHUGIRI_5316,Karnataka,Tumakuru,Madhugiri,,RSK,Kasaba RSK,RSK Kasaba RSK,Agriculture Officer Kasaba RSK (Incharge),,8277932917,8277932917,"Assistant Director of Agriculture Office, Madhugiri",,VERIFIED_FROM_OFFICIAL_SOURCE,37,5316,Agriculture Officer Kasaba RSK (Incharge) | 8277932917
KA_TUMAKURU_MADHUGIRI_5319,Karnataka,Tumakuru,Madhugiri,,RSK,Puravara RSK,RSK Puravara RSK,Agriculture Officer Puravara RSK (Incharge),,8277932923,8277932923,"Assistant Director of Agriculture Office, Madhugiri",,VERIFIED_FROM_OFFICIAL_SOURCE,38,5319,Agriculture Officer Puravara RSK (Incharge) | 8277932923
KA_TUMAKURU_MADHUGIRI_5322,Karnataka,Tumakuru,Madhugiri,,RSK,Dodderi RSK,RSK Dodderi RSK,Agriculture Officer Dodderi RSK (Incharge),,8277932916,8277932916,"Assistant Director of Agriculture Office, Madhugiri",,VERIFIED_FROM_OFFICIAL_SOURCE,39,5322,Agriculture Officer Dodderi RSK (Incharge) | 8277932916
KA_TUMAKURU_MADHUGIRI_5325,Karnataka,Tumakuru,Madhugiri,,RSK,Midigeshi RSK,RSK Midigeshi RSK,Agriculture Officer Midigeshi RSK,,8277932918,8277932918,"Assistant Director of Agriculture Office, Madhugiri",,VERIFIED_FROM_OFFICIAL_SOURCE,40,5325,Agriculture Officer Midigeshi RSK | 8277932918
KA_TUMAKURU_MADHUGIRI_5328,Karnataka,Tumakuru,Madhugiri,,RSK,Kodigenahally RSK,RSK Kodigenahally RSK,Agriculture Officer Kodigenahally RSK (Incharge),,8884006295,8884006295,Agriculture Officer ID Halli RSK,,VERIFIED_FROM_OFFICIAL_SOURCE,41,5328,Agriculture Officer ID Halli RSK | 8884006295 | Agriculture Officer Kodigenahally RSK (Incharge)
KA_TUMAKURU_TUMKUR_5332,Karnataka,Tumakuru,Tumkur,,DEPARTMENT_OFFICE,,"Assistant Director of Agriculture Office, Tumkur",Assistant Director of Agriculture,,8277932924,8277932924,"Assistant Director of Agriculture Office, Tumkur",,VERIFIED_FROM_OFFICIAL_SOURCE,42,5332,"Assistant Director of Agriculture Office, Tumkur | Assistant Director of Agriculture | 8277932924"
KA_TUMAKURU_TUMKUR_5336,Karnataka,Tumakuru,Tumkur,,DEPARTMENT_OFFICE,,"Assistant Director of Agriculture Office, Tumkur",Agriculture Officer (T.O-1),,8277932925,8277932925,"Assistant Director of Agriculture Office, Tumkur",,VERIFIED_FROM_OFFICIAL_SOURCE,43,5336,Agriculture Officer (T.O-1) | 8277932925
KA_TUMAKURU_TUMKUR_5339,Karnataka,Tumakuru,Tumkur,,DEPARTMENT_OFFICE,,"Assistant Director of Agriculture Office, Tumkur",Agriculture Officer (T.O-2),,8277932945,8277932945,"Assistant Director of Agriculture Office, Tumkur",,VERIFIED_FROM_OFFICIAL_SOURCE,44,5339,Agriculture Officer (T.O-2) | 8277932945
KA_TUMAKURU_TUMKUR_5342,Karnataka,Tumakuru,Tumkur,,RSK,Gulur RSK,RSK Gulur RSK,Agriculture Officer Gulur RSK,,8277932931,8277932931,"Assistant Director of Agriculture Office, Tumkur",,VERIFIED_FROM_OFFICIAL_SOURCE,45,5342,Agriculture Officer Gulur RSK | 8277932931
KA_TUMAKURU_TUMKUR_5345,Karnataka,Tumakuru,Tumkur,,RSK,Kasaba RSK,RSK Kasaba RSK,Agriculture Officer Kasaba RSK,,8277932951,8277932951,"Assistant Director of Agriculture Office, Tumkur",,VERIFIED_FROM_OFFICIAL_SOURCE,46,5345,Agriculture Officer Kasaba RSK | 8277932951
KA_TUMAKURU_TUMKUR_5348,Karnataka,Tumakuru,Tumkur,,RSK,Bellavi RSK,RSK Bellavi RSK,Agriculture Officer Bellavi RSK,,8277932950,8277932950,"Assistant Director of Agriculture Office, Tumkur",,VERIFIED_FROM_OFFICIAL_SOURCE,47,5348,Agriculture Officer Bellavi RSK | 8277932950
KA_TUMAKURU_TUMKUR_5351,Karnataka,Tumakuru,Tumkur,,RSK,Kora RSK,RSK Kora RSK,Agriculture Officer Kora RSK,,8277932947,8277932947,"Assistant Director of Agriculture Office, Tumkur",,VERIFIED_FROM_OFFICIAL_SOURCE,48,5351,Agriculture Officer Kora RSK | 8277932947
KA_TUMAKURU_TUMKUR_5354,Karnataka,Tumakuru,Tumkur,,RSK,Urdigere RSK,RSK Urdigere RSK,Agriculture Officer Urdigere RSK,,8277932842,8277932842,"Assistant Director of Agriculture Office, Tumkur",,VERIFIED_FROM_OFFICIAL_SOURCE,49,5354,Agriculture Officer Urdigere RSK | 8277932842
KA_TUMAKURU_TUMKUR_5357,Karnataka,Tumakuru,Tumkur,,RSK,Urdigere RSK,RSK Urdigere RSK,Agriculture Officer Urdigere RSK,,8277932938,8277932938,"Assistant Director of Agriculture Office, Tumkur",,VERIFIED_FROM_OFFICIAL_SOURCE,50,5357,Agriculture Officer Urdigere RSK | 8277932938
KA_TUMAKURU_TUMKUR_5360,Karnataka,Tumakuru,Tumkur,,RSK,"Assistant Director of Agriculture Office, Tumkur","RSK Assistant Director of Agriculture Office, Tumkur",Agriculture Officer-2 Gulur RSK,,8277932878,8277932878,"Assistant Director of Agriculture Office, Tumkur",,VERIFIED_FROM_OFFICIAL_SOURCE,51,5360,Agriculture Officer-2 Gulur RSK | 8277932878
KA_TUMAKURU_PAVAGADA_5363,Karnataka,Tumakuru,Pavagada,,DEPARTMENT_OFFICE,,"Assistant Director of Agriculture Office, Pavagada",Assistant Director of Agriculture,,8277932908,8277932908,"Assistant Director of Agriculture Office, Pavagada",,VERIFIED_FROM_OFFICIAL_SOURCE,52,5363,"Assistant Director of Agriculture Office, Pavagada | Assistant Director of Agriculture | 8277932908"
KA_TUMAKURU_PAVAGADA_5367,Karnataka,Tumakuru,Pavagada,,DEPARTMENT_OFFICE,,"Assistant Director of Agriculture Office, Pavagada",Agriculture Officer (T.O-1),,8277932909,8277932909,"Assistant Director of Agriculture Office, Pavagada",,VERIFIED_FROM_OFFICIAL_SOURCE,53,5367,Agriculture Officer (T.O-1) | 8277932909
KA_TUMAKURU_PAVAGADA_5370,Karnataka,Tumakuru,Pavagada,,DEPARTMENT_OFFICE,,"Assistant Director of Agriculture Office, Pavagada",Agriculture Officer (T.O-2),,8277932880,8277932880,"Assistant Director of Agriculture Office, Pavagada",,VERIFIED_FROM_OFFICIAL_SOURCE,54,5370,Agriculture Officer (T.O-2) | 8277932880
KA_TUMAKURU_PAVAGADA_5373,Karnataka,Tumakuru,Pavagada,,RSK,Kasaba RSK,RSK Kasaba RSK,Agriculture Officer Kasaba RSK,,8277932910,8277932910,"Assistant Director of Agriculture Office, Pavagada",,VERIFIED_FROM_OFFICIAL_SOURCE,55,5373,Agriculture Officer Kasaba RSK | 8277932910
KA_TUMAKURU_PAVAGADA_5376,Karnataka,Tumakuru,Pavagada,,RSK,NAGALAMADIKE RSK,RSK NAGALAMADIKE RSK,Agriculture Officer NAGALAMADIKE RSK,,8277932912,8277932912,"Assistant Director of Agriculture Office, Pavagada",,VERIFIED_FROM_OFFICIAL_SOURCE,56,5376,Agriculture Officer NAGALAMADIKE RSK | 8277932912
KA_TUMAKURU_PAVAGADA_5379,Karnataka,Tumakuru,Pavagada,,RSK,MANGALWADA,RSK MANGALWADA,"Agriculture Officer MANGALWADA, NIDGAL, RSK",,8277932913,8277932913,"Assistant Director of Agriculture Office, Pavagada",,VERIFIED_FROM_OFFICIAL_SOURCE,57,5379,"Agriculture Officer MANGALWADA, NIDGAL, RSK | 8277932913"
KA_TUMAKURU_PAVAGADA_5382,Karnataka,Tumakuru,Pavagada,,RSK,Y N HOSAKOTE RSK,RSK Y N HOSAKOTE RSK,Agriculture Officer Y N HOSAKOTE RSK,,8277932843,8277932843,"Assistant Director of Agriculture Office, Pavagada",,VERIFIED_FROM_OFFICIAL_SOURCE,58,5382,Agriculture Officer Y N HOSAKOTE RSK | 8277932843
KA_TUMAKURU_GUBBI_5385,Karnataka,Tumakuru,Gubbi,,DEPARTMENT_OFFICE,,"Assistant Director of Agriculture Office, Gubbi",Assistant Director of Agriculture,,8277932869,8277932869,"Assistant Director of Agriculture Office, Gubbi",,VERIFIED_FROM_OFFICIAL_SOURCE,59,5385,"Assistant Director of Agriculture Office, Gubbi | Assistant Director of Agriculture | 8277932869"
KA_TUMAKURU_GUBBI_5389,Karnataka,Tumakuru,Gubbi,,DEPARTMENT_OFFICE,,"Assistant Director of Agriculture Office, Gubbi",Agriculture Officer (T.O-1),,8277932949,8277932949,"Assistant Director of Agriculture Office, Gubbi",,VERIFIED_FROM_OFFICIAL_SOURCE,60,5389,Agriculture Officer (T.O-1) | 8277932949
KA_TUMAKURU_GUBBI_5392,Karnataka,Tumakuru,Gubbi,,DEPARTMENT_OFFICE,,"Assistant Director of Agriculture Office, Gubbi",Agriculture Officer (T.O-2),,8277932881,8277932881,"Assistant Director of Agriculture Office, Gubbi",,VERIFIED_FROM_OFFICIAL_SOURCE,61,5392,Agriculture Officer (T.O-2) | 8277932881
KA_TUMAKURU_GUBBI_5395,Karnataka,Tumakuru,Gubbi,,RSK,Kasaba RSK,RSK Kasaba RSK,Agriculture Officer Kasaba RSK,,8277932879,8277932879,"Assistant Director of Agriculture Office, Gubbi",,VERIFIED_FROM_OFFICIAL_SOURCE,62,5395,Agriculture Officer Kasaba RSK | 8277932879
KA_TUMAKURU_GUBBI_5398,Karnataka,Tumakuru,Gubbi,,RSK,Hagalavadi RSK,RSK Hagalavadi RSK,Agriculture Officer Hagalavadi RSK,,8277932870,8277932870,"Assistant Director of Agriculture Office, Gubbi",,VERIFIED_FROM_OFFICIAL_SOURCE,63,5398,Agriculture Officer Hagalavadi RSK | 8277932870
KA_TUMAKURU_GUBBI_5401,Karnataka,Tumakuru,Gubbi,,RSK,Chelur RSK,RSK Chelur RSK,Agriculture Officer Chelur RSK,,8277932875,8277932875,"Assistant Director of Agriculture Office, Gubbi",,VERIFIED_FROM_OFFICIAL_SOURCE,64,5401,Agriculture Officer Chelur RSK | 8277932875
KA_TUMAKURU_GUBBI_5404,Karnataka,Tumakuru,Gubbi,,RSK,Nittur RSK,RSK Nittur RSK,Agriculture Officer Nittur RSK (Incharge),,8277932874,8277932874,"Assistant Director of Agriculture Office, Gubbi",,VERIFIED_FROM_OFFICIAL_SOURCE,65,5404,Agriculture Officer Nittur RSK (Incharge) | 8277932874
KA_TUMAKURU_KUNIGAL_5407,Karnataka,Tumakuru,Kunigal,,DEPARTMENT_OFFICE,,"Assistant Director of Agriculture Office, Kunigal",Assistant Director of Agriculture,,8277932830,8277932830,"Assistant Director of Agriculture Office, Kunigal",,VERIFIED_FROM_OFFICIAL_SOURCE,66,5407,"Assistant Director of Agriculture Office, Kunigal | Assistant Director of Agriculture | 8277932830"
KA_TUMAKURU_KUNIGAL_5411,Karnataka,Tumakuru,Kunigal,,RSK,"Assistant Director of Agriculture Office, Kunigal","RSK Assistant Director of Agriculture Office, Kunigal",Agriculture Officer (TO-1) Yadiyur RSK (Incharge),,8277932835,8277932835,"Assistant Director of Agriculture Office, Kunigal",,VERIFIED_FROM_OFFICIAL_SOURCE,67,5411,Agriculture Officer (TO-1) Yadiyur RSK (Incharge) | 8277932835
KA_TUMAKURU_KUNIGAL_5414,Karnataka,Tumakuru,Kunigal,,RSK,"Assistant Director of Agriculture Office, Kunigal","RSK Assistant Director of Agriculture Office, Kunigal",Agriculture Officer (TO-1) Hutridurga RSK (Incharge),,8277932846,8277932846,"Assistant Director of Agriculture Office, Kunigal",,VERIFIED_FROM_OFFICIAL_SOURCE,68,5414,Agriculture Officer (TO-1) Hutridurga RSK (Incharge) | 8277932846
KA_TUMAKURU_KUNIGAL_5417,Karnataka,Tumakuru,Kunigal,,RSK,"Assistant Director of Agriculture Office, Kunigal","RSK Assistant Director of Agriculture Office, Kunigal",Agriculture Officer (TO-2) Kasaba RSK (Incharge),,8277932834,8277932834,"Assistant Director of Agriculture Office, Kunigal",,VERIFIED_FROM_OFFICIAL_SOURCE,69,5417,Agriculture Officer (TO-2) Kasaba RSK (Incharge) | 8277932834
KA_TUMAKURU_KUNIGAL_5420,Karnataka,Tumakuru,Kunigal,,RSK,"Assistant Director of Agriculture Office, Kunigal","RSK Assistant Director of Agriculture Office, Kunigal",Agriculture Officer (TO-2) Kothgere RSK (Incharge),,8277932836,8277932836,"Assistant Director of Agriculture Office, Kunigal",,VERIFIED_FROM_OFFICIAL_SOURCE,70,5420,Agriculture Officer (TO-2) Kothgere RSK (Incharge) | 8277932836
KA_TUMAKURU_SIRA_5423,Karnataka,Tumakuru,Sira,,DEPARTMENT_OFFICE,,"Assistant Director of Agriculture Office, Sira",Assistant Director of Agriculture,,8277932885,8277932885,"Assistant Director of Agriculture Office, Sira",,VERIFIED_FROM_OFFICIAL_SOURCE,71,5423,"Assistant Director of Agriculture Office, Sira | Assistant Director of Agriculture | 8277932885"
KA_TUMAKURU_SIRA_5427,Karnataka,Tumakuru,Sira,,DEPARTMENT_OFFICE,,"Assistant Director of Agriculture Office, Sira",Agriculture Officer (TO-1),,8277932886,8277932886,"Assistant Director of Agriculture Office, Sira",,VERIFIED_FROM_OFFICIAL_SOURCE,72,5427,Agriculture Officer (TO-1) | 8277932886
KA_TUMAKURU_SIRA_5430,Karnataka,Tumakuru,Sira,,DEPARTMENT_OFFICE,,"Assistant Director of Agriculture Office, Sira",Agriculture Officer (TO-2),,8277932887,8277932887,"Assistant Director of Agriculture Office, Sira",,VERIFIED_FROM_OFFICIAL_SOURCE,73,5430,Agriculture Officer (TO-2) | 8277932887
KA_TUMAKURU_SIRA_5433,Karnataka,Tumakuru,Sira,,DEPARTMENT_OFFICE,,"Assistant Director of Agriculture Office, Sira",Agriculture officer,,8277932895,8277932895,"Assistant Director of Agriculture Office, Sira",,VERIFIED_FROM_OFFICIAL_SOURCE,74,5433,Agriculture officer | 8277932895
KA_TUMAKURU_SIRA_5436,Karnataka,Tumakuru,Sira,,DEPARTMENT_OFFICE,,"Assistant Director of Agriculture Office, Sira",Agriculture officer,,8277932894,8277932894,"Assistant Director of Agriculture Office, Sira",,VERIFIED_FROM_OFFICIAL_SOURCE,75,5436,Agriculture officer | 8277932894
KA_TUMAKURU_SIRA_5439,Karnataka,Tumakuru,Sira,,DEPARTMENT_OFFICE,,"Assistant Director of Agriculture Office, Sira",Agriculture officer,,8277932861,8277932861,"Assistant Director of Agriculture Office, Sira",,VERIFIED_FROM_OFFICIAL_SOURCE,76,5439,Agriculture officer | 8277932861
KA_TUMAKURU_SIRA_5442,Karnataka,Tumakuru,Sira,,RSK,"Assistant Director of Agriculture Office, Sira","RSK Assistant Director of Agriculture Office, Sira","Agriculture Officer ( R.S.K, Kasaba Incharge )",,8277932890,8277932890,"Assistant Director of Agriculture Office, Sira",,VERIFIED_FROM_OFFICIAL_SOURCE,77,5442,"Agriculture Officer ( R.S.K, Kasaba Incharge ) | 8277932890"
KA_TUMAKURU_SIRA_5445,Karnataka,Tumakuru,Sira,,DEPARTMENT_OFFICE,,"Assistant Director of Agriculture Office, Sira","Agriculture Officer 01 ( R.S.K, Kallambella Incharge )",,8277932891,8277932891,"Assistant Director of Agriculture Office, Sira",,VERIFIED_FROM_OFFICIAL_SOURCE,78,5445,"Agriculture Officer 01 ( R.S.K, Kallambella Incharge ) | 8277932891"
KA_TUMAKURU_SIRA_5448,Karnataka,Tumakuru,Sira,,DEPARTMENT_OFFICE,,"Assistant Director of Agriculture Office, Sira","Agriculture Officer 02 ( R.S.K, Kallambella Incharge )",,8277932892,8277932892,"Assistant Director of Agriculture Office, Sira",,VERIFIED_FROM_OFFICIAL_SOURCE,79,5448,"Agriculture Officer 02 ( R.S.K, Kallambella Incharge ) | 8277932892"
KA_TUMAKURU_KORATAGERE_5451,Karnataka,Tumakuru,Koratagere,,DEPARTMENT_OFFICE,,"Assistant Director of Agriculture Office, Koratagere",Assistant Director of Agriculture,,8277932900,8277932900,"Assistant Director of Agriculture Office, Koratagere",,VERIFIED_FROM_OFFICIAL_SOURCE,80,5451,"Assistant Director of Agriculture Office, Koratagere | Assistant Director of Agriculture | 8277932900"
KA_TUMAKURU_KORATAGERE_5455,Karnataka,Tumakuru,Koratagere,,DEPARTMENT_OFFICE,,"Assistant Director of Agriculture Office, Koratagere",Agriculture Officer,,8277932955,8277932955,"Assistant Director of Agriculture Office, Koratagere",,VERIFIED_FROM_OFFICIAL_SOURCE,81,5455,Agriculture Officer | 8277932955
KA_TUMAKURU_KORATAGERE_5458,Karnataka,Tumakuru,Koratagere,,DEPARTMENT_OFFICE,,"Assistant Director of Agriculture Office, Koratagere",Agriculture Officer (TO-2),,8277932948,8277932948,"Assistant Director of Agriculture Office, Koratagere",,VERIFIED_FROM_OFFICIAL_SOURCE,82,5458,Agriculture Officer (TO-2) | 8277932948
KA_TUMAKURU_KORATAGERE_5461,Karnataka,Tumakuru,Koratagere,,DEPARTMENT_OFFICE,,"Assistant Director of Agriculture Office, Koratagere",Agriculture officer,,8277932859,8277932859,"Assistant Director of Agriculture Office, Koratagere",,VERIFIED_FROM_OFFICIAL_SOURCE,83,5461,Agriculture officer | 8277932859
KA_TUMAKURU_KORATAGERE_5464,Karnataka,Tumakuru,Koratagere,,DEPARTMENT_OFFICE,,"Assistant Director of Agriculture Office, Koratagere",Agriculture officer,,8277932815,8277932815,"Assistant Director of Agriculture Office, Koratagere",,VERIFIED_FROM_OFFICIAL_SOURCE,84,5464,Agriculture officer | 8277932815
KA_TUMAKURU_KORATAGERE_5467,Karnataka,Tumakuru,Koratagere,,DEPARTMENT_OFFICE,,"DATC,Chikkanahalli",Assistant Director of Agriculture,,8277932958,8277932958,"DATC,Chikkanahalli",,VERIFIED_FROM_OFFICIAL_SOURCE,85,5467,"DATC,Chikkanahalli | Assistant Director of Agriculture | 8277932958"
KA_TUMAKURU_KORATAGERE_5471,Karnataka,Tumakuru,Koratagere,,DEPARTMENT_OFFICE,,"DATC,Chikkanahalli",Assistant Director of Agriculture FW,,8277932959,8277932959,"DATC,Chikkanahalli",,VERIFIED_FROM_OFFICIAL_SOURCE,86,5471,Assistant Director of Agriculture FW | 8277932959
KA_TUMAKURU_KORATAGERE_5474,Karnataka,Tumakuru,Koratagere,,DEPARTMENT_OFFICE,,"DATC,Chikkanahalli",Agriculture officer,,8277932961,8277932961,"DATC,Chikkanahalli",,VERIFIED_FROM_OFFICIAL_SOURCE,87,5474,Agriculture officer | 8277932961
KA_TUMAKURU_KORATAGERE_5477,Karnataka,Tumakuru,Koratagere,,DEPARTMENT_OFFICE,,"DATC,Chikkanahalli",Agriculture officer,,8277932960,8277932960,"DATC,Chikkanahalli",,VERIFIED_FROM_OFFICIAL_SOURCE,88,5477,Agriculture officer | 8277932960
KA_UDUPI_UDUPI_5485,Karnataka,Udupi,Udupi,,DEPARTMENT_OFFICE,,Joint Director of Agriculture Udupi,Joint Director of Agriculture,,8277932500,8277932500,Joint Director of Agriculture Udupi,,VERIFIED_FROM_OFFICIAL_SOURCE,1,5485,Joint Director of Agriculture Udupi | Joint Director of Agriculture | 8277932500
KA_UDUPI_UDUPI_5489,Karnataka,Udupi,Udupi,,DEPARTMENT_OFFICE,,"Deputy Director of Agriculture,Udupi",Deputy Director of Agriculture,,8277932501,8277932501,"Deputy Director of Agriculture,Udupi",,VERIFIED_FROM_OFFICIAL_SOURCE,2,5489,"Deputy Director of Agriculture,Udupi | Deputy Director of Agriculture | 8277932501"
KA_UDUPI_UDUPI_5493,Karnataka,Udupi,Udupi,,DEPARTMENT_OFFICE,,Joint Director of Agriculture Udupi,Assistant Director of Agriculture (HQ),,8277932502,8277932502,Joint Director of Agriculture Udupi,,VERIFIED_FROM_OFFICIAL_SOURCE,3,5493,Joint Director of Agriculture Udupi | Assistant Director of Agriculture (HQ) | 8277932502
KA_UDUPI_UDUPI_5497,Karnataka,Udupi,Udupi,,DEPARTMENT_OFFICE,,Joint Director of Agriculture Udupi,Assistant Director of Agriculture (SMS),,8277932524,8277932524,Joint Director of Agriculture Udupi,,VERIFIED_FROM_OFFICIAL_SOURCE,4,5497,Joint Director of Agriculture Udupi | Assistant Director of Agriculture (SMS) | 8277932524
KA_UDUPI_UDUPI_5501,Karnataka,Udupi,Udupi,,DEPARTMENT_OFFICE,,Joint Director of Agriculture Udupi,Assistant Director of Agriculture(M&LD),,9071150501,9071150501,Joint Director of Agriculture Udupi,,VERIFIED_FROM_OFFICIAL_SOURCE,5,5501,Joint Director of Agriculture Udupi | Assistant Director of Agriculture(M&LD) | 9071150501
KA_UDUPI_UDUPI_5505,Karnataka,Udupi,Udupi,,DEPARTMENT_OFFICE,,Assistant Director of Agriculture Udupi,Assistant Director of Agriculture,,8277932515,8277932515,Assistant Director of Agriculture Udupi,,VERIFIED_FROM_OFFICIAL_SOURCE,6,5505,Assistant Director of Agriculture Udupi | Assistant Director of Agriculture | 8277932515
KA_UDUPI_UDUPI_5509,Karnataka,Udupi,Udupi,,DEPARTMENT_OFFICE,,Assistant Director of Agriculture Udupi,Agriculture officer,,8277932504,8277932504,Assistant Director of Agriculture Udupi,,VERIFIED_FROM_OFFICIAL_SOURCE,7,5509,Assistant Director of Agriculture Udupi | Agriculture officer | 8277932504
KA_UDUPI_UDUPI_5513,Karnataka,Udupi,Udupi,,RSK,Kaup,RSK Kaup,Agriculture officer,,8277929752,8277929752,RSK Kaup,,VERIFIED_FROM_OFFICIAL_SOURCE,8,5513,RSK Kaup | Agriculture officer | 8277929752
KA_UDUPI_UDUPI_5517,Karnataka,Udupi,Udupi,,DEPARTMENT_OFFICE,,RSKvKota,Agriculture officer,,8277929753,8277929753,RSKvKota,,VERIFIED_FROM_OFFICIAL_SOURCE,9,5517,RSKvKota | Agriculture officer | 8277929753
KA_UDUPI_UDUPI_5521,Karnataka,Udupi,Udupi,,RSK,Bramhavar,RSK Bramhavar,Assistant Agriculture officer,,8277932506,8277932506,RSK Bramhavar,,VERIFIED_FROM_OFFICIAL_SOURCE,10,5521,RSK Bramhavar | Assistant Agriculture officer | 8277932506
KA_UDUPI_UDUPI_5525,Karnataka,Udupi,Udupi,,DEPARTMENT_OFFICE,,Assistant Director of Agriculture Udupi,Agriculture officer,,8277932512,8277932512,Assistant Director of Agriculture Udupi,,VERIFIED_FROM_OFFICIAL_SOURCE,11,5525,Assistant Director of Agriculture Udupi | Agriculture officer | 8277932512
KA_UDUPI_KUNDAPUR_5529,Karnataka,Udupi,Kundapur,,DEPARTMENT_OFFICE,,Assistant Director of Agriculture Kundapur,Assistant Director of Agriculture,,8277932503,8277932503,Assistant Director of Agriculture Kundapur,,VERIFIED_FROM_OFFICIAL_SOURCE,12,5529,Assistant Director of Agriculture Kundapur | Assistant Director of Agriculture | 8277932503
KA_UDUPI_KUNDAPUR_5533,Karnataka,Udupi,Kundapur,,DEPARTMENT_OFFICE,,Assistant Director of Agriculture Kundapur,Agriculture officer,,8277929750,8277929750,Assistant Director of Agriculture Kundapur,,VERIFIED_FROM_OFFICIAL_SOURCE,13,5533,Assistant Director of Agriculture Kundapur | Agriculture officer | 8277929750
KA_UDUPI_KUNDAPUR_5537,Karnataka,Udupi,Kundapur,,RSK,Byndoor,RSK Byndoor,Agriculture officer,,8277932520,8277932520,"RSK, Byndoor",,VERIFIED_FROM_OFFICIAL_SOURCE,14,5537,"RSK, Byndoor | Agriculture officer | 8277932520"
KA_UDUPI_KUNDAPUR_5541,Karnataka,Udupi,Kundapur,,DEPARTMENT_OFFICE,,Seed Farm Koteshwara,Agriculture officer,,8277932522,8277932522,Seed Farm Koteshwara,,VERIFIED_FROM_OFFICIAL_SOURCE,15,5541,Seed Farm Koteshwara | Agriculture officer | 8277932522
KA_UDUPI_KARKALA_5545,Karnataka,Udupi,Karkala,,DEPARTMENT_OFFICE,,Assistant Director of Agriculture Karkala,Assistant Director of Agriculture,,8277932505,8277932505,Assistant Director of Agriculture Karkala,,VERIFIED_FROM_OFFICIAL_SOURCE,16,5545,Assistant Director of Agriculture Karkala | Assistant Director of Agriculture | 8277932505
KA_UDUPI_KARKALA_5549,Karnataka,Udupi,Karkala,,RSK,Ajekhar,RSK Ajekhar,Agriculture officer,,8277932527,8277932527,RSK Ajekhar,,VERIFIED_FROM_OFFICIAL_SOURCE,17,5549,RSK Ajekhar | Agriculture officer | 8277932527
KA_UDUPI_KARKALA_5553,Karnataka,Udupi,Karkala,,DEPARTMENT_OFFICE,,Assistant Director of Agriculture Karkala,Agriculture officer,,8277932529,8277932529,Assistant Director of Agriculture Karkala,,VERIFIED_FROM_OFFICIAL_SOURCE,18,5553,Assistant Director of Agriculture Karkala | Agriculture officer | 8277932529
KA_UDUPI_KARKALA_5557,Karnataka,Udupi,Karkala,,RSK,Karkala,RSK Karkala,Agriculture officer,,8277932523,8277932523,RSK Karkala,,VERIFIED_FROM_OFFICIAL_SOURCE,19,5557,RSK Karkala | Agriculture officer | 8277932523
KA_UDUPI_KARKALA_5561,Karnataka,Udupi,Karkala,,RSK,Hebri,RSK Hebri,Agriculture officer,,9071150502,9071150502,RsK Hebri,,VERIFIED_FROM_OFFICIAL_SOURCE,20,5561,RsK Hebri | Agriculture officer | 9071150502
KA_UTTARA_KANNADA_UTTARA_KANNADA_5570,Karnataka,Uttara Kannada,Uttara Kannada,,DEPARTMENT_OFFICE,,JDA Office Karwar,"Joint Director of Agriculture, Karwar",,8277933001,8277933001,JDA Office Karwar,,VERIFIED_FROM_OFFICIAL_SOURCE,1,5570,"JDA Office Karwar | Joint Director of Agriculture, Karwar | 8277933001"
KA_UTTARA_KANNADA_UTTARA_KANNADA_5574,Karnataka,Uttara Kannada,Uttara Kannada,,DEPARTMENT_OFFICE,,DDA 1 Office Karwar,"Deputy Director of Agriculture, Karwar",,8277933002,8277933002,DDA 1 Office Karwar,,VERIFIED_FROM_OFFICIAL_SOURCE,2,5574,"DDA 1 Office Karwar | Deputy Director of Agriculture, Karwar | 8277933002"
KA_UTTARA_KANNADA_UTTARA_KANNADA_5578,Karnataka,Uttara Kannada,Uttara Kannada,,DEPARTMENT_OFFICE,,DDA 2 Office Sirsi,"Deputy Director of Agriculture, Sirsi",,8277933004,8277933004,DDA 2 Office Sirsi,,VERIFIED_FROM_OFFICIAL_SOURCE,3,5578,"DDA 2 Office Sirsi | Deputy Director of Agriculture, Sirsi | 8277933004"
KA_UTTARA_KANNADA_UTTARA_KANNADA_5582,Karnataka,Uttara Kannada,Uttara Kannada,,RSK,JDA Office,RSK JDA Office,"Agriculture Officer, JDA Office, Karwar & I\C ADA Office Karwar",,8277933005,8277933005,JDA Office Karwar,,VERIFIED_FROM_OFFICIAL_SOURCE,4,5582,"JDA Office Karwar | Agriculture Officer, JDA Office, Karwar & I\C ADA Office Karwar | 8277933005"
KA_UTTARA_KANNADA_KARWAR_5586,Karnataka,Uttara Kannada,Karwar,,DEPARTMENT_OFFICE,,"ADA Office, Karwar","Assistant Director of Agriculture, Karwar",,8277933006,8277933006,"ADA Office, Karwar",,VERIFIED_FROM_OFFICIAL_SOURCE,5,5586,"ADA Office, Karwar | Assistant Director of Agriculture, Karwar | 8277933006"
KA_UTTARA_KANNADA_KARWAR_5590,Karnataka,Uttara Kannada,Karwar,,DEPARTMENT_OFFICE,,DATC Kumta,"Assistant Director of Agriculture, DATC Kumta",,8277933009,8277933009,DATC Kumta,,VERIFIED_FROM_OFFICIAL_SOURCE,6,5590,"DATC Kumta | Assistant Director of Agriculture, DATC Kumta | 8277933009"
KA_UTTARA_KANNADA_ANKOLA_5594,Karnataka,Uttara Kannada,Ankola,,DEPARTMENT_OFFICE,,"ADA Office, Ankola","Assistant Director of Agriculture, Ankola",,8277933018,8277933018,"ADA Office, Ankola",,VERIFIED_FROM_OFFICIAL_SOURCE,7,5594,"ADA Office, Ankola | Assistant Director of Agriculture, Ankola | 8277933018"
KA_UTTARA_KANNADA_ANKOLA_5598,Karnataka,Uttara Kannada,Ankola,,RSK,Ankola,RSK Ankola,"Agriculture Officer, Ankola",,8277933022,8277933022,"ADA Office, Ankola",,VERIFIED_FROM_OFFICIAL_SOURCE,8,5598,"ADA Office, Ankola | Agriculture Officer, Ankola | 8277933022"
KA_UTTARA_KANNADA_KUMTA_5602,Karnataka,Uttara Kannada,Kumta,,DEPARTMENT_OFFICE,,"ADA Office, Kumta","Assistant Director of Agriculture, Kumta",,8277933024,8277933024,"ADA Office, Kumta",,VERIFIED_FROM_OFFICIAL_SOURCE,9,5602,"ADA Office, Kumta | Assistant Director of Agriculture, Kumta | 8277933024"
KA_UTTARA_KANNADA_KUMTA_5606,Karnataka,Uttara Kannada,Kumta,,RSK,Kumta,RSK Kumta,"Agriculture Officer, Kumta",,8277933025,8277933025,"ADA Office, Kumta",,VERIFIED_FROM_OFFICIAL_SOURCE,10,5606,"ADA Office, Kumta | Agriculture Officer, Kumta | 8277933025"
KA_UTTARA_KANNADA_HONNAVAR_5610,Karnataka,Uttara Kannada,Honnavar,,DEPARTMENT_OFFICE,,"ADA Office, Honnavar","Assistant Director of Agriculture, Honnavar",,8277933036,8277933036,"ADA Office, Honnavar",,VERIFIED_FROM_OFFICIAL_SOURCE,11,5610,"ADA Office, Honnavar | Assistant Director of Agriculture, Honnavar | 8277933036"
KA_UTTARA_KANNADA_HONNAVAR_5614,Karnataka,Uttara Kannada,Honnavar,,RSK,Honnavar,RSK Honnavar,"Agriculture Officer, Honnavar",,8277933037,8277933037,"ADA Office, Honnavar",,VERIFIED_FROM_OFFICIAL_SOURCE,12,5614,"ADA Office, Honnavar | Agriculture Officer, Honnavar | 8277933037"
KA_UTTARA_KANNADA_HONNAVAR_5618,Karnataka,Uttara Kannada,Honnavar,,RSK,"Manki, Honnavar","RSK Manki, Honnavar","Agriculture Officer, RSK Manki",,8277933038,8277933038,"RSK Manki, Honnavar",,VERIFIED_FROM_OFFICIAL_SOURCE,13,5618,"RSK Manki, Honnavar | Agriculture Officer, RSK Manki | 8277933038"
KA_UTTARA_KANNADA_HONNAVAR_5622,Karnataka,Uttara Kannada,Honnavar,,RSK,"Hadinbal, Honnavar","RSK Hadinbal, Honnavar","Agriculture Officer, RSK Hadinbal",,8277933039,8277933039,"RSK Hadinbal, Honnavar",,VERIFIED_FROM_OFFICIAL_SOURCE,14,5622,"RSK Hadinbal, Honnavar | Agriculture Officer, RSK Hadinbal | 8277933039"
KA_UTTARA_KANNADA_HONNAVAR_5626,Karnataka,Uttara Kannada,Honnavar,,RSK,"Mavinkurve, Honnavar","RSK Mavinkurve, Honnavar","Agriculture Officer, RSK Mavinkurve",,8277933041,8277933041,"RSK Mavinkurve, Honnavar",,VERIFIED_FROM_OFFICIAL_SOURCE,15,5626,"RSK Mavinkurve, Honnavar | Agriculture Officer, RSK Mavinkurve | 8277933041"
KA_UTTARA_KANNADA_BHATKAL_5630,Karnataka,Uttara Kannada,Bhatkal,,DEPARTMENT_OFFICE,,"ADA Office, Bhatkal","Assistant Director of Agriculture, Bhatkal",,8277933042,8277933042,"ADA Office, Bhatkal",,VERIFIED_FROM_OFFICIAL_SOURCE,16,5630,"ADA Office, Bhatkal | Assistant Director of Agriculture, Bhatkal | 8277933042"
KA_UTTARA_KANNADA_SIRSI_5634,Karnataka,Uttara Kannada,Sirsi,,DEPARTMENT_OFFICE,,"ADA Office, Sirsi","Assistant Director of Agriculture, Sirsi",,8277933045,8277933045,"ADA Office, Sirsi",,VERIFIED_FROM_OFFICIAL_SOURCE,17,5634,"ADA Office, Sirsi | Assistant Director of Agriculture, Sirsi | 8277933045"
KA_UTTARA_KANNADA_MUNDGOD_5638,Karnataka,Uttara Kannada,Mundgod,,DEPARTMENT_OFFICE,,"ADA Office, Mundgod","Assistant Director of Agriculture, Mundgod",,8277933047,8277933047,"ADA Office, Mundgod",,VERIFIED_FROM_OFFICIAL_SOURCE,18,5638,"ADA Office, Mundgod | Assistant Director of Agriculture, Mundgod | 8277933047"
KA_UTTARA_KANNADA_BHATKAL_5642,Karnataka,Uttara Kannada,Bhatkal,,RSK,Bhatkal,RSK Bhatkal,"Agriculture Officer, Bhatkal",,8277933049,8277933049,"ADA Office, Bhatkal",,VERIFIED_FROM_OFFICIAL_SOURCE,19,5642,"ADA Office, Bhatkal | Agriculture Officer, Bhatkal | 8277933049"
KA_UTTARA_KANNADA_SIRSI_5646,Karnataka,Uttara Kannada,Sirsi,,DEPARTMENT_OFFICE,,"ADA Office, Sirsi","Agriculture Officer(TO), Sirsi & Yellapur(incharge)",,8277933050,8277933050,"ADA Office, Sirsi",,VERIFIED_FROM_OFFICIAL_SOURCE,20,5646,"ADA Office, Sirsi | Agriculture Officer(TO), Sirsi & Yellapur(incharge) | 8277933050"
KA_UTTARA_KANNADA_SIRSI_5650,Karnataka,Uttara Kannada,Sirsi,,RSK,DDA Office Sirsi,RSK DDA Office Sirsi,"Agriculture Officer, DDA Office Sirsi",,8277933054,8277933054,DDA 2 Office Sirsi,,VERIFIED_FROM_OFFICIAL_SOURCE,21,5650,"DDA 2 Office Sirsi | Agriculture Officer, DDA Office Sirsi | 8277933054"
KA_UTTARA_KANNADA_SIRSI_5654,Karnataka,Uttara Kannada,Sirsi,,RSK,"Banavasi, Sirsi","RSK Banavasi, Sirsi","Agriculture Officer, RSK Banavasi",,8277933057,8277933057,"RSK Banavasi, Sirsi",,VERIFIED_FROM_OFFICIAL_SOURCE,22,5654,"RSK Banavasi, Sirsi | Agriculture Officer, RSK Banavasi | 8277933057"
KA_UTTARA_KANNADA_SIDDAPUR_5658,Karnataka,Uttara Kannada,Siddapur,,DEPARTMENT_OFFICE,,"ADA Office, Siddapur","Assistant Director of Agriculture, Siddapur",,8277933058,8277933058,"ADA Office, Siddapur",,VERIFIED_FROM_OFFICIAL_SOURCE,23,5658,"ADA Office, Siddapur | Assistant Director of Agriculture, Siddapur | 8277933058"
KA_UTTARA_KANNADA_SIDDAPUR_5662,Karnataka,Uttara Kannada,Siddapur,,RSK,Siddapur,RSK Siddapur,"Agriculture Officer, Siddapur",,8277933059,8277933059,"ADA Office, Siddapur",,VERIFIED_FROM_OFFICIAL_SOURCE,24,5662,"ADA Office, Siddapur | Agriculture Officer, Siddapur | 8277933059"
KA_UTTARA_KANNADA_SIDDAPUR_5666,Karnataka,Uttara Kannada,Siddapur,,RSK,"Kondli, Siddapur","RSK Kondli, Siddapur","Agriculture Officer, Kondli",,8277933060,8277933060,"RSK Kondli, Siddapur",,VERIFIED_FROM_OFFICIAL_SOURCE,25,5666,"RSK Kondli, Siddapur | Agriculture Officer, Kondli | 8277933060"
KA_UTTARA_KANNADA_SIDDAPUR_5670,Karnataka,Uttara Kannada,Siddapur,,RSK,"Umbalmane, Siddapur","RSK Umbalmane, Siddapur","Agriculture Officer, RSK Umbalmane",,8277933062,8277933062,"RSK Umbalmane, Siddapur",,VERIFIED_FROM_OFFICIAL_SOURCE,26,5670,"RSK Umbalmane, Siddapur | Agriculture Officer, RSK Umbalmane | 8277933062"
KA_UTTARA_KANNADA_SIDDAPUR_5674,Karnataka,Uttara Kannada,Siddapur,,DEPARTMENT_OFFICE,,JDA Office Karwar,Assistant Director of Agriculture (FW) JDA Office Karwar,,8277933064,8277933064,JDA Office Karwar,,VERIFIED_FROM_OFFICIAL_SOURCE,27,5674,JDA Office Karwar | Assistant Director of Agriculture (FW) JDA Office Karwar | 8277933064
KA_UTTARA_KANNADA_HALIYAL_5678,Karnataka,Uttara Kannada,Haliyal,,RSK,Haliyal,RSK Haliyal,"Agriculture Officer, Haliyal",,8277933065,8277933065,"ADA Office, Haliyal",,VERIFIED_FROM_OFFICIAL_SOURCE,28,5678,"ADA Office, Haliyal | Agriculture Officer, Haliyal | 8277933065"
KA_UTTARA_KANNADA_MUNDGOD_5682,Karnataka,Uttara Kannada,Mundgod,,RSK,Mundgod,RSK Mundgod,"Agriculture Officer, Mundgod",,8277933066,8277933066,"ADA Office, Mundgod",,VERIFIED_FROM_OFFICIAL_SOURCE,29,5682,"ADA Office, Mundgod | Agriculture Officer, Mundgod | 8277933066"
KA_UTTARA_KANNADA_JOIDA_5686,Karnataka,Uttara Kannada,Joida,,DEPARTMENT_OFFICE,,"ADA Office, Joida","Assistant Director of Agriculture, Joida",,8277933071,8277933071,"ADA Office, Joida",,VERIFIED_FROM_OFFICIAL_SOURCE,30,5686,"ADA Office, Joida | Assistant Director of Agriculture, Joida | 8277933071"
KA_UTTARA_KANNADA_JOIDA_5690,Karnataka,Uttara Kannada,Joida,,RSK,Joida,RSK Joida,"Agriculture Officer, Joida",,8277933073,8277933073,"ADA Office, Joida",,VERIFIED_FROM_OFFICIAL_SOURCE,31,5690,"ADA Office, Joida | Agriculture Officer, Joida | 8277933073"
KA_UTTARA_KANNADA_JOIDA_5694,Karnataka,Uttara Kannada,Joida,,RSK,"Sambrani, Haliyal","RSK Sambrani, Haliyal","Agriculture Officer, Sambrani",,8277933077,8277933077,"RSK Sambrani, Haliyal",,VERIFIED_FROM_OFFICIAL_SOURCE,32,5694,"RSK Sambrani, Haliyal | Agriculture Officer, Sambrani | 8277933077"
KA_UTTARA_KANNADA_JOIDA_5698,Karnataka,Uttara Kannada,Joida,,RSK,"Murkwad, Haliyal","RSK Murkwad, Haliyal","Agriculture Officer, Murkwad",,8277933080,8277933080,"RSK Murkwad, Haliyal",,VERIFIED_FROM_OFFICIAL_SOURCE,33,5698,"RSK Murkwad, Haliyal | Agriculture Officer, Murkwad | 8277933080"
KA_UTTARA_KANNADA_HALIYAL_5702,Karnataka,Uttara Kannada,Haliyal,,DEPARTMENT_OFFICE,,"ADA Office, Haliyal","Assistant Director of Agriculture, Haliyal",,8277933081,8277933081,"ADA Office, Haliyal",,VERIFIED_FROM_OFFICIAL_SOURCE,34,5702,"ADA Office, Haliyal | Assistant Director of Agriculture, Haliyal | 8277933081"
KA_UTTARA_KANNADA_YELLAPUR_5706,Karnataka,Uttara Kannada,Yellapur,,DEPARTMENT_OFFICE,,"ADA Office, Yellapur",Assistant Director of Agriculture,,8884007996,8884007996,"ADA Office, Yellapur",,VERIFIED_FROM_OFFICIAL_SOURCE,35,5706,"ADA Office, Yellapur | Assistant Director of Agriculture | 8884007996"
KA_UTTARA_KANNADA_SIRSI_5710,Karnataka,Uttara Kannada,Sirsi,,RSK,Sirsi,RSK Sirsi,"Agriculture Officer, Sirsi",,8884008017,8884008017,"ADA Office, Sirsi",,VERIFIED_FROM_OFFICIAL_SOURCE,36,5710,"ADA Office, Sirsi | Agriculture Officer, Sirsi | 8884008017"
KA_VIJAYAPURA_VIJAYAPURA_5719,Karnataka,Vijayapura,Vijayapura,,DEPARTMENT_OFFICE,,Joint Director Agriculture Vijayapur,Joint Director of Agriculture,,8277930601,8277930601,o/o Joint Director Agriculture Vijayapur,,VERIFIED_FROM_OFFICIAL_SOURCE,1,5719,o/o Joint Director Agriculture Vijayapur | Joint Director of Agriculture | 8277930601
KA_VIJAYAPURA_VIJAYAPURA_5723,Karnataka,Vijayapura,Vijayapura,,DEPARTMENT_OFFICE,,Joint Director Agriculture Vijayapur,Asst. Director of Agriculture (HQ),,8277933129,8277933129,o/o Joint Director Agriculture Vijayapur,,VERIFIED_FROM_OFFICIAL_SOURCE,2,5723,o/o Joint Director Agriculture Vijayapur | Asst. Director of Agriculture (HQ) | 8277933129
KA_VIJAYAPURA_VIJAYAPURA_5727,Karnataka,Vijayapura,Vijayapura,,DEPARTMENT_OFFICE,,Joint Director Agriculture Vijayapur,Asst. Director of Agriculture (SMS),,9513300103,9513300103,o/o Joint Director Agriculture Vijayapur,,VERIFIED_FROM_OFFICIAL_SOURCE,3,5727,o/o Joint Director Agriculture Vijayapur | Asst. Director of Agriculture (SMS) | 9513300103
KA_VIJAYAPURA_VIJAYAPURA_5731,Karnataka,Vijayapura,Vijayapura,,DEPARTMENT_OFFICE,,Joint Director Agriculture Vijayapur,Asst. Director of Agriculture (Veg-1),,8277935492,8277935492,o/o Joint Director Agriculture Vijayapur,,VERIFIED_FROM_OFFICIAL_SOURCE,4,5731,o/o Joint Director Agriculture Vijayapur | Asst. Director of Agriculture (Veg-1) | 8277935492
KA_VIJAYAPURA_VIJAYAPURA_5735,Karnataka,Vijayapura,Vijayapura,,DEPARTMENT_OFFICE,,Joint Director Agriculture Vijayapur,Asst. Director of Agriculture (Veg-2),,8277930609,8277930609,o/o Joint Director Agriculture Vijayapur,,VERIFIED_FROM_OFFICIAL_SOURCE,5,5735,o/o Joint Director Agriculture Vijayapur | Asst. Director of Agriculture (Veg-2) | 8277930609
KA_VIJAYAPURA_VIJAYAPURA_5739,Karnataka,Vijayapura,Vijayapura,,DEPARTMENT_OFFICE,,Joint Director Agriculture Vijayapur,Asst. Director of Agriculture (M&E),,9739850093,9739850093,o/o Joint Director Agriculture Vijayapur,,VERIFIED_FROM_OFFICIAL_SOURCE,6,5739,o/o Joint Director Agriculture Vijayapur | Asst. Director of Agriculture (M&E) | 9739850093
KA_VIJAYAPURA_VIJAYAPURA_5743,Karnataka,Vijayapura,Vijayapura,,DEPARTMENT_OFFICE,,Joint Director Agriculture Vijayapur,Asst. Director of Agriculture (FW),,9513300106,9513300106,o/o Joint Director Agriculture Vijayapur,,VERIFIED_FROM_OFFICIAL_SOURCE,7,5743,o/o Joint Director Agriculture Vijayapur | Asst. Director of Agriculture (FW) | 9513300106
KA_VIJAYAPURA_VIJAYAPURA_5747,Karnataka,Vijayapura,Vijayapura,,DEPARTMENT_OFFICE,,Joint Director Agriculture Vijayapur,Agriculture Officer (Tech-1),,8277930610,8277930610,o/o Joint Director Agriculture Vijayapur,,VERIFIED_FROM_OFFICIAL_SOURCE,8,5747,o/o Joint Director Agriculture Vijayapur | Agriculture Officer (Tech-1) | 8277930610
KA_VIJAYAPURA_VIJAYAPURA_5751,Karnataka,Vijayapura,Vijayapura,,DEPARTMENT_OFFICE,,Joint Director Agriculture Vijayapur,Agriculture Officer (Tech-2),,8277930611,8277930611,o/o Joint Director Agriculture Vijayapur,,VERIFIED_FROM_OFFICIAL_SOURCE,9,5751,o/o Joint Director Agriculture Vijayapur | Agriculture Officer (Tech-2) | 8277930611
KA_VIJAYAPURA_VIJAYAPURA_5755,Karnataka,Vijayapura,Vijayapura,,DEPARTMENT_OFFICE,,Joint Director Agriculture Vijayapur,Agriculture Officer (Tech-2),,8277934002,8277934002,o/o Joint Director Agriculture Vijayapur,,VERIFIED_FROM_OFFICIAL_SOURCE,10,5755,o/o Joint Director Agriculture Vijayapur | Agriculture Officer (Tech-2) | 8277934002
KA_VIJAYAPURA_VIJAYAPURA_5759,Karnataka,Vijayapura,Vijayapura,,DEPARTMENT_OFFICE,,Deputy Director of Agriculture-1 Vijayapur,Deputy Director of Agriculture-1,,8277930602,8277930602,Deputy Director of Agriculture-1 Vijayapur,,VERIFIED_FROM_OFFICIAL_SOURCE,11,5759,Deputy Director of Agriculture-1 Vijayapur | Deputy Director of Agriculture-1 | 8277930602
KA_VIJAYAPURA_VIJAYAPURA_5763,Karnataka,Vijayapura,Vijayapura,,DEPARTMENT_OFFICE,,Deputy Director of Agriculture-1 Vijayapur,Agriculture Officer,,8277930613,8277930613,Deputy Director of Agriculture-1 Vijayapur,,VERIFIED_FROM_OFFICIAL_SOURCE,12,5763,Deputy Director of Agriculture-1 Vijayapur | Agriculture Officer | 8277930613
KA_VIJAYAPURA_VIJAYAPURA_5767,Karnataka,Vijayapura,Vijayapura,,DEPARTMENT_OFFICE,,Deputy Director of Agriculture-1 Vijayapur,Agriculture Officer,,8277930614,8277930614,Deputy Director of Agriculture-1 Vijayapur,,VERIFIED_FROM_OFFICIAL_SOURCE,13,5767,Deputy Director of Agriculture-1 Vijayapur | Agriculture Officer | 8277930614
KA_VIJAYAPURA_VIJAYAPURA_5771,Karnataka,Vijayapura,Vijayapura,,DEPARTMENT_OFFICE,,Deputy Director of Agriculture-2 Indi,Deputy Director of Agriculture-2,,8277930603,8277930603,Deputy Director of Agriculture-2 Indi,,VERIFIED_FROM_OFFICIAL_SOURCE,13,5771,Deputy Director of Agriculture-2 Indi | Deputy Director of Agriculture-2 | 8277930603
KA_VIJAYAPURA_VIJAYAPURA_5775,Karnataka,Vijayapura,Vijayapura,,DEPARTMENT_OFFICE,,Deputy Director of Agriculture-2 Indi,Deputy Director of Agriculture-2,,8884003946,8884003946,Deputy Director of Agriculture-2 Indi,,VERIFIED_FROM_OFFICIAL_SOURCE,14,5775,Deputy Director of Agriculture-2 Indi | Deputy Director of Agriculture-2 | 8884003946
KA_VIJAYAPURA_VIJAYAPURA_5779,Karnataka,Vijayapura,Vijayapura,,DEPARTMENT_OFFICE,,Deputy Director of Agriculture-2 Indi,Deputy Director of Agriculture-2,,8884003983,8884003983,Deputy Director of Agriculture-2 Indi,,VERIFIED_FROM_OFFICIAL_SOURCE,15,5779,Deputy Director of Agriculture-2 Indi | Deputy Director of Agriculture-2 | 8884003983
KA_VIJAYAPURA_VIJAYAPURA_5783,Karnataka,Vijayapura,Vijayapura,,DEPARTMENT_OFFICE,,"Deputy Director of Agriculture, DATC, Vijayapur",Deputy Director of Agriculture,,8277930604,8277930604,"Deputy Director of Agriculture, DATC, Vijayapur",,VERIFIED_FROM_OFFICIAL_SOURCE,16,5783,"Deputy Director of Agriculture, DATC, Vijayapur | Deputy Director of Agriculture | 8277930604"
KA_VIJAYAPURA_VIJAYAPURA_5787,Karnataka,Vijayapura,Vijayapura,,DEPARTMENT_OFFICE,,"Deputy Director of Agriculture, DATC, Vijayapur",Assistant Director of Agriculture,,8277930617,8277930617,"Deputy Director of Agriculture, DATC, Vijayapur",,VERIFIED_FROM_OFFICIAL_SOURCE,17,5787,"Deputy Director of Agriculture, DATC, Vijayapur | Assistant Director of Agriculture | 8277930617"
KA_VIJAYAPURA_VIJAYAPURA_5791,Karnataka,Vijayapura,Vijayapura,,DEPARTMENT_OFFICE,,"Deputy Director of Agriculture, DATC, Vijayapur",Assistant Director of Agriculture,,9513300126,9513300126,"Deputy Director of Agriculture, DATC, Vijayapur",,VERIFIED_FROM_OFFICIAL_SOURCE,18,5791,"Deputy Director of Agriculture, DATC, Vijayapur | Assistant Director of Agriculture | 9513300126"
KA_VIJAYAPURA_VIJAYAPURA_5795,Karnataka,Vijayapura,Vijayapura,,DEPARTMENT_OFFICE,,"Deputy Director of Agriculture, DATC, Vijayapur",Assistant Director of Agriculture,,9513300128,9513300128,"Deputy Director of Agriculture, DATC, Vijayapur",,VERIFIED_FROM_OFFICIAL_SOURCE,19,5795,"Deputy Director of Agriculture, DATC, Vijayapur | Assistant Director of Agriculture | 9513300128"
KA_VIJAYAPURA_VIJAYAPURA_5799,Karnataka,Vijayapura,Vijayapura,,DEPARTMENT_OFFICE,,"Deputy Director of Agriculture, DATC, Vijayapur",Agriculture Officer,,8277930615,8277930615,"Deputy Director of Agriculture, DATC, Vijayapur",,VERIFIED_FROM_OFFICIAL_SOURCE,20,5799,"Deputy Director of Agriculture, DATC, Vijayapur | Agriculture Officer | 8277930615"
KA_VIJAYAPURA_VIJAYAPURA_5803,Karnataka,Vijayapura,Vijayapura,,DEPARTMENT_OFFICE,,"Deputy Director of Agriculture, DATC, Vijayapur",Agriculture Officer,,8277930619,8277930619,"Deputy Director of Agriculture, DATC, Vijayapur",,VERIFIED_FROM_OFFICIAL_SOURCE,21,5803,"Deputy Director of Agriculture, DATC, Vijayapur | Agriculture Officer | 8277930619"
KA_VIJAYAPURA_VIJAYAPURA_5807,Karnataka,Vijayapura,Vijayapura,,DEPARTMENT_OFFICE,,"Deputy Director of Agriculture, DATC, Vijayapur",Agriculture Officer,,9513300102,9513300102,"Deputy Director of Agriculture, DATC, Vijayapur",,VERIFIED_FROM_OFFICIAL_SOURCE,22,5807,"Deputy Director of Agriculture, DATC, Vijayapur | Agriculture Officer | 9513300102"
KA_VIJAYAPURA_VIJAYAPURA_5811,Karnataka,Vijayapura,Vijayapura,,DEPARTMENT_OFFICE,,"Deputy Director of Agriculture, DATC, Vijayapur",Agriculture Officer,,8277930608,8277930608,"Deputy Director of Agriculture, DATC, Vijayapur",,VERIFIED_FROM_OFFICIAL_SOURCE,23,5811,"Deputy Director of Agriculture, DATC, Vijayapur | Agriculture Officer | 8277930608"
KA_VIJAYAPURA_VIJAYAPUR_5815,Karnataka,Vijayapura,Vijayapur,,DEPARTMENT_OFFICE,,"Assistant Director of agriculture, Vijayapur",Assistant Director of Agriculture,,8884004342,8884004342,"Assistant Director of agriculture, Vijayapur",,VERIFIED_FROM_OFFICIAL_SOURCE,24,5815,"Assistant Director of agriculture, Vijayapur | Assistant Director of Agriculture | 8884004342"
KA_VIJAYAPURA_BABALESWAR_5819,Karnataka,Vijayapura,Babaleswar,,DEPARTMENT_OFFICE,,"Assistant Director of agriculture, Babaleswar",Assistant Director of Agriculture,,9513300109,9513300109,"Assistant Director of agriculture, Babaleswar",,VERIFIED_FROM_OFFICIAL_SOURCE,25,5819,"Assistant Director of agriculture, Babaleswar | Assistant Director of Agriculture | 9513300109"
KA_VIJAYAPURA_TIKOTA_5823,Karnataka,Vijayapura,Tikota,,DEPARTMENT_OFFICE,,"Assistant Director of agriculture, Tikota",Assistant Director of Agriculture,,9513300108,9513300108,"Assistant Director of agriculture, Tikota",,VERIFIED_FROM_OFFICIAL_SOURCE,26,5823,"Assistant Director of agriculture, Tikota | Assistant Director of Agriculture | 9513300108"
KA_VIJAYAPURA_VIJAYAPUR_5827,Karnataka,Vijayapura,Vijayapur,,DEPARTMENT_OFFICE,,"Assistant Director of agriculture, Vijayapur",Agriculture Officer,,8884004387,8884004387,"Assistant Director of agriculture, Vijayapur",,VERIFIED_FROM_OFFICIAL_SOURCE,27,5827,"Assistant Director of agriculture, Vijayapur | Agriculture Officer | 8884004387"
KA_VIJAYAPURA_VIJAYAPUR_5831,Karnataka,Vijayapura,Vijayapur,,DEPARTMENT_OFFICE,,"Assistant Director of agriculture, Vijayapur",Agriculture Officer,,8277935491,8277935491,"Assistant Director of agriculture, Vijayapur",,VERIFIED_FROM_OFFICIAL_SOURCE,28,5831,"Assistant Director of agriculture, Vijayapur | Agriculture Officer | 8277935491"
KA_VIJAYAPURA_VIJAYAPUR_5835,Karnataka,Vijayapura,Vijayapur,,RSK,Vijayapur,RSK Vijayapur,Agriculture Officer,,8277930667,8277930667,RSK Vijayapur,,VERIFIED_FROM_OFFICIAL_SOURCE,29,5835,RSK Vijayapur | Agriculture Officer | 8277930667
KA_VIJAYAPURA_VIJAYAPUR_5839,Karnataka,Vijayapura,Vijayapur,,RSK,Vijayapur,RSK Vijayapur,Agriculture Officer,,8277930674,8277930674,RSK Vijayapur,,VERIFIED_FROM_OFFICIAL_SOURCE,30,5839,RSK Vijayapur | Agriculture Officer | 8277930674
KA_VIJAYAPURA_VIJAYAPUR_5843,Karnataka,Vijayapura,Vijayapur,,RSK,Tikota,RSK Tikota,Agriculture Officer,,8884004328,8884004328,RSK Tikota,,VERIFIED_FROM_OFFICIAL_SOURCE,31,5843,RSK Tikota | Agriculture Officer | 8884004328
KA_VIJAYAPURA_VIJAYAPUR_5847,Karnataka,Vijayapura,Vijayapur,,RSK,Tikota,RSK Tikota,Agriculture Officer,,8884004468,8884004468,RSK Tikota,,VERIFIED_FROM_OFFICIAL_SOURCE,32,5847,RSK Tikota | Agriculture Officer | 8884004468
KA_VIJAYAPURA_VIJAYAPUR_5851,Karnataka,Vijayapura,Vijayapur,,RSK,Tikota,RSK Tikota,Assistant Agriculture Officer,,8884004492,8884004492,RSK Tikota,,VERIFIED_FROM_OFFICIAL_SOURCE,33,5851,RSK Tikota | Assistant Agriculture Officer | 8884004492
KA_VIJAYAPURA_VIJAYAPUR_5855,Karnataka,Vijayapura,Vijayapur,,RSK,Nagathan,RSK Nagathan,Agriculture Officer,,8277930676,8277930676,RSK Nagathan,,VERIFIED_FROM_OFFICIAL_SOURCE,34,5855,RSK Nagathan | Agriculture Officer | 8277930676
KA_VIJAYAPURA_VIJAYAPUR_5859,Karnataka,Vijayapura,Vijayapur,,RSK,Nagathan,RSK Nagathan,Agriculture Officer,,8884004392,8884004392,RSK Nagathan,,VERIFIED_FROM_OFFICIAL_SOURCE,35,5859,RSK Nagathan | Agriculture Officer | 8884004392
KA_VIJAYAPURA_VIJAYAPUR_5863,Karnataka,Vijayapura,Vijayapur,,RSK,Babaleshwar,RSK Babaleshwar,Agriculture Officer,,8884004328,8884004328,RSK Babaleshwar,,VERIFIED_FROM_OFFICIAL_SOURCE,36,5863,RSK Babaleshwar | Agriculture Officer | 8884004328
KA_VIJAYAPURA_VIJAYAPUR_5867,Karnataka,Vijayapura,Vijayapur,,RSK,Mamadapur,RSK Mamadapur,Agriculture Officer,,8277934592,8277934592,RSK Mamadapur,,VERIFIED_FROM_OFFICIAL_SOURCE,37,5867,RSK Mamadapur | Agriculture Officer | 8277934592
KA_VIJAYAPURA_VIJAYAPUR_5871,Karnataka,Vijayapura,Vijayapur,,RSK,Mamadapur,RSK Mamadapur,Agriculture Officer,,8277930673,8277930673,RSK Mamadapur,,VERIFIED_FROM_OFFICIAL_SOURCE,38,5871,RSK Mamadapur | Agriculture Officer | 8277930673
KA_VIJAYAPURA_INDI_5875,Karnataka,Vijayapura,Indi,,DEPARTMENT_OFFICE,,"Assistant Director of agriculture, Indi",Assistant Director of Agriculture,,8277930697,8277930697,"Assistant Director of agriculture, Indi",,VERIFIED_FROM_OFFICIAL_SOURCE,39,5875,"Assistant Director of agriculture, Indi | Assistant Director of Agriculture | 8277930697"
KA_VIJAYAPURA_CHADACHAN_5879,Karnataka,Vijayapura,Chadachan,,DEPARTMENT_OFFICE,,"Assistant Director of agriculture, Chadachan",Assistant Director of Agriculture,,9513300124,9513300124,"Assistant Director of agriculture, Chadachan",,VERIFIED_FROM_OFFICIAL_SOURCE,40,5879,"Assistant Director of agriculture, Chadachan | Assistant Director of Agriculture | 9513300124"
KA_VIJAYAPURA_INDI_5883,Karnataka,Vijayapura,Indi,,DEPARTMENT_OFFICE,,"Assistant Director of agriculture, Indi",Agriculture Officer,,8277930725,8277930725,"Assistant Director of agriculture, Indi",,VERIFIED_FROM_OFFICIAL_SOURCE,41,5883,"Assistant Director of agriculture, Indi | Agriculture Officer | 8277930725"
KA_VIJAYAPURA_INDI_5887,Karnataka,Vijayapura,Indi,,DEPARTMENT_OFFICE,,"Assistant Director of agriculture, Indi",Agriculture Officer,,8277930720,8277930720,"Assistant Director of agriculture, Indi",,VERIFIED_FROM_OFFICIAL_SOURCE,42,5887,"Assistant Director of agriculture, Indi | Agriculture Officer | 8277930720"
KA_VIJAYAPURA_INDI_5891,Karnataka,Vijayapura,Indi,,RSK,Ballolli,RSK Ballolli,Agriculture Officer,,8277930714,8277930714,RSK Ballolli,,VERIFIED_FROM_OFFICIAL_SOURCE,43,5891,RSK Ballolli | Agriculture Officer | 8277930714
KA_VIJAYAPURA_INDI_5895,Karnataka,Vijayapura,Indi,,RSK,Chadachan,RSK Chadachan,Agriculture Officer,,8277930706,8277930706,RSK Chadachan,,VERIFIED_FROM_OFFICIAL_SOURCE,44,5895,RSK Chadachan | Agriculture Officer | 8277930706
KA_VIJAYAPURA_INDI_5899,Karnataka,Vijayapura,Indi,,RSK,RSK Chadachan,RSK Chadachan,Agriculture Officer - -,,,,RSK Chadachan,,VERIFIED_FROM_OFFICIAL_SOURCE,45,5899,RSK Chadachan | Agriculture Officer | -
KA_VIJAYAPURA_INDI_5903,Karnataka,Vijayapura,Indi,,RSK,Indi,RSK Indi,Agriculture Officer,,8884004095,8884004095,RSK Indi,,VERIFIED_FROM_OFFICIAL_SOURCE,46,5903,RSK Indi | Agriculture Officer | 8884004095
KA_VIJAYAPURA_BASAVAN_BAGEWADI_5907,Karnataka,Vijayapura,Basavan Bagewadi,,DEPARTMENT_OFFICE,,"Assistant Director of agriculture, Basavan Bagewadi",Assistant Director of Agriculture,,8277930621,8277930621,"Assistant Director of agriculture, Basavan Bagewadi",,VERIFIED_FROM_OFFICIAL_SOURCE,47,5907,"Assistant Director of agriculture, Basavan Bagewadi | Assistant Director of Agriculture | 8277930621"
KA_VIJAYAPURA_NIAGUNDI_5911,Karnataka,Vijayapura,Niagundi,,DEPARTMENT_OFFICE,,"Assistant Director of agriculture, Niagundi",Assistant Director of Agriculture,,9513300121,9513300121,"Assistant Director of agriculture, Niagundi",,VERIFIED_FROM_OFFICIAL_SOURCE,48,5911,"Assistant Director of agriculture, Niagundi | Assistant Director of Agriculture | 9513300121"
KA_VIJAYAPURA_KOLHAR_5915,Karnataka,Vijayapura,Kolhar,,DEPARTMENT_OFFICE,,"Assistant Director of agriculture, Kolhar",Assistant Director of Agriculture,,9513300120,9513300120,"Assistant Director of agriculture, Kolhar",,VERIFIED_FROM_OFFICIAL_SOURCE,49,5915,"Assistant Director of agriculture, Kolhar | Assistant Director of Agriculture | 9513300120"
KA_VIJAYAPURA_BASAVAN_BAGEWADI_5919,Karnataka,Vijayapura,Basavan Bagewadi,,DEPARTMENT_OFFICE,,"Assistant Director of agriculture, Basavan Bagewadi",Agriculture Officer,,8277930626,8277930626,"Assistant Director of agriculture, Basavan Bagewadi",,VERIFIED_FROM_OFFICIAL_SOURCE,50,5919,"Assistant Director of agriculture, Basavan Bagewadi | Agriculture Officer | 8277930626"
KA_VIJAYAPURA_BASAVAN_BAGEWADI_5923,Karnataka,Vijayapura,Basavan Bagewadi,,RSK,Basavan Bagewadi,RSK Basavan Bagewadi,Agriculture Officer,,8277930632,8277930632,RSK Basavan Bagewadi,,VERIFIED_FROM_OFFICIAL_SOURCE,51,5923,RSK Basavan Bagewadi | Agriculture Officer | 8277930632
KA_VIJAYAPURA_BASAVAN_BAGEWADI_5927,Karnataka,Vijayapura,Basavan Bagewadi,,RSK,Nidagundi,RSK Nidagundi,Agriculture Officer,,8277930657,8277930657,RSK Nidagundi,,VERIFIED_FROM_OFFICIAL_SOURCE,52,5927,RSK Nidagundi | Agriculture Officer | 8277930657
KA_VIJAYAPURA_BASAVAN_BAGEWADI_5931,Karnataka,Vijayapura,Basavan Bagewadi,,RSK,Nidagundi,RSK Nidagundi,Agriculture Officer,,8277930634,8277930634,RSK Nidagundi,,VERIFIED_FROM_OFFICIAL_SOURCE,53,5931,RSK Nidagundi | Agriculture Officer | 8277930634
KA_VIJAYAPURA_BASAVAN_BAGEWADI_5935,Karnataka,Vijayapura,Basavan Bagewadi,,RSK,Managuli,RSK Managuli,Agriculture Officer,,8277930628,8277930628,RSK Managuli,,VERIFIED_FROM_OFFICIAL_SOURCE,54,5935,RSK Managuli | Agriculture Officer | 8277930628
KA_VIJAYAPURA_BASAVAN_BAGEWADI_5939,Karnataka,Vijayapura,Basavan Bagewadi,,RSK,Managuli,RSK Managuli,Agriculture Officer,,8277930630,8277930630,RSK Managuli,,VERIFIED_FROM_OFFICIAL_SOURCE,55,5939,RSK Managuli | Agriculture Officer | 8277930630
KA_VIJAYAPURA_BASAVAN_BAGEWADI_5943,Karnataka,Vijayapura,Basavan Bagewadi,,RSK,Kolhar,RSK Kolhar,Agriculture Officer,,8277930639,8277930639,RSK Kolhar,,VERIFIED_FROM_OFFICIAL_SOURCE,56,5943,RSK Kolhar | Agriculture Officer | 8277930639
KA_VIJAYAPURA_BASAVAN_BAGEWADI_5947,Karnataka,Vijayapura,Basavan Bagewadi,,RSK,Huvin Hipparagi,RSK Huvin Hipparagi,Agriculture Officer,,8277934590,8277934590,RSK Huvin Hipparagi,,VERIFIED_FROM_OFFICIAL_SOURCE,57,5947,RSK Huvin Hipparagi | Agriculture Officer | 8277934590
KA_VIJAYAPURA_MUDDEBIHAL_5951,Karnataka,Vijayapura,Muddebihal,,DEPARTMENT_OFFICE,,"Assistant Director of agriculture, Muddebihal",Assistant Director of Agriculture,,8277930641,8277930641,"Assistant Director of agriculture, Muddebihal",,VERIFIED_FROM_OFFICIAL_SOURCE,58,5951,"Assistant Director of agriculture, Muddebihal | Assistant Director of Agriculture | 8277930641"
KA_VIJAYAPURA_TALIKOTI_5955,Karnataka,Vijayapura,Talikoti,,DEPARTMENT_OFFICE,,"Assistant Director of agriculture, Talikoti",Assistant Director of Agriculture,,9513300125,9513300125,"Assistant Director of agriculture, Talikoti",,VERIFIED_FROM_OFFICIAL_SOURCE,59,5955,"Assistant Director of agriculture, Talikoti | Assistant Director of Agriculture | 9513300125"
KA_VIJAYAPURA_MUDDEBIHAL_5959,Karnataka,Vijayapura,Muddebihal,,DEPARTMENT_OFFICE,,"Assistant Director of agriculture, Muddebihal",Agriculture Officer,,8277930642,8277930642,"Assistant Director of agriculture, Muddebihal",,VERIFIED_FROM_OFFICIAL_SOURCE,60,5959,"Assistant Director of agriculture, Muddebihal | Agriculture Officer | 8277930642"
KA_VIJAYAPURA_MUDDEBIHAL_5963,Karnataka,Vijayapura,Muddebihal,,DEPARTMENT_OFFICE,,"Assistant Director of agriculture, Muddebihal",Agriculture Officer,,9739850256,9739850256,"Assistant Director of agriculture, Muddebihal",,VERIFIED_FROM_OFFICIAL_SOURCE,61,5963,"Assistant Director of agriculture, Muddebihal | Agriculture Officer | 9739850256"
KA_VIJAYAPURA_MUDDEBIHAL_5967,Karnataka,Vijayapura,Muddebihal,,RSK,Muddebihal,RSK Muddebihal,Agriculture Officer,,9513300129,9513300129,RSK Muddebihal,,VERIFIED_FROM_OFFICIAL_SOURCE,62,5967,RSK Muddebihal | Agriculture Officer | 9513300129
KA_VIJAYAPURA_MUDDEBIHAL_5971,Karnataka,Vijayapura,Muddebihal,,RSK,Muddebihal,RSK Muddebihal,Agriculture Officer,,8277930661,8277930661,RSK Muddebihal,,VERIFIED_FROM_OFFICIAL_SOURCE,63,5971,RSK Muddebihal | Agriculture Officer | 8277930661
KA_VIJAYAPURA_MUDDEBIHAL_5975,Karnataka,Vijayapura,Muddebihal,,RSK,Dhawalagi,RSK Dhawalagi,Agriculture Officer,,9739850234,9739850234,RSK Dhawalagi,,VERIFIED_FROM_OFFICIAL_SOURCE,64,5975,RSK Dhawalagi | Agriculture Officer | 9739850234
KA_VIJAYAPURA_MUDDEBIHAL_5979,Karnataka,Vijayapura,Muddebihal,,RSK,Nalatawad,RSK Nalatawad,Agriculture Officer,,8884004088,8884004088,RSK Nalatawad,,VERIFIED_FROM_OFFICIAL_SOURCE,65,5979,RSK Nalatawad | Agriculture Officer | 8884004088
KA_VIJAYAPURA_MUDDEBIHAL_5983,Karnataka,Vijayapura,Muddebihal,,RSK,Talikoti,RSK Talikoti,Agriculture Officer,,8277930658,8277930658,RSK Talikoti,,VERIFIED_FROM_OFFICIAL_SOURCE,66,5983,RSK Talikoti | Agriculture Officer | 8277930658
KA_VIJAYAPURA_SINDAGI_5987,Karnataka,Vijayapura,Sindagi,,DEPARTMENT_OFFICE,,"Assistant Director of agriculture, Sindagi",Assistant Director of Agriculture,,8884004273,8884004273,"Assistant Director of agriculture, Sindagi",,VERIFIED_FROM_OFFICIAL_SOURCE,67,5987,"Assistant Director of agriculture, Sindagi | Assistant Director of Agriculture | 8884004273"
KA_VIJAYAPURA_DEVAR_HIPPARAGI_5991,Karnataka,Vijayapura,Devar Hipparagi,,DEPARTMENT_OFFICE,,"Assistant Director of agriculture, Devar Hipparagi",Assistant Director of Agriculture,,9513300135,9513300135,"Assistant Director of agriculture, Devar Hipparagi",,VERIFIED_FROM_OFFICIAL_SOURCE,68,5991,"Assistant Director of agriculture, Devar Hipparagi | Assistant Director of Agriculture | 9513300135"
KA_VIJAYAPURA_ALAMEL_5995,Karnataka,Vijayapura,Alamel,,DEPARTMENT_OFFICE,,"Assistant Director of agriculture, Alamel",Assistant Director of Agriculture,,9513300131,9513300131,"Assistant Director of agriculture, Alamel",,VERIFIED_FROM_OFFICIAL_SOURCE,69,5995,"Assistant Director of agriculture, Alamel | Assistant Director of Agriculture | 9513300131"
KA_VIJAYAPURA_SINDAGI_5999,Karnataka,Vijayapura,Sindagi,,DEPARTMENT_OFFICE,,"Assistant Director of agriculture, Sindagi",Agriculture Officer,,8277930734,8277930734,"Assistant Director of agriculture, Sindagi",,VERIFIED_FROM_OFFICIAL_SOURCE,70,5999,"Assistant Director of agriculture, Sindagi | Agriculture Officer | 8277930734"
KA_VIJAYAPURA_SINDAGI_6003,Karnataka,Vijayapura,Sindagi,,DEPARTMENT_OFFICE,,"Assistant Director of agriculture, Sindagi",Agriculture Officer,,8277930745,8277930745,"Assistant Director of agriculture, Sindagi",,VERIFIED_FROM_OFFICIAL_SOURCE,71,6003,"Assistant Director of agriculture, Sindagi | Agriculture Officer | 8277930745"
KA_VIJAYAPURA_SINDAGI_6007,Karnataka,Vijayapura,Sindagi,,RSK,Sindagi,RSK Sindagi,Agriculture Officer,,8884004174,8884004174,RSK Sindagi,,VERIFIED_FROM_OFFICIAL_SOURCE,72,6007,RSK Sindagi | Agriculture Officer | 8884004174
KA_VIJAYAPURA_SINDAGI_6011,Karnataka,Vijayapura,Sindagi,,RSK,Almel,RSK Almel,Agriculture Officer,,8884004186,8884004186,RSK Almel,,VERIFIED_FROM_OFFICIAL_SOURCE,73,6011,RSK Almel | Agriculture Officer | 8884004186
KA_VIJAYAPURA_SINDAGI_6015,Karnataka,Vijayapura,Sindagi,,RSK,Almel,RSK Almel,Agriculture Officer,,8884004214,8884004214,RSK Almel,,VERIFIED_FROM_OFFICIAL_SOURCE,74,6015,RSK Almel | Agriculture Officer | 8884004214
KA_VIJAYAPURA_SINDAGI_6019,Karnataka,Vijayapura,Sindagi,,RSK,Devar Hippragi,RSK Devar Hippragi,Agriculture Officer,,8884004250,8884004250,RSK Devar Hippragi,,VERIFIED_FROM_OFFICIAL_SOURCE,75,6019,RSK Devar Hippragi | Agriculture Officer | 8884004250
KA_VIJAYAPURA_SINDAGI_6023,Karnataka,Vijayapura,Sindagi,,RSK,Devar Hippragi,RSK Devar Hippragi,Agriculture Officer,,9513300130,9513300130,RSK Devar Hippragi,,VERIFIED_FROM_OFFICIAL_SOURCE,76,6023,RSK Devar Hippragi | Agriculture Officer | 9513300130
KA_VIJAYANAGARA_VIJAYANAGARA_6032,Karnataka,Vijayanagara,Vijayanagara,,DEPARTMENT_OFFICE,,"Joint Director of Agriculture, Vijayanagar",JDA,,8277929660,8277929660,"Joint Director of Agriculture, Vijayanagar",,VERIFIED_FROM_OFFICIAL_SOURCE,1,6032,"Joint Director of Agriculture, Vijayanagar | JDA | 8277929660"
KA_VIJAYANAGARA_VIJAYANAGARA_6036,Karnataka,Vijayanagara,Vijayanagara,,DEPARTMENT_OFFICE,,"Joint Director of Agriculture, Vijayanagar",ADA (HQ),,8277929661,8277929661,"Joint Director of Agriculture, Vijayanagar",,VERIFIED_FROM_OFFICIAL_SOURCE,2,6036,"Joint Director of Agriculture, Vijayanagar | ADA (HQ) | 8277929661"
KA_VIJAYANAGARA_VIJAYANAGARA_6040,Karnataka,Vijayanagara,Vijayanagara,,DEPARTMENT_OFFICE,,"Joint Director of Agriculture, Vijayanagar",ADA (Enforcement),,8277929664,8277929664,"Joint Director of Agriculture, Vijayanagar",,VERIFIED_FROM_OFFICIAL_SOURCE,3,6040,"Joint Director of Agriculture, Vijayanagar | ADA (Enforcement) | 8277929664"
KA_VIJAYANAGARA_VIJAYANAGARA_6044,Karnataka,Vijayanagara,Vijayanagara,,DEPARTMENT_OFFICE,,"Joint Director of Agriculture, Vijayanagar",ADA (M&E),,8277929665,8277929665,"Joint Director of Agriculture, Vijayanagar",,VERIFIED_FROM_OFFICIAL_SOURCE,4,6044,"Joint Director of Agriculture, Vijayanagar | ADA (M&E) | 8277929665"
KA_VIJAYANAGARA_VIJAYANAGARA_6048,Karnataka,Vijayanagara,Vijayanagara,,DEPARTMENT_OFFICE,,"Joint Director of Agriculture, Vijayanagar",AO (Tech),,8277929663,8277929663,"Joint Director of Agriculture, Vijayanagar",,VERIFIED_FROM_OFFICIAL_SOURCE,5,6048,"Joint Director of Agriculture, Vijayanagar | AO (Tech) | 8277929663"
KA_VIJAYANAGARA_VIJAYANAGARA_6052,Karnataka,Vijayanagara,Vijayanagara,,DEPARTMENT_OFFICE,,"Joint Director of Agriculture, Vijayanagar",ADA (SMS),,8884006758,8884006758,"Joint Director of Agriculture, Vijayanagar",,VERIFIED_FROM_OFFICIAL_SOURCE,6,6052,"Joint Director of Agriculture, Vijayanagar | ADA (SMS) | 8884006758"
KA_VIJAYANAGARA_VIJAYANAGARA_6056,Karnataka,Vijayanagara,Vijayanagara,,DEPARTMENT_OFFICE,,"Deputy Director of Agriculture, Hosapete",DDA,,8884006752,8884006752,"Deputy Director of Agriculture, Hosapete",,VERIFIED_FROM_OFFICIAL_SOURCE,7,6056,"Deputy Director of Agriculture, Hosapete | DDA | 8884006752"
KA_VIJAYANAGARA_VIJAYANAGARA_6060,Karnataka,Vijayanagara,Vijayanagara,,DEPARTMENT_OFFICE,,"Deputy Director of Agriculture, Hosapete",AO (Tech),,8884006763,8884006763,"Deputy Director of Agriculture, Hosapete",,VERIFIED_FROM_OFFICIAL_SOURCE,8,6060,"Deputy Director of Agriculture, Hosapete | AO (Tech) | 8884006763"
KA_VIJAYANAGARA_VIJAYANAGARA_6064,Karnataka,Vijayanagara,Vijayanagara,,DEPARTMENT_OFFICE,,"Deputy Director of Agriculture, Hosapete",AO (Tech),,8884007388,8884007388,"Deputy Director of Agriculture, Hosapete",,VERIFIED_FROM_OFFICIAL_SOURCE,9,6064,"Deputy Director of Agriculture, Hosapete | AO (Tech) | 8884007388"
KA_VIJAYANAGARA_HOSAPETE_6068,Karnataka,Vijayanagara,Hosapete,,DEPARTMENT_OFFICE,,"Assistant Director of Agriculture, Hosapete",ADA,,8884007348,8884007348,"Assistant Director of Agriculture, Hosapete",,VERIFIED_FROM_OFFICIAL_SOURCE,10,6068,"Assistant Director of Agriculture, Hosapete | ADA | 8884007348"
KA_VIJAYANAGARA_HOSAPETE_6072,Karnataka,Vijayanagara,Hosapete,,DEPARTMENT_OFFICE,,"Assistant Director of Agriculture, Hosapete",AO (Tech),,8884007360,8884007360,"Assistant Director of Agriculture, Hosapete",,VERIFIED_FROM_OFFICIAL_SOURCE,11,6072,"Assistant Director of Agriculture, Hosapete | AO (Tech) | 8884007360"
KA_VIJAYANAGARA_HOSAPETE_6076,Karnataka,Vijayanagara,Hosapete,,DEPARTMENT_OFFICE,,"Assistant Director of Agriculture, Hosapete",AO,,8884007409,8884007409,"Assistant Director of Agriculture, Hosapete",,VERIFIED_FROM_OFFICIAL_SOURCE,12,6076,"Assistant Director of Agriculture, Hosapete | AO | 8884007409"
KA_VIJAYANAGARA_HOSAPETE_6080,Karnataka,Vijayanagara,Hosapete,,DEPARTMENT_OFFICE,,"Assistant Director of Agriculture, Hosapete",AO,,8884007417,8884007417,"Assistant Director of Agriculture, Hosapete",,VERIFIED_FROM_OFFICIAL_SOURCE,13,6080,"Assistant Director of Agriculture, Hosapete | AO | 8884007417"
KA_VIJAYANAGARA_KUDLIGI_6084,Karnataka,Vijayanagara,Kudligi,,DEPARTMENT_OFFICE,,"Assistant Director of Agriculture, Kudligi",ADA,,8884007247,8884007247,"Assistant Director of Agriculture, Kudligi",,VERIFIED_FROM_OFFICIAL_SOURCE,14,6084,"Assistant Director of Agriculture, Kudligi | ADA | 8884007247"
KA_VIJAYANAGARA_KUDLIGI_6088,Karnataka,Vijayanagara,Kudligi,,DEPARTMENT_OFFICE,,"Assistant Director of Agriculture, Kudligi",AO,,8884007248,8884007248,"Assistant Director of Agriculture, Kudligi",,VERIFIED_FROM_OFFICIAL_SOURCE,15,6088,"Assistant Director of Agriculture, Kudligi | AO | 8884007248"
KA_VIJAYANAGARA_KUDLIGI_6092,Karnataka,Vijayanagara,Kudligi,,DEPARTMENT_OFFICE,,"Assistant Director of Agriculture, Kudligi",AO,,8884007249,8884007249,"Assistant Director of Agriculture, Kudligi",,VERIFIED_FROM_OFFICIAL_SOURCE,16,6092,"Assistant Director of Agriculture, Kudligi | AO | 8884007249"
KA_VIJAYANAGARA_KUDLIGI_6096,Karnataka,Vijayanagara,Kudligi,,RSK,"Gudekote, ADA Kudligi","RSK Gudekote, ADA Kudligi",AO,,8884007259,8884007259,"RSK, Gudekote, ADA Kudligi",,VERIFIED_FROM_OFFICIAL_SOURCE,17,6096,"RSK, Gudekote, ADA Kudligi | AO | 8884007259"
KA_VIJAYANAGARA_KUDLIGI_6100,Karnataka,Vijayanagara,Kudligi,,RSK,"Kotturu, ADA Kudligi","RSK Kotturu, ADA Kudligi",AO,,8884007302,8884007302,"RSK, Kotturu, ADA Kudligi",,VERIFIED_FROM_OFFICIAL_SOURCE,18,6100,"RSK, Kotturu, ADA Kudligi | AO | 8884007302"
KA_VIJAYANAGARA_KUDLIGI_6104,Karnataka,Vijayanagara,Kudligi,,RSK,"Kotturu, ADA Kudligi","RSK Kotturu, ADA Kudligi",AO,,8884007307,8884007307,"RSK, Kotturu, ADA Kudligi",,VERIFIED_FROM_OFFICIAL_SOURCE,19,6104,"RSK, Kotturu, ADA Kudligi | AO | 8884007307"
KA_VIJAYANAGARA_KUDLIGI_6108,Karnataka,Vijayanagara,Kudligi,,RSK,"Kotturu, ADA Kudligi","RSK Kotturu, ADA Kudligi",AO,,8884007308,8884007308,"RSK, Kotturu, ADA Kudligi",,VERIFIED_FROM_OFFICIAL_SOURCE,20,6108,"RSK, Kotturu, ADA Kudligi | AO | 8884007308"
KA_VIJAYANAGARA_KUDLIGI_6112,Karnataka,Vijayanagara,Kudligi,,RSK,"Kudligi, ADA Kudligi","RSK Kudligi, ADA Kudligi",AO,,8884007309,8884007309,"RSK Kudligi, ADA Kudligi",,VERIFIED_FROM_OFFICIAL_SOURCE,21,6112,"RSK Kudligi, ADA Kudligi | AO | 8884007309"
KA_VIJAYANAGARA_KUDLIGI_6116,Karnataka,Vijayanagara,Kudligi,,RSK,"Kudligi, ADA Kudligi","RSK Kudligi, ADA Kudligi",AO,,8884007310,8884007310,"RSK Kudligi, ADA Kudligi",,VERIFIED_FROM_OFFICIAL_SOURCE,22,6116,"RSK Kudligi, ADA Kudligi | AO | 8884007310"
KA_VIJAYANAGARA_KUDLIGI_6120,Karnataka,Vijayanagara,Kudligi,,RSK,"Kudligi, ADA Kudligi","RSK Kudligi, ADA Kudligi",AO,,8884007327,8884007327,"RSK Kudligi, ADA Kudligi",,VERIFIED_FROM_OFFICIAL_SOURCE,23,6120,"RSK Kudligi, ADA Kudligi | AO | 8884007327"
KA_VIJAYANAGARA_HADAGALI_6124,Karnataka,Vijayanagara,Hadagali,,DEPARTMENT_OFFICE,,"Assistant Director of Agriculture, Hadagali",ADA,,8884006917,8884006917,"Assistant Director of Agriculture, Hadagali",,VERIFIED_FROM_OFFICIAL_SOURCE,24,6124,"Assistant Director of Agriculture, Hadagali | ADA | 8884006917"
KA_VIJAYANAGARA_HADAGALI_6128,Karnataka,Vijayanagara,Hadagali,,RSK,"Hadagali, ADA Hadagali","RSK Hadagali, ADA Hadagali",AO,,8884006937,8884006937,"RSK, Hadagali, ADA Hadagali",,VERIFIED_FROM_OFFICIAL_SOURCE,25,6128,"RSK, Hadagali, ADA Hadagali | AO | 8884006937"
KA_VIJAYANAGARA_HADAGALI_6132,Karnataka,Vijayanagara,Hadagali,,RSK,"Hirehadagli, ADA Hadagali","RSK Hirehadagli, ADA Hadagali",AO,,8884006963,8884006963,"RSK, Hirehadagli, ADA Hadagali",,VERIFIED_FROM_OFFICIAL_SOURCE,26,6132,"RSK, Hirehadagli, ADA Hadagali | AO | 8884006963"
KA_VIJAYANAGARA_HADAGALI_6136,Karnataka,Vijayanagara,HAdagali,,RSK,"Ittigi, ADA HAdagali","RSK Ittigi, ADA HAdagali",AO,,8884006987,8884006987,"RSK, Ittigi, ADA HAdagali",,VERIFIED_FROM_OFFICIAL_SOURCE,27,6136,"RSK, Ittigi, ADA HAdagali | AO | 8884006987"
KA_VIJAYANAGARA_HAGARIBOMMANAHALLI_6140,Karnataka,Vijayanagara,Hagaribommanahalli,,DEPARTMENT_OFFICE,,"Assistant Director of Agriculture, Hagaribommanahalli",ADA,,8884006783,8884006783,"Assistant Director of Agriculture, Hagaribommanahalli",,VERIFIED_FROM_OFFICIAL_SOURCE,28,6140,"Assistant Director of Agriculture, Hagaribommanahalli | ADA | 8884006783"
KA_VIJAYANAGARA_HAGARIBOMMANAHALLI_6144,Karnataka,Vijayanagara,Hagaribommanahalli,,DEPARTMENT_OFFICE,,"Assistant Director of Agriculture, Hagaribommanahalli",AO,,9071746309,9071746309,"Assistant Director of Agriculture, Hagaribommanahalli",,VERIFIED_FROM_OFFICIAL_SOURCE,29,6144,"Assistant Director of Agriculture, Hagaribommanahalli | AO | 9071746309"
KA_VIJAYANAGARA_HAGARIBOMMANAHALLI_6148,Karnataka,Vijayanagara,Hagaribommanahalli,,DEPARTMENT_OFFICE,,"Assistant Director of Agriculture, Hagaribommanahalli",AO,,9071746310,9071746310,"Assistant Director of Agriculture, Hagaribommanahalli",,VERIFIED_FROM_OFFICIAL_SOURCE,30,6148,"Assistant Director of Agriculture, Hagaribommanahalli | AO | 9071746310"
KA_VIJAYANAGARA_HAGARIBOMMANAHALLI_6152,Karnataka,Vijayanagara,Hagaribommanahalli,,RSK,"Hampasagara, ADA Hagaribommanahalli","RSK Hampasagara, ADA Hagaribommanahalli",AO,,8884006784,8884006784,"RSK, Hampasagara, ADA Hagaribommanahalli",,VERIFIED_FROM_OFFICIAL_SOURCE,31,6152,"RSK, Hampasagara, ADA Hagaribommanahalli | AO | 8884006784"
KA_VIJAYANAGARA_HAGARIBOMMANAHALLI_6156,Karnataka,Vijayanagara,Hagaribommanahalli,,RSK,"Kogali, ADA Hagaribommanahalli","RSK Kogali, ADA Hagaribommanahalli",AO,,8884006815,8884006815,"RSK, Kogali, ADA Hagaribommanahalli",,VERIFIED_FROM_OFFICIAL_SOURCE,32,6156,"RSK, Kogali, ADA Hagaribommanahalli | AO | 8884006815"
KA_VIJAYANAGARA_HAGARIBOMMANAHALLI_6160,Karnataka,Vijayanagara,Hagaribommanahalli,,RSK,"Tambarahalli, ADA Hagaribommanahalli","RSK Tambarahalli, ADA Hagaribommanahalli",AO,,8884006826,8884006826,"RSK, Tambarahalli, ADA Hagaribommanahalli",,VERIFIED_FROM_OFFICIAL_SOURCE,33,6160,"RSK, Tambarahalli, ADA Hagaribommanahalli | AO | 8884006826"
KA_VIJAYANAGARA_HAGARIBOMMANAHALLI_6164,Karnataka,Vijayanagara,Hagaribommanahalli,,RSK,"Tambarahalli, ADA Hagaribommanahalli","RSK Tambarahalli, ADA Hagaribommanahalli",AO,,8884006906,8884006906,"RSK, Tambarahalli, ADA Hagaribommanahalli",,VERIFIED_FROM_OFFICIAL_SOURCE,34,6164,"RSK, Tambarahalli, ADA Hagaribommanahalli | AO | 8884006906"
KA_VIJAYANAGARA_HAGARIBOMMANAHALLI_6168,Karnataka,Vijayanagara,Hagaribommanahalli,,DEPARTMENT_OFFICE,,"Assistant Director of Agriculture, Hagaribommanahalli",AO,,8884007346,8884007346,"Assistant Director of Agriculture, Hagaribommanahalli",,VERIFIED_FROM_OFFICIAL_SOURCE,35,6168,"Assistant Director of Agriculture, Hagaribommanahalli | AO | 8884007346"
KA_VIJAYANAGARA_HAPANAHALLI_6172,Karnataka,Vijayanagara,Hapanahalli,,DEPARTMENT_OFFICE,,"Assistant Director of Agriculture, Hapanahalli",ADA,,8884007016,8884007016,"Assistant Director of Agriculture, Hapanahalli",,VERIFIED_FROM_OFFICIAL_SOURCE,36,6172,"Assistant Director of Agriculture, Hapanahalli | ADA | 8884007016"
KA_VIJAYANAGARA_HAPANAHALLI_6176,Karnataka,Vijayanagara,Hapanahalli,,DEPARTMENT_OFFICE,,"Assistant Director of Agriculture, Hapanahalli",AO,,8884007018,8884007018,"Assistant Director of Agriculture, Hapanahalli",,VERIFIED_FROM_OFFICIAL_SOURCE,37,6176,"Assistant Director of Agriculture, Hapanahalli | AO | 8884007018"
KA_VIJAYANAGARA_HARAPANAHALLI_6180,Karnataka,Vijayanagara,Harapanahalli,,RSK,"Chigateri, ADA Harapanahalli","RSK Chigateri, ADA Harapanahalli",AO,,8884007066,8884007066,"RSK, Chigateri, ADA Harapanahalli",,VERIFIED_FROM_OFFICIAL_SOURCE,38,6180,"RSK, Chigateri, ADA Harapanahalli | AO | 8884007066"
KA_VIJAYANAGARA_HARAPANAHALLI_6184,Karnataka,Vijayanagara,Harapanahalli,,RSK,"Chigateri, ADA Harapanahalli","RSK Chigateri, ADA Harapanahalli",AO,,8884007163,8884007163,"RSK, Chigateri, ADA Harapanahalli",,VERIFIED_FROM_OFFICIAL_SOURCE,39,6184,"RSK, Chigateri, ADA Harapanahalli | AO | 8884007163"
KA_VIJAYANAGARA_HARAPANAHALLI_6188,Karnataka,Vijayanagara,Harapanahalli,,RSK,"Chigateri, ADA Harapanahalli","RSK Chigateri, ADA Harapanahalli",AO,,8884007168,8884007168,"RSK, Chigateri, ADA Harapanahalli",,VERIFIED_FROM_OFFICIAL_SOURCE,40,6188,"RSK, Chigateri, ADA Harapanahalli | AO | 8884007168"
KA_VIJAYANAGARA_HARAPANAHALLI_6192,Karnataka,Vijayanagara,Harapanahalli,,RSK,"Arasikere, ADA Harapanahalli","RSK Arasikere, ADA Harapanahalli",AO,,8884007195,8884007195,"RSK, Arasikere, ADA Harapanahalli",,VERIFIED_FROM_OFFICIAL_SOURCE,41,6192,"RSK, Arasikere, ADA Harapanahalli | AO | 8884007195"
KA_VIJAYANAGARA_HARAPANAHALLI_6196,Karnataka,Vijayanagara,Harapanahalli,,RSK,"Telagi, ADA Harapanahalli","RSK Telagi, ADA Harapanahalli",AO,,8884007213,8884007213,"RSK, Telagi, ADA Harapanahalli",,VERIFIED_FROM_OFFICIAL_SOURCE,42,6196,"RSK, Telagi, ADA Harapanahalli | AO | 8884007213"
KA_VIJAYANAGARA_HARAPANAHALLI_6200,Karnataka,Vijayanagara,Harapanahalli,,RSK,"Telagi, ADA Harapanahalli","RSK Telagi, ADA Harapanahalli",AO,,8884007241,8884007241,"RSK, Telagi, ADA Harapanahalli",,VERIFIED_FROM_OFFICIAL_SOURCE,43,6200,"RSK, Telagi, ADA Harapanahalli | AO | 8884007241"
KA_VIJAYANAGARA_HARAPANAHALLI_6204,Karnataka,Vijayanagara,Harapanahalli,,RSK,"Telagi, ADA Harapanahalli","RSK Telagi, ADA Harapanahalli",AO,,8884007243,8884007243,"RSK Telagi, ADA Harapanahalli",,VERIFIED_FROM_OFFICIAL_SOURCE,44,6204,"RSK Telagi, ADA Harapanahalli | AO | 8884007243"
KA_YADGIR_YADGIR_6213,Karnataka,Yadgir,Yadgir,,DEPARTMENT_OFFICE,,Yadgir,Joint Director Of Agriculuture,,8277933400,8277933400,Yadgir,,VERIFIED_FROM_OFFICIAL_SOURCE,1,6213,Yadgir | Joint Director Of Agriculuture | 8277933400
KA_YADGIR_YADGIR_6217,Karnataka,Yadgir,Yadgir,,DEPARTMENT_OFFICE,,Yadgir,Deputy Director Of Agriculture,,8277933401,8277933401,Yadgir,,VERIFIED_FROM_OFFICIAL_SOURCE,2,6217,Yadgir | Deputy Director Of Agriculture | 8277933401
KA_YADGIR_YADGIR_6221,Karnataka,Yadgir,Yadgir,,DEPARTMENT_OFFICE,,Yadgir,Assistant Dirctor Of Agriculture (SMS),,8277933404,8277933404,Yadgir,,VERIFIED_FROM_OFFICIAL_SOURCE,3,6221,Yadgir | Assistant Dirctor Of Agriculture (SMS) | 8277933404
KA_YADGIR_YADGIR_6225,Karnataka,Yadgir,Yadgir,,DEPARTMENT_OFFICE,,Yadgir,Agriculture Officer (T.O-1) JDA Office Yadgir,,8884006192,8884006192,Yadgir,,VERIFIED_FROM_OFFICIAL_SOURCE,4,6225,Yadgir | Agriculture Officer (T.O-1) JDA Office Yadgir | 8884006192
KA_YADGIR_YADGIR_6229,Karnataka,Yadgir,Yadgir,,DEPARTMENT_OFFICE,,Yadgir,Agriculture Officer (T.O-1) DDA Office Yadgir,,,,Yadgir,,VERIFIED_FROM_OFFICIAL_SOURCE,5,6229,Yadgir | Agriculture Officer (T.O-1) DDA Office Yadgir
KA_YADGIR_YADGIR_6232,Karnataka,Yadgir,Yadgir,,DEPARTMENT_OFFICE,,Yadgir,Agriculture Officer (T.O-2) DDA Office Yadgir,,,,Yadgir,,VERIFIED_FROM_OFFICIAL_SOURCE,5,6232,Yadgir | Agriculture Officer (T.O-2) DDA Office Yadgir
KA_YADGIR_YADGIR_6235,Karnataka,Yadgir,Yadgir,,DEPARTMENT_OFFICE,,Shahapur,"Assistant Dirctor Of Agriculture, Shahapur",,8277933428,8277933428,Shahapur,,VERIFIED_FROM_OFFICIAL_SOURCE,6,6235,"Shahapur | Assistant Dirctor Of Agriculture, Shahapur | 8277933428"
KA_YADGIR_YADGIR_6239,Karnataka,Yadgir,Yadgir,,DEPARTMENT_OFFICE,,Shahapur,Agriculture Officer (T.O-1) ADA Office Shahapur,,8277933429,8277933429,Shahapur,,VERIFIED_FROM_OFFICIAL_SOURCE,7,6239,Shahapur | Agriculture Officer (T.O-1) ADA Office Shahapur | 8277933429
KA_YADGIR_YADGIR_6243,Karnataka,Yadgir,Yadgir,,RSK,Shahapur,RSK Shahapur,"Agriculture Officer, RSK Shahapur",,8884006227,8884006227,Shahapur,,VERIFIED_FROM_OFFICIAL_SOURCE,8,6243,"Shahapur | Agriculture Officer, RSK Shahapur | 8884006227"
KA_YADGIR_YADGIR_6247,Karnataka,Yadgir,Yadgir,,RSK,Shahapur,RSK Shahapur,"Agriculture Officer, RSK Shahapur",,,,Shahapur,,VERIFIED_FROM_OFFICIAL_SOURCE,9,6247,"Shahapur | Agriculture Officer, RSK Shahapur"
KA_YADGIR_YADGIR_6250,Karnataka,Yadgir,Yadgir,,RSK,Shahapur,RSK Shahapur,"Agriculture Officer, RSK Doranhalli",,8277935672,8277935672,Shahapur,,VERIFIED_FROM_OFFICIAL_SOURCE,10,6250,"Shahapur | Agriculture Officer, RSK Doranhalli | 8277935672"
KA_YADGIR_YADGIR_6254,Karnataka,Yadgir,Yadgir,,RSK,Shahapur,RSK Shahapur,"Agriculture Officer, RSK Haiyyal",,8277935674,8277935674,Shahapur,,VERIFIED_FROM_OFFICIAL_SOURCE,11,6254,"Shahapur | Agriculture Officer, RSK Haiyyal | 8277935674"
KA_YADGIR_YADGIR_6258,Karnataka,Yadgir,Yadgir,,RSK,Shahapur,RSK Shahapur,"Agriculture Officer, RSK Gogi",,8277935671,8277935671,Shahapur,,VERIFIED_FROM_OFFICIAL_SOURCE,12,6258,"Shahapur | Agriculture Officer, RSK Gogi | 8277935671"
KA_YADGIR_YADGIR_6262,Karnataka,Yadgir,Yadgir,,RSK,Shahapur,RSK Shahapur,"Agriculture Officer, RSK Wadagera",,8277935675,8277935675,Shahapur,,VERIFIED_FROM_OFFICIAL_SOURCE,13,6262,"Shahapur | Agriculture Officer, RSK Wadagera | 8277935675"
KA_YADGIR_YADGIR_6266,Karnataka,Yadgir,Yadgir,,RSK,Shahapur,RSK Shahapur,"Agriculture Officer, RSK Wadagera",,8277933415,8277933415,Shahapur,,VERIFIED_FROM_OFFICIAL_SOURCE,14,6266,"Shahapur | Agriculture Officer, RSK Wadagera | 8277933415"
KA_YADGIR_YADGIR_6270,Karnataka,Yadgir,Yadgir,,DEPARTMENT_OFFICE,,Shorapur,"Assistant Director Of Agriculuture, Shorapur",,8277933428,8277933428,Shorapur,,VERIFIED_FROM_OFFICIAL_SOURCE,15,6270,"Shorapur | Assistant Director Of Agriculuture, Shorapur | 8277933428"
KA_YADGIR_YADGIR_6274,Karnataka,Yadgir,Yadgir,,DEPARTMENT_OFFICE,,Shorapur,Agriculture Officer (T.O-1) JDA Office Shorapur,,,,Shorapur,,VERIFIED_FROM_OFFICIAL_SOURCE,16,6274,Shorapur | Agriculture Officer (T.O-1) JDA Office Shorapur
KA_YADGIR_YADGIR_6277,Karnataka,Yadgir,Yadgir,,DEPARTMENT_OFFICE,,Shorapur,Agriculture Officer (T.O-2) JDA Office Shorapur,,8277933429,8277933429,Shorapur,,VERIFIED_FROM_OFFICIAL_SOURCE,17,6277,Shorapur | Agriculture Officer (T.O-2) JDA Office Shorapur | 8277933429
KA_YADGIR_YADGIR_6281,Karnataka,Yadgir,Yadgir,,RSK,Shorapur,RSK Shorapur,"Assistant Agriculture Officer, RSK Shorapur",,8277935670,8277935670,Shorapur,,VERIFIED_FROM_OFFICIAL_SOURCE,18,6281,"Shorapur | Assistant Agriculture Officer, RSK Shorapur | 8277935670"
KA_YADGIR_YADGIR_6285,Karnataka,Yadgir,Yadgir,,RSK,Shorapur,RSK Shorapur,"Agriculture Officer, RSK Kembhavi",,8277933423,8277933423,Shorapur,,VERIFIED_FROM_OFFICIAL_SOURCE,19,6285,"Shorapur | Agriculture Officer, RSK Kembhavi | 8277933423"
KA_YADGIR_YADGIR_6289,Karnataka,Yadgir,Yadgir,,RSK,Shorapur,RSK Shorapur,"Agriculture Officer, RSK Kakkera",,8227933440,8227933440,Shorapur,,VERIFIED_FROM_OFFICIAL_SOURCE,20,6289,"Shorapur | Agriculture Officer, RSK Kakkera | 8227933440"
KA_YADGIR_YADGIR_6293,Karnataka,Yadgir,Yadgir,,RSK,Shorapur,RSK Shorapur,"Agriculture Officer, RSK Hunasagi",,8227933436,8227933436,Shorapur,,VERIFIED_FROM_OFFICIAL_SOURCE,21,6293,"Shorapur | Agriculture Officer, RSK Hunasagi | 8227933436"
KA_YADGIR_YADGIR_6297,Karnataka,Yadgir,Yadgir,,RSK,Shorapur,RSK Shorapur,"Agriculture Officer, RSK Kodekal",,8227933445,8227933445,Shorapur,,VERIFIED_FROM_OFFICIAL_SOURCE,22,6297,"Shorapur | Agriculture Officer, RSK Kodekal | 8227933445"
KA_YADGIR_YADGIR_6301,Karnataka,Yadgir,Yadgir,,DEPARTMENT_OFFICE,,Yadgir,"Assistant Director Of Agriculuture, Yadgir",,8884006095,8884006095,Yadgir,,VERIFIED_FROM_OFFICIAL_SOURCE,23,6301,"Yadgir | Assistant Director Of Agriculuture, Yadgir | 8884006095"
KA_YADGIR_YADGIR_6305,Karnataka,Yadgir,Yadgir,,RSK,Yadgir,RSK Yadgir,"Agriculture Officer, RSK Yadgir",,8277935661,8277935661,Yadgir,,VERIFIED_FROM_OFFICIAL_SOURCE,24,6305,"Yadgir | Agriculture Officer, RSK Yadgir | 8277935661"
KA_YADGIR_YADGIR_6309,Karnataka,Yadgir,Yadgir,,RSK,Yadgir,RSK Yadgir,"Agriculture Officer, RSK Hattikuni",,8277935663,8277935663,Yadgir,,VERIFIED_FROM_OFFICIAL_SOURCE,25,6309,"Yadgir | Agriculture Officer, RSK Hattikuni | 8277935663"
KA_YADGIR_YADGIR_6313,Karnataka,Yadgir,Yadgir,,RSK,Yadgir,RSK Yadgir,"Agriculture Officer, RSK Balichakra",,8277935666,8277935666,Yadgir,,VERIFIED_FROM_OFFICIAL_SOURCE,26,6313,"Yadgir | Agriculture Officer, RSK Balichakra | 8277935666"
KA_YADGIR_YADGIR_6317,Karnataka,Yadgir,Yadgir,,RSK,Yadgir,RSK Yadgir,"Agriculture Officer, RSK Konkal",,8884006239,8884006239,Yadgir,,VERIFIED_FROM_OFFICIAL_SOURCE,27,6317,"Yadgir | Agriculture Officer, RSK Konkal | 8884006239"
KA_YADGIR_YADGIR_6321,Karnataka,Yadgir,Yadgir,,RSK,Yadgir,RSK Yadgir,"Agriculture Officer, RSK Gurumitkal",,8884006219,8884006219,Yadgir,,VERIFIED_FROM_OFFICIAL_SOURCE,28,6321,"Yadgir | Agriculture Officer, RSK Gurumitkal | 8884006219"
KA_YADGIR_YADGIR_6325,Karnataka,Yadgir,Yadgir,,RSK,Yadgir,RSK Yadgir,"Agriculture Officer, RSK Saidapur",,8277935665,8277935665,Yadgir,,VERIFIED_FROM_OFFICIAL_SOURCE,29,6325,"Yadgir | Agriculture Officer, RSK Saidapur | 8277935665"
